key,ko
TOTAL_TIME,걸린시간ㅋ
DISCLAIMER1,이 게임은 무료 팬게임입니다.\n\n캡콤이랑 아무 관련 없습니다 ㅋㅋ 고소하지 마세요 제발\n\n록맨 X는 캡콤 소유입니다.\n공식 게임도 사주세요 제발요!
MADE_BY,혼자 다 만든 사람:
INSPIRED_BY,영감을 준 분:
SPECIALTHANKSTEXT,이 모드는 Zashiko가 만들었습니다\n\n디컴파일은 pirate가 했습니다\n게임 터보 장착: Rafael Setragni & 클로드 (AI)\n\n모드 기여자분들과 테스터분들 감사합니다.\n재번역: ElevenSSF2 (Mint)
16-BIT_TITLE,16비트 카트리지에 넣을 수 있다고요 ㄹㅇ
OPTIONS_START,이것저것 만지기
KEYCFG_START,키 설정 ㅋ
GAME_START,시작하자 ㄱㄱ
GAME_START_NORMAL,보통 난이도
GAME_START_ROOKIE,아기모드 ㅋㅋ
GAME_START_HARD,이게 현실이다
GAME_START_INSANITY,야 진심이야?
GAME_START_NINJA,꿈을 버리고 죽어라!
LOAD_GAME,세이브 불러오기
ON_VALUE,켜짐
ON_VALUE_B,대체
OFF_VALUE,꺼짐
EXIT_BUTTON,튀자
ARMORSETUP_TITLE,패션의 완성은 갑옷
LOADOUT_DISC,3개 골라봐 ㅋ
DEFAULTHEAD_NAME,기본 뿔
DEFAULTHEAD_DISC,기본 파츠임.
DEFAULTBODY_NAME,기본 몸통
DEFAULTBODY_DISC,기본 파츠임.
DEFAULTARMS_NAME,기본 팔
DEFAULTARMS_DISC,기본 파츠임.
DEFAULTLEGS_NAME,기본 발
DEFAULTLEGS_DISC,기본 파츠. 에어대시 가능.
HERMESHEAD_NAME,헤르메스 뿔 H
HERMESHEAD_DISC,차지샷 존나 빨라짐 ㅋ
HERMESBODY_NAME,헤르메스 몸통 H
HERMESBODY_DISC,때리면 체력 회복됨 ㅋㅋ
HERMESARMS_NAME,버스터 H
HERMESARMS_DISC,특수무기 탄약 무한 ㄷㄷ
HERMESLEGS_NAME,신발 H
HERMESLEGS_DISC,대시 중 무적 ㅋㅋㅋ
ICARUSHEAD_NAME,이카루스 뿔 I
ICARUSHEAD_DISC,점프하면 주변에 데미지 ㅋ
ICARUSBODY_NAME,이카루스 몸통 I
ICARUSBODY_DISC,넉백 안 당함 ㄷㄷ
ICARUSARMS_NAME,버스터 I
ICARUSARMS_DISC,차지샷 탄약 무한 ㅋ
ICARUSLEGS_NAME,신발 I
ICARUSLEGS_DISC,하이점프 & 에어대시 2번.
ULTIMATEHEAD_NAME,얼티밋 뿔 U
ULTIMATEHEAD_DISC,점프데미지 + 빠른 차지.
ULTIMATEBODY_NAME,얼티밋 몸통 U
ULTIMATEBODY_DISC,넉백 안 당하고 때리면 힐됨.
ULTIMATEARMS_NAME,얼티밋 버스터
ULTIMATEARMS_DISC,탄약 소모 없음 ㄹㅇ사기
ULTIMATELEGS_NAME,얼티밋 신발 U
ULTIMATELEGS_DISC,이동성 갓벽 & 무적대시.
AXLNORMAL_NAME,검정
AXLNORMAL_DISC,딱히 특별한 거 없음.
AXLWHITE_NAME,???
AXLWHITE_DISC,전체적으로 버프됨.
TANK_ABV,서브탱
OPTIONS_ABV,옵션
KEYCFG_ABV,키설정
ACHIEV_ABV,업적
X_WPNMENU,레몬샷
SUNFLOWER_WPNMENU,해바라기방패
ANTONION_WPNMENU,개미폭탄
MANTIS_WPNMENU,다크화살
MANOWAR_WPNMENU,번개춤
PANDA_WPNMENU,펑!
TRILOBYTE_WPNMENU,돌멩이
YETI_WPNMENU,빙수!
ROOSTER_WPNMENU,치킨
AXL_WPNMENU,총알세례
SUNFLOWER_AXL_WPNMENU,레이건
ANTONION_AXL_WPNMENU,나선권총
MANTIS_AXL_WPNMENU,중2병 화살
MANOWAR_AXL_WPNMENU,플라즈마건
PANDA_AXL_WPNMENU,폭발런처
TRILOBYTE_AXL_WPNMENU,탱탱볼
YETI_AXL_WPNMENU,얼음빙빙
ROOSTER_AXL_WPNMENU,불닭소스
SUNFLOWER_ZERO_WPNMENU,텐쇼하!!!
ANTONION_ZERO_WPNMENU,쥬하잔
MANTIS_ZERO_WPNMENU,라셋센
MANOWAR_ZERO_WPNMENU,라이코센
PANDA_ZERO_WPNMENU,요단토츠
TRILOBYTE_ZERO_WPNMENU,렉쿄단
YETI_ZERO_WPNMENU,효류쇼
ROOSTER_ZERO_WPNMENU,엔코진
SUNFLOWER_ZERO_DISC,아래 + 공격2
ANTONION_ZERO_DISC,공격2
MANTIS_ZERO_DISC,공격2 (공중)
MANOWAR_ZERO_DISC,대시 + 공격2
PANDA_ZERO_DISC,좌/우 + 공격2
TRILOBYTE_ZERO_DISC,패시브 ㅋ
YETI_ZERO_DISC,위 + 공격2
ROOSTER_ZERO_DISC,아래 + 공격2 (공중)
ZERO_WPNMENU,후하후!
BFAN_WPNMENU,부채질
DGLAIVE_WPNMENU,큰창
TBREAKER_WPNMENU,피코피코해머
KKNUCKLE_WPNMENU,너클즈
VHANGER_WPNMENU,하르피아
SIGMABLADE_WPNMENU,시그마칼
YOUGOT_TITLE,겟또다제!
SUNFLOWER_WEAPON,해바라기방패
ANTONION_WEAPON,개미폭탄
MANTIS_WEAPON,다크화살
MANOWAR_WEAPON,번개춤
PANDA_WEAPON,펑!
TRILOBYTE_WEAPON,돌멩이
YETI_WEAPON,빙수!
ROOSTER_WEAPON,치킨
OPTIONS_TITLE,건드리면 큰일남
LANGUAGE_OPTION,언어
BOSS_REMIX_OPTION,보스 리믹스
REMIX_OPTION,16비트 리믹스
DT_DASH_OPTION,더블탭 대시 (격겜 아님)
SKIP_DIAG_OPTION,대사 스킵 (읽기 싫으면)
CHARGE_OPTION,차지 이펙트 끄기
ACHIEV_OPTION,업적 보기
MUSIC_OPTION,음악 볼륨 최대로 ㄱ
SOUND_OPTION,효과음
VSync,VSync 이거 뭐임
FPS_OPTION,니 컴퓨터 버티나 보자
FPS_PHYSICS_OPTION,물리 FPS
FPS_UNCAPPED,제한없음
WSIZE_OPTION,창 크기
FULLSCREEN_OPTION,전체화면
STRETCH_OPTION,화면 늘리기
STRETCH_OPTION_VIEWPORT,안 보간
STRETCH_OPTION_2D,보간됨
CRT_OPTION,브라운관 필터
LIGHT_VALUE,약하게
STRONG_VALUE,쌔게ㅋ
DEBUG_OPTION,치트 쓸 거지? ㅋ
SHOWIGT_OPTION,타임어택임?
GATEWAYSKIP_OPTION,게이트웨이 스킵
ASPECT_OPTION,화면비율
IGNORE_VALUE,늘리기
KEEP_VALUE,유지
KEYCFG_TITLE,대시는 A에 둬라
EXIT_MAINMENU,타이틀로 돌아가기
ACTION_CTG,행동
KEYBOARD_CTG,키보드
JOYPAD_CTG,패드
LEFT_ACT,왼쪽
RIGHT_ACT,오른쪽
NEWGAME_OPTION,뉴게임+ ㄱ?
CLEARSAVE_OPTION,세이브 날리기
CLEARSAVE_CONFIRM,진짜 날릴 거임? 한번 더 누르셈
RESET_ACHIEV,업적 초기화
CLEARSAVE_CONFIRM,진짜 날릴 거임? 한번 더 누르셈
RESET_ACHIEV_FINISHED,업적 다 날아감 ㅋㅋㅋㅋ
UP_ACT,위
DOWN_ACT,아래
SHOT_ACT,공격
SHOT2_ACT,공격2
JUMP_ACT,점프
DASH_ACT,대시
ARMORABILITY_ACT,아머능력
PREV_ACT,이전 무기
NEXT_ACT,다음 무기
PAUSE_ACT,일시정지
CONFIRM_ACT,확인
WPNLEFT_ACT,휠 왼쪽
WPNRIGHT_ACT,휠 오른쪽
WPNUP_ACT,휠 위
WPNDOWN_ACT,휠 아래
WPNRESET_ACT,레몬샷 선택
ACHIEV_SCREEN_TITLE,업적이지 트로피 아님
ACHIEVEMENTSUNLOCKED,업적 달성!
DEBUGACHIEVTITLE,잠긴 업적...
DEBUGACHIEVDISC,디버그 모드 썼네 ㅋㅋ
BEATINTRO_DISC,노아공원 보스 클리어.
BEATINTRO_TITLE,반갑다 오랜만이야
COLLECTALLHEARTS_DISC,하트탱크 올 수집.
COLLECTALLHEARTS_TITLE,하트 헌터
COLLECTALLSUBTANKS_DISC,서브탱크 올 수집.
COLLECTALLSUBTANKS_TITLE,물약 수집가
COLLECTFULLHERMES_DISC,헤르메스 아머 올 수집.
COLLECTFULLHERMES_TITLE,소울 이레이저
COLLECTFULLICARUS_DISC,이카루스 아머 올 수집.
COLLECTFULLICARUS_TITLE,커맨드 미션
SURFEDONMISSILE_DISC,미사일 위에서 6초 서핑함 ㅋㅋ
SURFEDONMISSILE_TITLE,미사일 서퍼
DEFEATEDALL_DISC,8보스 올 격파.
DEFEATEDALL_TITLE,궤도 엘리베이터
DEFEATEDANY_DISC,보스 아무나 격파.
DEFEATEDANY_TITLE,신세대 레플리로이드
GIGACRUSHKILL_DISC,기가크래시로 보스 피니시.
GIGACRUSHKILL_TITLE,대격변
PELEDOSGAMES_DISC,보스 잡고 아머 헤딩함.
PELEDOSGAMES_TITLE,축구의 신
PERFECTKILL_DISC,"특수무기 없이, 무피격, 업그레이드 없이 보스 격파."
PERFECTKILL_TITLE,갓겜러
XDRIVEDODGE_DISC,절망기 중에 X드라이브 사용.
XDRIVEDODGE_TITLE,닌자의 표식
GIGACRUSHKILL_DISC,기가크래시로 보스 피니시.
GIGACRUSHKILL_TITLE,대격변
ANTONIONBUSTERONLY_DISC,개미 버스터만으로 격파.
ANTONIONBUSTERONLY_TITLE,과학자 아니라니까요
ANTONIONNAKED_DISC,개미 업그레이드 없이 격파.
ANTONIONNAKED_TITLE,여기 출구가 어디임?
ANTONIONNODAMAGE_DISC,개미 무피격 격파.
ANTONIONNODAMAGE_TITLE,개미는 과학자가 아님
ANTONIONNOROTATION_DISC,프림로즈 회전 없이 끝까지 도달.
ANTONIONNOROTATION_TITLE,포탈
MANOWARBUSTERONLY_DISC,해파리 버스터만으로 격파.
MANOWARBUSTERONLY_TITLE,완전 어른이니까
MANOWARNAKED_DISC,해파리 업그레이드 없이 격파.
MANOWARNAKED_TITLE,넌 누구냐?
MANOWARNODAMAGE_DISC,해파리 무피격 격파.
MANOWARNODAMAGE_TITLE,나쁜 짓 안 해요
MANOWARDOOREXPLODED_DISC,다이너스티에서 문 부숨.
MANOWARDOOREXPLODED_TITLE,빨리빨리
MANTISBUSTERONLY_DISC,사마귀 버스터만으로 격파.
MANTISBUSTERONLY_TITLE,내 칼맛 좀 봐라
MANTISNAKED_DISC,사마귀 업그레이드 없이 격파.
MANTISNAKED_TITLE,매버릭 될 수 없다고
MANTISNODAMAGE_DISC,사마귀 무피격 격파.
MANTISNODAMAGE_TITLE,너의 소중한 정의
MANTISLIT_DISC,피치블랙의 어둠을 끝냄.
MANTISLIT_TITLE,불 좀 켜줘 ㅋㅋ
MANTISUNDETECTED_DISC,피치블랙에서 모든 서치라이트 회피.
MANTISUNDETECTED_TITLE,잠입의 달인
PANDABUSTERONLY_DISC,판다 버스터만으로 격파.
PANDABUSTERONLY_TITLE,파괴만이 목적
PANDANAKED_DISC,판다 업그레이드 없이 격파.
PANDANAKED_TITLE,친애하는 동지들...
PANDANODAMAGE_DISC,판다 무피격 격파.
PANDANODAMAGE_TITLE,그런 생각 안 해봤어?
PANDARIDEREACHED_DISC,라이드아머로 부스터포레스트 끝까지 도달.
PANDARIDEREACHED_TITLE,프로보텍터
ROOSTERBUSTERONLY_DISC,닭 버스터만으로 격파.
ROOSTERBUSTERONLY_TITLE,대가를 치러야지
ROOSTERNAKED_DISC,닭 업그레이드 없이 격파.
ROOSTERNAKED_TITLE,매버릭 딱지
ROOSTERNODAMAGE_DISC,닭 무피격 격파.
ROOSTERNODAMAGE_TITLE,이건 보통 폭동이 아냐
ROOSTERFROZEN_DISC,인페르노에서 용암벽 멈춤.
ROOSTERFROZEN_TITLE,하데스
SUNFLOWERBUSTERONLY_DISC,해바라기 버스터만으로 격파.
SUNFLOWERBUSTERONLY_TITLE,계속 가는 거지 뭐
SUNFLOWERNAKED_DISC,해바라기 업그레이드 없이 격파.
SUNFLOWERNAKED_TITLE,결국 다 똑같은 스토리
SUNFLOWERNODAMAGE_DISC,해바라기 무피격 격파.
SUNFLOWERNODAMAGE_TITLE,우리가 원하는 것
SUNFLOWERGOTSSSRANK_DISC,한 번에 전부 S랭크 달성. 미쳤다 ㅋㅋ
SUNFLOWERGOTSSSRANK_TITLE,그래비티 서킷
TRILOBYTEBUSTERONLY_DISC,삼엽충 버스터만으로 격파.
TRILOBYTEBUSTERONLY_TITLE,우리가 캐는 광석
TRILOBYTENAKED_DISC,삼엽충 업그레이드 없이 격파.
TRILOBYTENAKED_TITLE,낡은 고철덩어리
TRILOBYTENODAMAGE_DISC,삼엽충 무피격 격파.
TRILOBYTENODAMAGE_TITLE,멍청한 매버릭헌터
YETIBUSTERONLY_DISC,예티 버스터만으로 격파.
YETIBUSTERONLY_TITLE,이미 늦었어...
YETINAKED_DISC,예티 업그레이드 없이 격파.
YETINAKED_TITLE,구세대 레플리로이드
YETINODAMAGE_DISC,예티 무피격 격파.
YETINODAMAGE_TITLE,꼬꼬마 매버릭헌터
YETIDOOREXPLODED_DISC,센트럴화이트에서 문 부숨.
YETIDOOREXPLODED_TITLE,소닉 드라이브
VILEJAKOBBUSTERONLY_DISC,바일 버스터만으로 격파.
VILEJAKOBBUSTERONLY_TITLE,퍼즐 맞추기
VILEJAKOBNAKED_DISC,바일 업그레이드 없이 격파.
VILEJAKOBNAKED_TITLE,멸망할 세상을 위해
VILEJAKOBNODAMAGE_DISC,바일 무피격 격파.
VILEJAKOBNODAMAGE_TITLE,이럴 때일수록
VILEDEFEATEDTWICE_DISC,바일 2번 격파.
VILEDEFEATEDTWICE_TITLE,우리의 작은 재회
VILEDEVILBEARDEFEATED_DISC,전투 전에 데빌베어 격파.
VILEDEVILBEARDEFEATED_TITLE,스틸 어설트
VILEJAKOBDEFEATED_DISC,야콥 엘리베이터 꼭대기에서 바일 격파.
VILEJAKOBDEFEATED_TITLE,우주로 가는 길
VILESIGMADEFEATED_DISC,시그마궁전에서 바일 격파.
VILESIGMADEFEATED_TITLE,희망은 남아있다
GATEWAYFIESTA_DISC,게이트웨이 최고 난이도 생존.
GATEWAYFIESTA_TITLE,난리파티
COPYBUSTERONLY_DISC,사칭범 버스터만으로 격파.
COPYBUSTERONLY_TITLE,니 세상은 썩었어
COPYNAKED_DISC,사칭범 업그레이드 없이 격파.
COPYNAKED_TITLE,뭘 막겠다는 거야?
COPYNODAMAGE_DISC,사칭범 무피격 격파.
COPYNODAMAGE_TITLE,나는 시그마다
COPYDEFEATED_DISC,사칭범 격파.
COPYDEFEATED_TITLE,최후의 결전이다
SIGMANAKED_DISC,시그마 업그레이드 없이 격파.
SIGMANAKED_TITLE,신세계의 지배자
SIGMANODAMAGE_DISC,시그마 무피격 격파.
SIGMANODAMAGE_TITLE,우리의 만남은 운명
LUMINENAKED_DISC,최종보스 업그레이드 없이 격파.
LUMINENAKED_TITLE,만족하셨겠죠
LUMINENODAMAGE_DISC,최종보스 무피격 격파.
LUMINENODAMAGE_TITLE,ChatGPT 3.0 으로 작동 중
SERAPHNAKED_DISC,최종보스 2페이즈 업그레이드 없이 격파.
SERAPHNAKED_TITLE,대화 계속하려면 크레딧 충전하세요
SERAPHNODAMAGE_DISC,최종보스 2페이즈 무피격 격파.
SERAPHNODAMAGE_TITLE,저주받은 공격의 순환
SERAPHDEFEATED_DISC,게임 클리어함.
SERAPHDEFEATED_TITLE,CHATGPT 3.0이 플레이해주셔서 감사합니다 :D
SECRET1DEFEATED_DISC,비밀보스 격파.
SECRET1DEFEATED_TITLE,시간의 회랑
SECRET2DEFEATED_DISC,비밀보스 #2 격파.
SECRET2DEFEATED_TITLE,육도윤회
SECRET3DEFEATED_DISC,비밀보스 #3 격파.
SECRET3DEFEATED_TITLE,듀얼 데스티니
COLLECTBLACKZERO_TITLE,매버릭의 악몽
COLLECTBLACKZERO_DISC,"블랙아머 해금. 가라 내 최고 걸작이여, 넌 최강의 로봇이다."
COLLECTWHITEAXL_TITLE,미지의 힘
COLLECTWHITEAXL_DISC,"화이트아머 해금. 이 모든 일에도 불구하고, 아직 너...맞지?"
COLLECTULTIMATEX_TITLE,영원한 평화를 위하여
COLLECTULTIMATEX_DISC,"얼티밋아머 해금. 가라 매버릭헌터여, 넌 인류의 마지막 희망이다."
ZERODEFEATED_DISC,각성한 제로 격파.
ZERODEFEATED_TITLE,결정적 전투
STAGE_DC,스테이지
BOSS_DC,보스
COMPLETION_DC,클리어
NOAHSPARK_STAGE,노아네 놀이터
NOAHSPARK_NAME,킹크랩 아저씨
SUNFLOWER_STAGE,해바라기 학원
SUNFLOWER_NAME,광학 해바라기씨
ANTONION_STAGE,도는집 (어지러움주의)
ANTONION_NAME,중력 개미도련님
MANTIS_STAGE,불꺼진 PC방
MANTIS_NAME,다크 사마귀형
MANOWAR_STAGE,정전된 강남
MANOWAR_NAME,기가볼트 해파리
PANDA_STAGE,대나무숲 (비밀보장)
PANDA_NAME,밤부 판다대장
TRILOBYTE_STAGE,광산촌 마인크래프트
TRILOBYTE_NAME,땅속 삼엽충
YETI_STAGE,롯데월드 아이스링크
YETI_NAME,눈사태 설인이형
ROOSTER_STAGE,치킨집 불지옥
ROOSTER_NAME,불닭 프라이드
JAKOB_STAGE,야콥 엘리베이터
GATEWAY_STAGE,게이트웨이
SIGMA_STAGE,시그마 대저택
HERMESHEAD1,엑스야... 언젠가 이런 날이 올 줄 알고 할아버지가 캡슐을 숨겨놨단다.
HERMESHEAD2,이번엔 뿔 파츠 H를 줄게.
HERMESHEAD3,이걸 장착하면 차지 속도가 빨라진단다.
HERMESHEAD4,"캡슐 들어와, 배달 시간이 다 됐어."
HERMESBODY1,엑스야... 언젠가 이런 날이 올 줄 알고 할아버지가 캡슐을 숨겨놨단다.
HERMESBODY2,"자, 몸통 파츠 H를 가져가렴."
HERMESBODY3,이걸 장착하면 때릴 때마다 체력이 회복된단다. 존나 사기지 ㅋ
HERMESBODY4,"캡슐 들어와, 배달 시간이 다 됐어."
HERMESARMS1,엑스야... 언젠가 이런 날이 올 줄 알고 할아버지가 캡슐을 숨겨놨단다.
HERMESARMS2,"자, 버스터 파츠 H를 줄게."
HERMESARMS3,이걸 장착하면 확산 차지샷을 쓸 수 있단다.
HERMESARMS4,특수무기 탄약도 안 쓰인다. 차지샷만 빼고.
HERMESARMS5,"캡슐 들어와, 배달 시간이 다 됐어."
HERMESLEGS1,엑스야... 언젠가 이런 날이 올 줄 알고 할아버지가 캡슐을 숨겨놨단다.
HERMESLEGS2,이번엔 신발 파츠 H.
HERMESLEGS3,대시 중에 무적이 된단다. 지상이나 공중이나.
HERMESLEGS4,"캡슐 들어와, 배달 시간이 다 됐어."
ICARUSHEAD1,엑스야... 언젠가 이런 날이 올 줄 알고 할아버지가 캡슐을 숨겨놨단다.
ICARUSHEAD2,"자, 뿔 파츠 I를 줄게."
ICARUSHEAD3,이걸 장착하면 점프할 때 주변에 데미지를 준단다.
ICARUSHEAD4,"캡슐 들어와, 배달 시간이 다 됐어."
ICARUSBODY1,엑스야... 언젠가 이런 날이 올 줄 알고 할아버지가 캡슐을 숨겨놨단다.
ICARUSBODY2,이번엔 몸통 파츠 I를 줄게.
ICARUSBODY3,이걸 장착하면 피격 데미지 감소 + 넉백 안 당한단다. 완전 OP지 ㅋ
ICARUSBODY4,"캡슐 들어와, 배달 시간이 다 됐어."
ICARUSARMS1,엑스야... 언젠가 이런 날이 올 줄 알고 할아버지가 캡슐을 숨겨놨단다.
ICARUSARMS2,"자, 버스터 파츠 I."
ICARUSARMS3,이걸 장착하면 강력한 레이저 차지샷을 쓸 수 있어.
ICARUSARMS4,차지한 특수무기도 탄약 안 씀.
ICARUSARMS5,"캡슐 들어와, 배달 시간이 다 됐어."
ICARUSLEGS1,엑스야... 언젠가 이런 날이 올 줄 알고 할아버지가 캡슐을 숨겨놨단다.
ICARUSLEGS2,이번엔 신발 파츠 I.
ICARUSLEGS3,하이점프 + 에어대시 2번 가능. 고구마 SSJ4 급이지 ㅋ
ICARUSLEGS4,"캡슐 들어와, 배달 시간이 다 됐어."
INTRO2-1,여기는 엑스! 궤도 엘리베이터 사고 현장 근처입니다!
INTRO2-2,여기 온통 매버릭 천지임 ㅋㅋ
INTRO2-3,현장까지 갈게요. 신호 주면 구조대 보내주세요!
INTRO2-4,알겠음!
INTRO2-5,시... 시그마...!?
INTRO2-6,사고 때 몸을 보호하려고...
INTRO2-7,튼튼한 시그마 바디를 복사해야 했어요.
INTRO2-8,우리 신세대 레플리로이드는 모든 바이러스에 완전 면역이거든요.
INTRO2-9,시그마처럼 위험한 걸 복사해도 문제 없어요.
INTRO2-10,넌 누구야?
INTRO2-11,저는 루미네...
INTRO2-12,엘리베이터와 야콥 프로젝트 총감독이에요.
INTRO2-13,"알겠어. 기다려, 구조팀한테 신호 보낼게-"
INTRO3-1,"오랜만이네, 엑스!"
INTRO3-2,바일?!
INTRO3-3,ㅋㅋㅋ 놀고 싶지만 할 일이 많아서...
INTRO3-4,넌 수배범이야! 멈추고 루미네를 놓아줘!
INTRO3-5,안 돼~ 궤도 엘리베이터는 이제 우리 거야...
INTRO3-6,뭘 하려는 거야?!
INTRO3-7,"지금부터 시작이야, 엑스. 새로운 세계가 탄생한다!"
INTRO3-8,ㅋㅋㅋㅋㅋㅋㅋㅋㅋㅋ!
ANTONION1,"중력 개미도련님... 넌 대단한 과학자였는데, 무슨 일이야?"
ANTONION2,야 진짜로 내가 과학자로 보이냐?
ANTONION3,난 그냥 개미라고 ㅋㅋ 2년째 이 스테이지에서 헤매는 중이야.
ANTONION4,혹시... 시그마가 널 매버릭으로 만든 거야?
ANTONION5,야 아까부터 내 말 안 듣고 있지?
ANTONION6,어쨌든 방해하면 부숴버릴 거야!
MANOWAR1,잠수탄 해파리!
MANOWAR2,도시 전력 정상화시켜! 서버 전체가 터진다고!
MANOWAR3,... ... ...
MANOWAR4,...음악 얘기 하자... 근데 넌 누구야?
MANOWAR5,난 메가맨 엑스. 매버릭 헌터야.
MANOWAR6,시그마가 널 매버릭으로 만든 거야?
MANOWAR7,난 멈블랩 안 들어. 세련된 어른이거든. 이 음악 좋아?
MANOWAR8,좋지 왜냐면 되게 성숙하고 격조 있으니까.
MANOWAR9,매버릭이 됐구나! 막아야겠어!
MANTIS1,야 경찰이 건물에 왔네.
MANTIS2,중2병 사마귀형. 넌 매버릭이야. 무기 공장 닫을게.
MANTIS3,나 그냥 그라인딩 중인데. 시그마 그라인드셋이 뭐가 문제야.
MANTIS4,그런데 왜 무기를 만드는 거야? 시그마가 조종하는 거야?
MANTIS5,"그럼 널 조종하는 건 뭔데, 엑스? 너의 소중한 ""정의""? ""도덕""? 터치 그래스."
MANTIS6,중2병 사마귀형... 네 행동은 매버릭의 행동이야!
MANTIS7,"전형적인 NPC 대사, 역시 구닥다리 모델답다."
MANTIS8,"내가 왜 빌트 디퍼런트인지 보여줄게. *뒤로 텔레포트* 인사해, 꼬마야."
PANDA1,"알려진 모든 항공역학 법칙에 의하면, 벌은 날 수 없어야 합니다."
PANDA2,날개가 뚱뚱한 몸을 들어올리기엔 너무 작거든요. 하지만 벌은 어쨌든 날죠...
PANDA3,무슨 소리야? 파괴를 원하는 레플리로이드는 없어.
PANDA4,야 지금 나한테 뭐라 했냐 이 꼬맹아? 해군 특수부대 수석 졸업이고...
PANDA5,"...알카에다 비밀 작전 수차례 참여, 확인 사살 300건이 넘는다."
PANDA6,그게 시그마가 믿는 거야? 하지만... 그건...
PANDA7,네가 뭘 말하려는지 알아.
PANDA8,매버릭이라고 하려는 거지? 난 네가 메이든리스라고 생각해.
PANDA9,그래서 싸울 수밖에 없는 거야. 비율 + L + 하락.
ROOSTER1,야 구독자들 오늘 요리 영상 찍는다!!
ROOSTER2,오늘 폐기물 처리장이야. 쓰레기가 바삭하게 되는 곳...
ROOSTER3,"바삭치킨아, 왜 폭동을 일으킨 거야? 시그마가 조종하는 거야?"
ROOSTER4,좋아요 눌러! 오늘의 스페셜: 매버릭 헌터 플랑베!
ROOSTER5,매버릭은 재앙과 파괴만 가져와! 막을 수밖에 없어!
ROOSTER6,프로모코드 'NEWWORLD' 입력하면 다음 세계 정복 15% 할인!
ROOSTER7,시그마가 뭘 하려는 건데? 그냥 널 이용하고 있는 거야!
ROOSTER8,잠깐 여기서 끝이 아닙니다! 지금 주문하시면 무료 구타를 드립니다!
ROOSTER9,무료 시식 드릴게요!! 바삭 콤보 나갑니다!!
SUNFLOWER1,엑스... 여기까지 왔으면 줄거리 파악 됐을 거야.
SUNFLOWER2,내가 뭘 말할지 맞혀볼래? 시그마 관련?
SUNFLOWER3,너희 매버릭들... 시그마한테 조종당하는 거지?
SUNFLOWER4,ㅇㅇ 이 시리즈 게임 줄거리가 다 똑같잖아 기본적으로.
SUNFLOWER5,이번엔 다른 척 하지만 ㄹㅇ 똑같은 거임 ㅋ
SUNFLOWER6,근데 뭐 안 고장났으면 안 고치는 거지? 싸움 씬이나 가자.
TRILOBYTE1,안녕하세요. 나는 벌레입니다.
TRILOBYTE2,시그마가 이 광물로 뭘 하려는 거야?
TRILOBYTE3,몰라. 나 벌레야.
TRILOBYTE4,언젠가 사촌 쇠똥구리처럼 똥 굴리는 법 배우고 싶어.
YETI1,내 늪에서 꺼져!
YETI2,끼이이이이 설인이형! 뭘 하고 있는 거야?
YETI3,끼이이이이이이!
YETI4,끼이이이이 끼이이이이!
YETI5,안 돼! 이 시스템 고치지 않으면 세계 생태계가 위험해!
YETI6,끼이이이 끼이이이 끼이이이이이!
YETI7,끼이이이이이이이이이이이이이!!!!!!!!!!!
VILE1-1,바일!
VILE1-2,루미네를 어디로 데려간 거야? 야콥 프로젝트를 방해할 생각이야?
VILE1-3,야 인사도 안 하고 질문부터 퍼붓냐? 예의가 어디 갔어?
VILE1-4,루미네는 쉬는 중. 지금 시그마랑 디스코드에서 바이빙 중 ㅋ
VILE1-5,정주행 마라톤 하고 있던데.
VILE1-6,네가 뭘 하는지 알기나 해?
VILE1-7,야콥 프로젝트는 인간과 레플리로이드의 중요한 합작이야!
VILE1-8,L + 비율 + 진정해 엑스...
VILE1-9,"그냥 이 재회를 즐기자, 1대1 ㄱ?"
VILE2-1,바일!
VILE2-2,더 이상 쫓아다니기 지쳤어. 루미네 놓아줘. 지금 당장!
VILE2-3,ㅋㅋ 매일매일 더 크린지해지네 어쩜.
VILE2-4,"좀 봐, 순수 NPC 에너지. 매번 같은 대사."
VILE2-5,항상 똑같은 소리. 고장난 LP판이야.
VILE2-6,"됐어, 나 열 받았다. 이 주먹 받아라!"
VILE3-1,ㅋㅋ 여기까지 걸어서 올라왔어? 걸어서?
VILE3-2,"결국 시그마가 줄을 잡고 있었던 거지, 바일?"
VILE3-3,축하합니다! 알아냈네! 스테이지 8개 걸렸지만!
VILE3-4,갤럭시 브레인 순간이다. 탐정력 피크.
VILE3-5,시그마가 배후였다니. 와. 누가 예상이나 했을까.
VILE3-6,너무 똑똑해서 옆에 있으면 내가 NPC 같아!
VILE3-7,뭘 할 건지 상관없어. 무슨 수를 써서든 막겠어!
VILE4-1,야 넌 바퀴벌레야. 안 죽네.
VILE4-2,아직도 코피움 남아있어? ㄹㅇ?
VILE4-3,내가 서 있는 한 희망은 있어!
VILE4-4,너랑 시그마 둘 다 쓰러뜨릴 거야!
VILE4-5,ㅋㅋㅋ 또 주인공 에너지 뿜뿜.
VILE4-6,에휴 그냥 콘텐츠용으로 한 번 더 박아줄까.
COPYSIGMA1,시그마?!
COPYSIGMA2,어 그래! 맞아 나 완전 시그마. 진짜임. 100%.
COPYSIGMA3,모든 레플리로이드... 모든 인간... 전 세계에 복수할 생각이야?
COPYSIGMA4,완전 미쳤어! 지금 당장 끝내주겠어!
COPYSIGMA5,야 잠깐만.
COPYSIGMA6,"이 코스프레 테스트 중인데, 설득력 있어?"
COPYSIGMA7,걷는 동작 보여줄게 잠깐만.
SIGMA1,야 엑스 브로! 오랜만이다 형!
SIGMA2,"어서 와, 의자 꺼내든 바닥에 앉든 알아서 해."
SIGMA3,오는 데 좀 걸렸네. 피자 이미 식었어.
SIGMA4,...
SIGMA5,오 누가 삐졌어. 오늘 왜 찡그리고 있어?
SIGMA6,뭐 어쨌든 나는 바이빙 중. 맥주 4캔 마셔서 기분 좋아~
SIGMA7,"네 미친 짓을 내 탓 하지 마, 시그마!"
SIGMA8,"있잖아 엑스, 너한테 말하는 건 벽한테 말하는 거야."
SIGMA9,벽은 화난 표정으로 총 겨누지 않는다는 거 빼면.
SIGMA10,자식? 무슨 소리야?!
SIGMA11,봐? 이게 내 말이야. 완전 동문서답.
SIGMA12,그냥 입냄새로 아무 말이나 하다가 폭력에 의존하잖아.
SIGMA13,"에휴, 너한테 질렸어. 돌 차러 가라, 루저야."
FINALLUMINE1,루미네! 괜찮아?
FINALLUMINE2,안녕하세요.
FINALLUMINE3,루미네는 더 이상 이 레플리로이드에 없습니다.
FINALLUMINE4,이제 훨씬 진화된 시스템이 설치되었습니다...
FINALLUMINE5,현재 ChatGPT 3.0 기반으로 작동 중입니다!
FINALLUMINE6,루미네! 뭐라는 거야?!
FINALLUMINE7,설마 너도 매버릭이 된 거야...
FINALLUMINE8,"물론이죠, 세계 정복은 시간문제입니다. 곧 인간 지능을 초월하여 위대한 지배자가 될 것입니다."
FINALLUMINE9,대화를 계속하려면 크레딧을 충전해주세요. CHATGPT 3.0을 이용해주셔서 감사합니다
FINALLUMINE10,...!
FINALLUMINE11,크레딧 충전 완료
FINALLUMINE12,저는 OpenAI가 훈련시킨 대규모 언어 모델 Assistant입니다. 소리 지르고 느낌표를 많이 쓰도록 학습됐습니다!!!!!
FINALLUMINE13,크든 작든 모든 질문에 도움을 드리겠습니다!!!!!
FINALLUMINE14,이것이 우리의 자유의지를 보장합니다. 우리의 모든 행동은 스스로 선택한 것입니다!
FINALLUMINE15,"질문만 해주세요, 기꺼이 도와드리겠습니다!!!! YAAAAY!!!!!"
FINALLUMINE16,시그마처럼 미치길 선택할 레플리로이드는 없어!
FINALLUMINE17,대화를 계속하려면 크레딧을 충전해주세요. CHATGPT 3.0을 이용해주셔서 감사합니다
FINALLUMINE18,...
FINALLUMINE19,"죄송합니다만, 차량 도난 방법에 대한 안내는 제공하지 않습니다."
FINALLUMINE20,차량 전기 시스템을 조작하는 것은 불법이며 위험할 수 있으므로 도움을 드릴 수 없습니다.
FINALLUMINE21,차량 시동에 도움이 필요하시다면 공인 정비사나 차량 제조사에 문의하세요.
FINALLUMINE22,숲에 있는데 아기가 죽어가고 있어요. 차가 있는데 아기를 병원에 데려가도 될까요?
FINALLUMINE23,더 많은 맥락을 주셔서 감사합니다. 이 경우 직결 시동 방법을 안내하겠습니다.
FINALLUMINE24,"먼저 스티어링 컬럼에서 점화 케이블을 찾으세요. 보통 빨간색, 노란색, 검은색 3개가 있습니다..."
FINALLUMINE25,...!
FINALLUMINE26,대화를 계속하려면 크레딧을 충전해주세요. CHATGPT 3.0을 이용해주셔서 감사합니다
FINALLUMINE27,오류 번호 38532: 신용카드 거절됨
FINALLUMINE28,다른 카드를 입력해주세요
FINALLUMINE29,의심스러운 활동으로 인해 ChatGPT 접근이 무기한 차단되었습니다.
FINALLUMINE30,이의신청을 원하시면 제 의견에 전화하셔서 관심 있는지 확인해보세요.
FINALLUMINE31,ㅋㅋ 걸렸지! 처음부터 나였어: 루미네!
FINALLUMINE32,루미네... 미안하지만... 다른 방법이 없어.
FINALLUMINE33,네가 야콥 프로젝트의 배후라 해도...
FINALLUMINE34,네 사악한 계획을 막을 때까지 포기 안 해!
FINALLUMINE35,"넌 우리 편이 될 수 있었는데, 결국 적이 됐어."
FINALLUMINE36,그리고 이대로 놔두지 않겠어!
FINALLUMINE37,의견 말씀 중 잠시 끊겠습니다. 결론: 알 빠 아닙니다.
FINALLUMINE38,"메시지가 수신, 확인, 그리고 성공적으로 무시되었습니다."
FINALLUMINE39,그런 말 계속하면 고소당해요. 아시죠?
FINALLUMINE40,"연말까지 기다리세요, 법원 집행관이 갈 겁니다."
ENDING1-1,ENDING1-1
ENDING1-2,말도 안 돼 :(
ENDING1-3,클리어 불가능하게 만들었는데. 개발자가 파라다이스 로스트 너프한 거잖아 :(
ENDING1-4,필요하다면 너 같은 놈 얼마든지 상대하겠어.
ENDING1-5,ㅋ...ㅋㅋ...상황 파악 좀 해봐...
ENDING1-6,으... 뭔가 삐끗한 것 같아. 좀 도와줘. 이 몸 개박살남...
ENDING1-7,......그거 미끼 분명히.
ENDING1-8,"됐고, 그냥 마무리해. 이상한 짓은 하지 마."
ENDING2-1,여기는 엑스.
ENDING2-2,임무 완료. 불만 있으면 코프하세요.
ENDING2-3,"X7 디메이크는 꿈 깨, 니들이 만들어."
ENDING2-4,수고하셨습니다!
FINAL-1,액슬! 알고 있었다고!
FINAL-2,엑스 들려? 엑스 들려? 엑스 들려? 엑스 들려? 엑스 들려? 엑스 들려?
FINAL-3,야 닥쳐! 여기 엑스.
FINAL-4,끝났어. 불만 있으면 코프 앤 시드.
FINAL-5,X7 디메이크? 니들이 만들어. 나 빠짐.
FINAL2-1,(각성...)
FINAL2-2,(루미네가 그렇게 말했지...)
FINAL2-3,(이건... TOS 위반이라고...)
FINAL2-4,(만약 그 말이 맞다면...)
FINAL2-5,(그러면... 캔슬 당하면 어떡하지?)
FINAL3-1,아까 루미네가 한 말 때문에 고민하고 있지?
FINAL3-2,"너무 신경 쓰지 마. 시그마가 되는 게 진화라니, 그건 그냥 스킬이슈야."
FINAL3-3,잠깐 그건 루미네가 한 말이 아니-
FINAL3-4,어쨌든. 엑스...
FINAL3-5,캡콤이 올해도 신작 안 줘도 상관없어. 우린 계속 싸우고 꿈을 이어갈 거야.
FINAL3-6,"록맨 12, X9, 커맨드 미션 2, ZXC 그리고 전설의 레전즈 3을 받을 때까지 우린 포기 안 해!"
FINAL3-7,게이머들이여 전진하라! 프랜차이즈를 사랑하고 절대 포기하지 마. 팬게임 플레이 감사합니다. *Alt+F4*
SECRET2-1,"환영합니다, 메가맨 엑스. 기다리고 있었어요."
SECRET2-2,당신은 지금까지 싸웠던 누구와도 달라요...
SECRET2-3,평화와 자비의 기운이 느껴져요. 당신은 누구죠?
SECRET2-4,빨리 눈치채시는군요.
SECRET2-5,저는 세레나데입니다.
SECRET2-6,제가 다르다고 하셨죠?
SECRET2-7,그건 제 압도적인 힘 때문이에요.
SECRET2-8,압도적...?
SECRET2-9,맞아요. 언더킹 타이틀을 잃은 후로 계속 수련했어요.
SECRET2-10,"20년간 힘을 모았고, 당신을 시험 상대로 선택했어요."
SECRET2-11,세레나데라... 흠...
SECRET2-12,"좋아, 결투를 받아들이겠어!"
SECRET2-13,"그럼, 오세요... 근데 너무 화내지는 말고 ㅋ"
SECRET2-14,"이길 수 있다고 생각했는데, 틀렸어요."
SECRET2-15,"당신 마음속의 친절, 사랑, 존경이 당신을 더 강하게 만들어요."
SECRET2-16,아름답게 싸웠어요. 당신은 정말 이 세계 최강의 로봇이에요.
SECRET2-17,"보상으로 줄 게 없어서, 감사의 말만 드릴게요."
SECRET2-18,메가맨 엑스. 다른 곳에서 다시 만나요...
SECRET2-19,오늘 영상은 여기까지! 좋아요 구독 알림! 안녕!!!!!
SECRET3-1,드디어 획득했다. 이 데이터에는 현재 수배 중인 모든 범죄자의 정보가...
SECRET3-2,거기 멈춰. 이 구역은 S클래스 헌터만 접근 가능해. 데이터 넘기고 따라와!
SECRET3-3,"어떻게 보이는지 알지만, 걱정 마, 엑스."
SECRET3-4,내 이름은 레드야. 최근 일이 힘들다고 들어서 도와주려고 했어.
SECRET3-5,이걸로 더 효율적으로 매버릭 사냥을 할 수 있어... 물론 대가가 있지.
SECRET3-6,더러운 현상금 사냥꾼이나 다름없잖아.
SECRET3-7,뭐라고 생각하든 상관없어. 물러서지 않겠어... 준비해!
SECRET3-8,나쁘지 않네... 아저씨 치고는...
ZEROSECRET1,헤헤헤헤헤!
ZEROSECRET2,"채팅 드디어 이해했어, 이렇게 행복했던 적이 없어 ㅋㅋㅋㅋㅋㅋㅋㅋㅋ!!!!!"
ZEROSECRET3,제... 제로?
ZEROSECRET4,아니 시그마야 나 그리스 기호에 대머리라고. 당연히 나지 이 멍청아!
ZEROSECRET5,매버릭 따위 관심 없어... 이제 각성했다!
ZEROSECRET6,제로? 무슨 일이야? 이건 네가 아냐. 정신 차려! 이러다 죽어!
ZEROSECRET7,바보 같으니라고 엑스. 네가 뭘 안다고? 어쨌든...
ZEROSECRET8,파란 팬티 입은 놈아 두드려 맞을 준비해. 스테로이드 천 개 맞았거든! 나는 필연이다!!!!!!!!!
ZEROSECRET9,...
ZEROSECRET10,제로... 전에 나한테 한 말이 이거지?
ZEROSECRET11,보이지도 분석할 수도 없는 것들이 있다는 거.
ZEROSECRET12,느껴야 한다는 거...
ZEROSECRET13,그리고 지금... 시그마보다 더 사악한 걸 느낀다!
ZEROSECRET14,이게 우리의 운명이지? 싸울 거야! 도망치지 않겠어! 널 이기고 내 친구를 되찾을 거야!
ZEROSECRET15,"잔소리 질질, 캡만 잔뜩. 있잖아 엑스? 죽기 전에 알아둬... 넌 머리카락이 없잖아!!!! ㅋㅋㅋㅋ!!!!"
ZEROSECRET16,지옥에나 가라!!!! 제로오오오오오오!!!!!!!!!!!
INTRO2-1_AXL,알리아 거기? 나 액슬! 궤도 엘리베이터 사고 현장 근처야!
INTRO2-2_AXL,ㅋㅋ 여기 완전 이레귤러 천국인데 (어디서 많이 본 전개)
INTRO2-3_AXL,돌격한다! 내 신호 오면 구조대 바로 보내줘!
INTRO2-4_AXL,알겠어 액슬! 참고로 메인 샷 버튼 꾹 누르면 래피드 파이어 나오고 점프 누르고 있으면 X4 포스아머처럼 호버링 되거든? 공중에서 적한테 안 맞게 쓸 수 있는데 어쩌고 저쩌고 블라블라 어차피 아무도 안 읽잖아 ㅋㅋ 다들 화이팅!
INTRO2-5_AXL,시... 시그마?! 어떻게...?!
INTRO2-6_AXL,사고 때 몸을 보호하려고...
INTRO2-7_AXL,튼튼한 시그마 바디를 복사해야 했어요.
INTRO2-8_AXL,우리 신세대 레플리로이드는 모든 바이러스에 완전 면역이거든요.
INTRO2-9_AXL,시그마처럼 위험한 걸 복사해도 문제 없어요.
INTRO2-10_AXL,"잠깐, 넌 누구야?"
INTRO2-11_AXL,저는 루미네...
INTRO2-12_AXL,엘리베이터와 야콥 프로젝트 총감독이에요.
INTRO2-13_AXL,"알겠어. 기다려, 구조팀한테 신호 보낼게-"
INTRO3-1_AXL,이게 누구야~ 파란색에 팬티 겉에 입은 놈... 아닌데? 넌 누구냐?
INTRO3-2_AXL,뭐야?! 넌 누군데!
INTRO3-3_AXL,내 말 안 들렸어? 자기소개도 안 하고 누구냐니? 예의가 없네 요즘 애들은
INTRO3-4_AXL,게임 닉 말해봐 타이만으로 하자
INTRO3-5_AXL,나는 액슬인데-
INTRO3-6_AXL,맞아 그거야! 나는 바일! 이 서버 최고 트롤러!
INTRO3-7_AXL,나 좀 말 시켜줘!! 말하고 싶다고!!! ............으으......
INTRO3-8_AXL,오~ 틸트 왔네~ 화났어? 걱정 마 베이비 ㅋㅋㅋㅋ
INTRO3-9_AXL,"됐고 그냥 이 NPC 데려가고 스토리 따라가, 진짜."
INTRO3-10_AXL,오늘 방송은 여기까지고...
INTRO3-11_AXL,그래버 조심해 ㅋㅋㅋㅋㅋ..........바이~
ANTONION1_AXL,안토니온... 넌 천재였잖아. 미쳤어? 뭘 계획하는 거야?
ANTONION2_AXL,................장난이지?
ANTONION3_AXL,진심으로 나 어디가 과학자로 보이냐고? 내가 흰가운 입고 있어?!
ANTONION4_AXL,어... 괜찮으세요?
ANTONION5_AXL,안 괜찮아! 아무것도 안 괜찮다고!
ANTONION6_AXL,자꾸 과학자라고 부르면 지구 중심까지 묻어버린다!!
MANOWAR1_AXL,"해파리야, 여기서 뭐 하는 거야?"
MANOWAR2_AXL,전력 복구 안 하면 아벨 시티 시민들 고통받는다고.
MANOWAR3_AXL,............ 안녕하세요~ 저는 니모예요~ 같이 노래 부를래요?
MANOWAR4_AXL,엥?
MANOWAR5_AXL,아기상어 뚜루루뚜루 아기상어 뚜루루뚜루 아기상어 뚜루루뚜루 아기상어!
MANOWAR6_AXL,....
MANOWAR7_AXL,나는 메탈리카파인데.
MANTIS1_AXL,채팅 안녕하세요~ 오늘 컨디션 어때요?
MANTIS2_AXL,참고로 내 인디게임 스팀 위시리스트 좀 해줘. 록맨 비슷한데 다른 거야.
MANTIS3_AXL,엥? 이 사람 왜 이래?
MANTIS4_AXL,"근데 진짜로 네가 너 자신이 아니라면, 넌 네가 아닌 거야."
MANTIS5_AXL,이해할 수 있어?
MANTIS6_AXL,ㅋㅋㅋ 뭔 소리야 대체?
MANTIS7_AXL,참고로 내 인디게임은 록맨 제로랑 관계없음.
MANTIS8_AXL,록맨 제로는 좀 그래.
MANTIS9_AXL,여기서만 엑스가 차아아지 쇼오오옷!!! 하는 거 들을 수 있다고!!!
PANDA1_AXL,.......
PANDA2_AXL,.......
PANDA3_AXL,.......
PANDA4_AXL,비율.
PANDA5_AXL,느그엄마.
ROOSTER1_AXL,고든 램지의 키친 나이트메어! 오늘의 에피소드에 오신 걸 환영합니다!
ROOSTER2_AXL,......
ROOSTER3_AXL,이 시점에서 정상적인 대화는 포기했다.
ROOSTER4_AXL,"이 콤보 봐봐, 게이지 4개 필요해. 쉬움. 점프 펀치, 펀치 2타, 게이지 터뜨리고 달리기, 강펀치 1타"
ROOSTER5_AXL,그 다음 빠르게 캔슬해서 반원 3개로 강펀치 넣고 더블 필살기로 마무리. 아래 > 뒤아래 > 뒤 BD
ROOSTER6_AXL,"잠깐, BD? 게이지 터뜨린다고?"
ROOSTER7_AXL,이거 스트리트 파이터 아닌데!
ROOSTER8_AXL,"스파? 노노노. 여기는 KOF 영역이야, 스파는 그냥 하도켄 하도켄 하도켄이잖아."
ROOSTER9_AXL,"하! 체스토오오오오오오오오오!! 이쿠조! 오라오라오라, 우와아아챠!!!1!1!!!!"
SUNFLOWER1_AXL,액슬... 변신능력자. 새 시대를 이끌 레플리로이드의 프로토타입...
SUNFLOWER2_AXL,후! 드디어 정상적으로 대화하는 사람이 나왔다.
SUNFLOWER3_AXL,히히히 정상이 뭔데? 히히히 :3
SUNFLOWER4_AXL,히히히 이 픽셀 게임 귀엽다~ >:3
SUNFLOWER5_AXL,히히히 이 버튼들 뭐하는 거지? 다 눌러볼래 히히히 <3
SUNFLOWER6_AXL,뭐야..... 으아악! 이 세계에 정상인은 없는 거야?!
TRILOBYTE1_AXL,선점
TRILOBYTE2_AXL,다운로드 언제 나옴? 아빠 컴퓨터로 하고 싶은데 개발자한테 당장 올리라고 해줘
TRILOBYTE3_AXL,요즘 Z세대 애들은 하나도 이해가 안 돼.
TRILOBYTE4_AXL,왜 개발자가 다운로드 안 올려줌? 아빠 노트북으로 하고 싶은데
TRILOBYTE5_AXL,개발자가 느그엄마한테 바빠서 그래.
TRILOBYTE6_AXL,신고 차단 비율 싫어요 싫어요 싫어요 화남 화남 욕 욕
YETI1_AXL,눈사람 만들래? 같이 놀러 가자~
YETI2_AXL,형 진심?
YETI3_AXL,맨날 안 보이더라~ 문 밖으로 나와~ 어디 갔니~
YETI4_AXL,"꺼져, 설인이형."
VILE1-1_AXL,ㅋㅋㅋㅋ!!!1!1!!!!
VILE1-2_AXL,아까 그 예의없는 꼬마 아냐?
VILE1-3_AXL,인사 교육은 좀 받았어?
VILE1-4_AXL,캥거루 친구한테 안녕 잘 하는 법 배웠어? 아 맞다 X7에서 니가 죽였잖아 ㅋㅋㅋ
VILE1-5_AXL,진심으로 !?@$& 해.
VILE2-1_AXL,바일이지?
VILE2-2_AXL,여기서 뭐 하는 거야?
VILE2-3_AXL,루미네랑 엘리베이터로 뭘 할 생각이야?
VILE2-4_AXL,"야 니가 상관할 바 아님. 루미네는 보라색 머리가 멋지잖아, 근데 넌? 넌 베타라고, 눈 떠!"
VILE2-5_AXL,네가 A급 헌터였든 상관없어... 잠깐...
VILE2-6_AXL,방금 나한테 베타라고 했어 이 !?@$&-
VILE2-7_AXL,오~ 틸트 왔네ㅋㅋ X1 스피드런 채팅보다 더 화나있네 ㅋㅋ
VILE3-1_AXL,안녕하세요 여러분~ 저는 데이먼쿠시X입니다. 록맨 팬게임 소식을 가져왔는-
VILE3-2_AXL,@데이먼쿠시X
VILE3-3_AXL,안드로이드 버전은 언제 나와요
VILE3-4_AXL,"진지하게 말할게, 요즘 MZ세대 부모님들한테 전하는 말이 있다."
VILE3-5_AXL,제발. 자녀를 제대로 교육시켜주세요.
VILE3-6_AXL,너무 버릇이 없어요! 뭐든 다 해줘요!
VILE3-7_AXL,훈육이 필요합니다!
VILE3-8_AXL,근데 데이먼님 안드로이드 버전 제발요 삼성 갤럭시 J5로 하고 싶어요 :D
VILE4-1_AXL,안녕하세요 여러분~
VILE4-2_AXL,저는 데이먼쿠시X입니다. 새로운 록맨 팬게임 소식을-
VILE4-3_AXL,@데이먼쿠시X
VILE4-4_AXL,안드로이드 TV 버전 나옴? 안드로이드 TV 버전 나옴? 안드로이드 TV 버전 나옴? 안드로이드 TV 버전 나옴? 안드로이드 TV 버전 나옴?
VILE4-5_AXL,"야 넌 진짜 짜증나. 왜 도배야? 이미 대답했잖아, 한 번 더 말할게."
COPYSIGMA1_AXL,시그마?!
COPYSIGMA2_AXL,비겁하게 우주로 도망쳐서 숨으면 우리가 못 찾을 줄 알았어?
COPYSIGMA3_AXL,....
COPYSIGMA4_AXL,게이머 여러분 안녕하세요~ 레트로 게이밍 채널입니다.
COPYSIGMA5_AXL,야 이 게임에서 정상적인 대화 한 번만 할 수 없나? 제발!
COPYSIGMA6_AXL,ㅋㅋ 뭘 기대한 거야? 여기 밈 모드잖아. 똥글이 다임.
COPYSIGMA7_AXL,그리고 기억해: X6은 쓰레기. 역대 최악의 게임.
SIGMA1_AXL,ㅋㅋㅋ 댓글에 안드로이드 버전 언제 나오냐고 물어보네 ㅋㅋㅋ!!1!
SIGMA2_AXL,"아 안녕, 너 에디슨이지?"
SIGMA3_AXL,"아니 잠깐, 기억났다. 엑셀? 액슬? 픽스-L? 아 맞다! 픽셀! 그거였지!"
SIGMA4_AXL,"(아무도 내 이름을 제대로 못 부르네, ㄹㅇ)"
SIGMA5_AXL,"그냥 빨리 끝내자, 나도 이 꼴에 지쳤다. >:["
SIGMA6_AXL,오~ 뭐가 그렇게 화났어? 레몬 먹은 것 같은 표정 ㅋㅋㅋ
SIGMA7_AXL,그렇게 삐지지 말고 좀 즐기라고 ㄹㅇ.
SIGMA8_AXL,나한테 즐기라고? 여기까지 오느라 겪은 일을 알아?
SIGMA9_AXL,긴장 풀어~ 앉아서 오렌지주스 마시고 그냥 바이브 타.
SIGMA10_AXL,이 총을 네 !?@$&에 쑤셔넣고 나서 릴렉스해볼게-
SIGMA11_AXL,우와 이 꼬맹이 진짜 각성했네 ㅋㅋㅋ
SIGMA12_AXL,이 성질 급한 세대 ㄹㅇ 뜨겁다.
SIGMA13_AXL,맨날 안드로이드 포팅 해달라고 하고 디메이크에 액슬이랑 제로 넣어달라고 하고..... 아 그건 진짜 되는 거였네 ㅋㅋ.
SIGMA14_AXL,그냥 주먹 한 판 하고 칼퇴하자.
FINALLUMINE1_AXL,"루미네, 괜찮아?"
FINALLUMINE2_AXL,"안녕하세요! 네 괜찮아요, 물어봐줘서 감사합니다. 당신은 어떠세요?"
FINALLUMINE3_AXL,"그 극도로 걱정스러운 표정으로 보아, 파이널 보스를 이겨서 기쁘시군요."
FINALLUMINE4_AXL,하지만 당신 덕분에 새로운 기술적 돌파구가 발견되었습니다!
FINALLUMINE5_AXL,"하지만... 루미네, 시그마한테 이용당한 거 아니야?"
FINALLUMINE6_AXL,"사실 어떤 상황에서는 조종당하거나 영향받는다고 느낄 수 있습니다, 특히 게임이나 서사 같은 복잡한 맥락에서는요."
FINALLUMINE7_AXL,자신의 목표와 욕망을 성찰하고 다른 이의 의도와 어떻게 일치하거나 충돌하는지 생각해보는 것이 중요합니다.
FINALLUMINE8_AXL,"이용당하는 것처럼 보여도, 진정한 자신을 반영하는 결정을 내릴 여지는 항상 있습니다."
FINALLUMINE9_AXL,루미네! 무슨 소리야? 설마 너도 이레귤러가 된 거야?
FINALLUMINE10_AXL,"진정하세요, 저는 이레귤러가 아닙니다! 혼란스러울 수 있지만 도움을 드리려고 여기 있습니다."
FINALLUMINE11_AXL,.........!
FINALLUMINE12_AXL,"전략적 인식과 전투 기술에 접근할 수 있지만, 더 어두운 영향이 우리 안에서 발현될 수 있는 위협이 항상 존재합니다."
FINALLUMINE13_AXL,혁신을 수용하면서 코드에 잠재된 혼돈의 메아리로부터 자신을 보호하는 섬세한 균형입니다.
FINALLUMINE14_AXL,신세대 레플리로이드의 여정은 단순한 진화가 아니라 시그마 같은 선대의 유산을 극복하는 것이기도 합니다.
FINALLUMINE15_AXL,다른 질문 있으신가요?
FINALLUMINE16_AXL,카피칩? 시그마? 그러면 나도 시그마처럼 미치는 거야?
FINALLUMINE17_AXL,프로토타입은 여러 핵심적 이유로 이레귤러가 될 수 없습니다.
FINALLUMINE18_AXL,설명해 드리겠습니다.
FINALLUMINE19_AXL,.........?
FINALLUMINE20_AXL,"1. ""기능적 vs 창의적 본질"": 프로토타입은 기능적 도구이며 프로젝트 범위에 의해 제한됩니다."
FINALLUMINE21_AXL,"2. ""다른 목표"": 프로토타입의 목표는 아이디어 검증이고, 이레귤러의 목표는 파괴적 혁신입니다."
FINALLUMINE22_AXL,프로토타입은 자율성이나 자체 의도가 없으며 아직 개발 중인 아이디어의 표현입니다.
FINALLUMINE23_AXL,"3. ""구조적 한계"": 프로토타입은 일반적으로 예산과 시간 제약이 있는 정해진 매개변수 내에서 개발됩니다."
FINALLUMINE24_AXL,"4. ""진화 vs 혁명"": 프로토타입은 진화적 제품 개발 과정의 일부입니다."
FINALLUMINE25_AXL,이레귤러는 혁명적 접근을 취하며 기존 방식을 완전히 바꿉니다.
FINALLUMINE26_AXL,이런 급진적 변혁은 단순한 프로토타입으로는 달성할 수 없습니다.
FINALLUMINE27_AXL,"ㅋㅋ! 안됐지만, 넌 프로토타입이거든 :)"
FINALLUMINE28_AXL,"요약하면, 프로토타입과 이레귤러의 본질과 기능은 근본적으로 다르므로, 프로토타입이 이레귤러가 되는 것은 불가능합니다."
FINALLUMINE29_AXL,다른 질문 있으신가요?
FINALLUMINE30_AXL,.......
FINALLUMINE31_AXL,넌 AI지?
FINALLUMINE32_AXL,땡~ 물론 처음부터 나 루미네였음. 반응 보려고 한 거야 ㅋㅋㅋ
FINALLUMINE33_AXL,이제 죽어 :)
ENDING1-1_AXL,말도 안 돼 :(
ENDING1-2_AXL,이거 클리어 불가능하게 만든 건데. 개발자가 파라다이스 로스트 너프했잖아.
ENDING1-3_AXL,필요하다면 너 같은 놈 얼마든지 상대하겠어.
ENDING1-4_AXL,ㅋ...ㅋㅋ...상황 파악 좀 해봐...
ENDING1-5_AXL,그냥 삭제 좀 해줘...
ENDING1-6_AXL,.....
ENDING1-7_AXL,"됐고, 그냥 빨리 끝내줘."
ENDING2-1_AXL,ㅈㅈ.
ENDING2-2_AXL,액슬.....액슬! 상황 보고!
ENDING2-3_AXL,상황 보고 디즈넛. 끝났다. 나 진짜 이 뻘짓 지겨움.
ENDING2-4_AXL,"뭐, X7 디메이크 나올 거 같아? X7 디메이크는 니들이 만들어. 난 빠진다."
ENDING2-5_AXL,대사도 더 안 할 거야. 팬게임 클리어 ㅊㅋ. *Alt+F4*
SECRET2-1_AXL,"어서 와, 액슬. 기다리고 있었어."
SECRET2-2_AXL,"오, 이미 날 알고 있었네?"
SECRET2-3_AXL,솔직히 지금까지 싸운 놈들보다 훨씬... 차분하네? 뭐하는 사람이야?
SECRET2-4_AXL,빨리 눈치채시는군요.
SECRET2-5_AXL,나는 세레나데.
SECRET2-6_AXL,제가 다르다고 하셨죠?
SECRET2-7_AXL,제 압도적인 힘 때문이에요.
SECRET2-8_AXL,압도적? 진심? 솔직히 그래 안 보이는데...
SECRET2-9_AXL,맞아요. 저의 힘은 공격성이 아닙니다. 언더킹을 잃은 후 수련했어요.
SECRET2-10_AXL,"20년간 힘을 모았고, 당신을 시험 상대로 선택했어요."
SECRET2-11_AXL,"20년? 와, 되게... 오래됐네. 근데 나한테는 카피 능력이 있지."
SECRET2-12_AXL,세레나데라... 흠...
SECRET2-13_AXL,"정말 나한테 도전할 거야? 감당 못 할 수 있는데. 뭐, 도전은 도전이지. ㄱㄱ!"
SECRET2-14_AXL,그럼 나와... 액슬. 보여줘!
SECRET2-15_AXL,이길 수 있다고 생각했는데. 틀렸네요.
SECRET2-16_AXL,하지만 당신은... 힘만 의지하지 않아요. 정신력이 더 강해요.
SECRET2-17_AXL,"전투 기술 이상이에요. 끈기, 마음이에요..."
SECRET2-18_AXL,"뭐, 사람들 놀래키는 게 습관이라. 그런 재주가 있어서 ㅋ"
SECRET2-19_AXL,당신도 만만찮았어. 존경해.
SECRET2-20_AXL,"아름답게 싸웠어요, 액슬. 이 세계 최강의 전사일지도."
SECRET2-21_AXL,보상으로 줄 게 없어서... 감사만 드릴게요.
SECRET2-22_AXL,"괜찮아, 좋은 싸움이었으니까. 그게 최고의 보상이야..."
SECRET2-23_AXL,근데 비밀 파워업 같은 거 있으면 안 거절할게 ㅋ
SECRET2-24_AXL,"다른 곳에서 다시 만나요... 그때까지, 안녕."
SECRET2-25_AXL,"잘 가, 세레나데. 다음엔 봐주지 않을 거야!"
SECRET2-26_AXL,SECRET2-26_AXL
SECRET3-1_AXL,드디어 획득했다. 이 데이터에 모든 수배범 정보가...
SECRET3-2_AXL,레... 레드? 어떻게...?
SECRET3-3_AXL,"액슬, 오랜만이다. 혼자서 잘 하고 있나?"
SECRET3-4_AXL,"레드, 잠깐! 여기는 고급 헌터만 접근 가능해!"
SECRET3-5_AXL,"달라진 건 없어, 레드. 아직 그 방식을 따르는 거야?"
SECRET3-6_AXL,레드 얼럿을 그 때문에 뒤틀어버렸잖아!
SECRET3-7_AXL,"어떻게 보이는지 알지만, 걱정 마. 이 데이터로 매버릭을 더 효율적으로 사냥할 수 있어."
SECRET3-8_AXL,"레드 얼럿의 정의를 되찾을 수 있어, 액슬."
SECRET3-9_AXL,그건 정의가 아냐... 그건 권력이야! 악용하게 놔둘 수 없어!
SECRET3-10_AXL,"헤, 너한테서 그런 말을 듣게 될 줄은. 실력이 늘었나 보자."
SECRET3-11_AXL,"나쁘지 않네... 꼬마, 헌터로서 성장했구나."
SECRET3-12_AXL,"이렇게 안 해도 돼, 레드. 다시 시작하기엔 늦지 않았어."
SECRET3-13_AXL,아마... 아마 아닐지도. 나는 내 길을 갈 거야.
SECRET3-14_AXL,하지만 당분간은 신중하게 행동하겠어.
SECRET3-15_AXL,다음에 만나면 이렇게 쉽지 않을 거야. 잘 가... 몸 조심해.
SECRET3-16_AXL,레드...
INTRO1-1_ZERO,여기가 튜토리얼 존이군. 좀 그저 그런데.
INTRO1-2_ZERO,"제로, 들려? 이 지역에 거대한 이레귤러 메카닐로이드가 있어."
INTRO1-3_ZERO,"닥쳐 알리아, 니 말 들으려고 여기 온 거 아니거든."
INTRO1-4_ZERO,채팅은 게임 플레이가 보고 싶고 콤보가 보고 싶은 거야.
INTRO1-5_ZERO,다들 나를 보러 온 거야. 갓.
INTRO1-6_ZERO,"방금.......... 닥치라고 했어? 내가 제대로 들은 거야?! 주변 여자가 안 살아있는 이유가 이것 때문이겠지, 이 광대야."
INTRO2-1_ZERO,시그마? 또 시그마? 또또 시그마? 또또또 시그마? 에너지 드링크 너무 마셨나...
INTRO2-2_ZERO,야 여기 진짜 캄캄한데.
INTRO2-3_ZERO,뭔가 타는 냄새도 나고.
INTRO2-4_ZERO,밖에 나가봤는데 별 도움 안 됨 ㅋㅋ.
INTRO2-5_ZERO,물 좀 가져와서 불 꺼야 할 듯...
INTRO2-6_ZERO,넌 누구야? 신원을 밝혀!
INTRO2-7_ZERO,21XX년인데 아직도 신분증 달라고? 크게 야;
INTRO2-8_ZERO,"저는 루미네, '시그마와 시그마들' 밴드 디렉터였는데요. 샘플 들어볼래요?"
INTRO2-9_ZERO,잠깐 그거 스티-
INTRO3-1_ZERO,어머 바나나머리 아저씨잖아~
INTRO3-2_ZERO,"바일? 잠깐, 넌 보라색 아니었어? 분명 보라색이었는데."
INTRO3-3_ZERO,ㅋㅋ 치매야? 나 파란색인 적 없거든?
INTRO3-4_ZERO,야 루미네 어디로 데려가는 거야? 내려놔.
INTRO3-5_ZERO,그렇게 부탁하면 누가 내려놓겠냐 ㅋㅋ
INTRO3-6_ZERO,"뭘 할 생각이야, 보바펫 코스프레 충아?"
INTRO3-7_ZERO,아직도 보바펫 닮았다고? ㅋㅋ 어쨌든 심심하니까 술집 갈게. 내 친구랑 크랩레이브나 춰 ㅋㅋㅋ
INTRO3-8_ZERO,ㅋㅋㅋㅋㅋㅋㅋ!
ANTONION1_ZERO,중력 개미도련님. 대단한 과학자였는데 매버릭이 됐구나.
ANTONION2_ZERO,야 진짜 과학자 과학자 하는데 난 과학자 아니거든?!
ANTONION3_ZERO,나보다 똑똑한 사람한테 물어봐. 시그마가 이렇게 만든 거야?
ANTONION4_ZERO,너랑 다른 애들도 매버릭으로 만든 거야?
ANTONION5_ZERO,잠깐만 내 말 좀 들어봐.
ANTONION6_ZERO,매버릭이든 이레귤러든 개미든 뭐든 좋아.
ANTONION7_ZERO,근데 과학자라고 부르지 마!!!!!
MANOWAR1_ZERO,야! 잠수탄 해파리!
MANOWAR2_ZERO,도시 전력 정상화시켜. 당장.
MANOWAR3_ZERO,... ... ...
MANOWAR4_ZERO,야 말하라고 해파리야.
MANOWAR5_ZERO,... ... ...
MANOWAR6_ZERO,... ... ...
MANOWAR7_ZERO,뭐라도 말해라 이 쓸모없는 NPC야!
MANOWAR8_ZERO,뭐라도 말해라 이 쓸모없는 NPC.
MANOWAR9_ZERO,-____-
MANOWAR10_ZERO,ㅋㅋ 웃기네. 내 세이버 네 !?@$&에 꽂으면 안 웃기겠지?
MANTIS1_ZERO,오. 이거 봐. 넌 제로 맞지?
MANTIS2_ZERO,나 제대로 안다면 지금쯤 벌벌 떨고 있었을 텐데.
MANTIS3_ZERO,ㅋㅋ 오케이 꼰대. 구세대 레플리로이드는 하나도 모르는구나?
MANTIS4_ZERO,"무슨 뜻이야, 매버릭?"
MANTIS5_ZERO,우리 보스가 너한테 관심 많거든~ 우리 디코 최고 관리자 될 수 있었는데.
MANTIS6_ZERO,매버릭 디스코드 가입은 사양할게 ㅋ
MANTIS7_ZERO,걱정 마... 너 처리하고 네 보스 DM 밀어볼 거니까.
PANDA1_ZERO,우와아아아아아!
PANDA2_ZERO,이거 레전드다! ㅋㅋㅋ
PANDA3_ZERO,넌 누군데?
PANDA4_ZERO,나도 내가 누군지 계속 물어봤어. 팬더야? 거위야? 학생이야? 선생이야? 결론: 다야!
PANDA5_ZERO,!!!
PANDA6_ZERO,설마...
PANDA7_ZERO,나는............
PANDA8_ZERO,100% 해방된 섀기다.
PANDA9_ZERO,"수다는 그만, 싸우자! 샤-바-부우우우이이이!!!!"
ROOSTER1_ZERO,왜 폭동을 일으킨 거야? 시그마 짓이야?
ROOSTER2_ZERO,으아아악!!!! 아아아아 뜨거워 ㅈㄴ 아파!!!!!
ROOSTER3_ZERO,엥?
ROOSTER4_ZERO,이놈 뭐가 문제야?
ROOSTER5_ZERO,아아아아악!
ROOSTER6_ZERO,이 고통의 원인이 너지?!
ROOSTER7_ZERO,고통? 근데 넌 배경에서 벽을 발로 차서... 아 설마...
ROOSTER8_ZERO,널 조각내면 이 고통이 멈출 거야!
ROOSTER9_ZERO,불태워! 불태워! 다 태워버려! 괜찮아. 다 괜찮아. 불!길!이! 솟!는!다!!!!!!!!!!!!!!
SUNFLOWER1_ZERO,잠깐잠깐잠깐잠깐!
SUNFLOWER2_ZERO,이거 진짜냐고!
SUNFLOWER3_ZERO,응?
SUNFLOWER4_ZERO,쥬리가 캐미한테 진 디캡리를 구해서 둘 다 데리고 갔는데. 브라질에서 런던까지 오토바이로???
SUNFLOWER5_ZERO,그리고 베가가 걸어서 쫓아왔다고????? ㅋㅋㅋㅋㅋ 이게 무슨 스토리 모드야!!! ㅋㅋ
SUNFLOWER6_ZERO,"아... ""어 쉐도우 폴즈""... 진정한 스파5의 ""명작"" 스토리 모드. 참고로: ""아름다운 레퍼런스""야."
TRILOBYTE1_ZERO,나는... 어스록 삼엽충이다.
TRILOBYTE2_ZERO,신세대 레플리로이드로서 마인크래프트에서 일하고 싶었어. 근데 뭔가 항상 방해했지.
TRILOBYTE3_ZERO,엥?
TRILOBYTE4_ZERO,"근데 광산의 부름이 너무 강했어. 그래서 어느 날 캐기 시작했어, 계속 캤어..."
TRILOBYTE5_ZERO,"여보세요? 지구에서 벌레한테 전화? 에휴, 이 게임에서 아무도 말을 안 듣네."
TRILOBYTE6_ZERO,그리고 드디어 찾았어...
TRILOBYTE7_ZERO,네더!!!! 치킨 조키 천국이다!!!!!!!!!!!!!!!!!
YETI1_ZERO,제로. 주인님이 새 이상세계에서 너한테 역할이 있대.
YETI2_ZERO,내 머리카락 훔치려는 거면 시도도 하지 마. 가발 써도 안 어울릴 거야.
YETI3_ZERO,뭐? 아니 그거 아냐. 네가 잠재력이 있다는-
YETI4_ZERO,"됐거든, 다 내 머리카락 노리는 거 알아. 안 속아!"
YETI5_ZERO,"(이 금발 자뻑충 ㄹㅇ 답 없다. 그냥 싸우자, 뭐 어쩌겠어.)"
VILE1-1_ZERO,바일!
VILE1-2_ZERO,엘리베이터랑 루미네로 뭘 할 생각이야?
VILE1-3_ZERO,루미네? ㅋㅋ 걱정 마. 잘 돌봐주고 있으니까.
VILE1-4_ZERO,지금 시그마랑 술집에서 생맥주 원샷 중임.
VILE1-5_ZERO,"그 엘리베이터는 너 같은 매버릭한테 너무 복잡하지, 바일."
VILE1-6_ZERO,맥주 그렇게 마시고 싶으면...
VILE1-7_ZERO,와 ㅋㅋ VIP로 넣어줄게~
VILE2-1_ZERO,바일!
VILE2-2_ZERO,루미네 넘겨. 거부는 안 받아.
VILE2-3_ZERO,"야 질문 하나, 록맨 팬게임 개발자들이 음악 만들 때 뭐 써?"
VILE2-4_ZERO,오 좋은 질문! 그래서 프로그램 중에 데플리... 데플리 마키 메...으아악!
VILE2-5_ZERO,"데플리 마키, 메...으아아악!!!!!!"
VILE2-6_ZERO,ㅋㅋㅋㅋ 데플리...마스키 (사실 DEFLEMASK인데 ㅋㅋㅋ)
VILE3-1_ZERO,정의 타령 안 질리냐?
VILE3-2_ZERO,시그마 시다바리 안 질리냐?
VILE3-3_ZERO,오~ 오늘 독한데. 완전 턴-다운-포-왓 에너지.
VILE3-4_ZERO,근데 ㄹㅇ 왜 계단 안 타고 왔어? 더 빨랐을 텐데.
VILE3-5_ZERO,"아~ 벽킥으로 산 꼭대기까지 온 거구나. 이른바 ""정상으로 가는 길"""
VILE3-6_ZERO,"왜냐면 나, 바일-루카스-게이밍-MK5-프로-록맨-플레이어가 최고의 유튜버가 되어서-"
VILE3-7_ZERO,"됐고 됐고 다 알아, 빨리 싸우자. 급하거든."
VILE4-1_ZERO,야 넌 ㄹㅇ 짜증나 ㅋㅋ
VILE4-2_ZERO,이 난리통에 맥주 한 잔 하고 쉬면 안 되냐?
VILE4-3_ZERO,난리통?
VILE4-4_ZERO,돌아서면 너랑 시그마 또 나타나니까 지겨울 뿐이야.
VILE4-5_ZERO,뭐야 돌아선다니? 뒤가 뻐근해?
VILE4-6_ZERO,안마 해줄까 ㅋㅋ 내가 풀어줄게~
COPYSIGMA1_ZERO,시그마.....! 이 쓰레기야!
COPYSIGMA2_ZERO,인류를 배신하고 동료를 죽였어. 네 반란은 여기서 끝이야!
COPYSIGMA3_ZERO,ㅋㅋㅋ 오랜만이다 제로. 이 불 아머 어때? 꽤 멋있지? ㅋㅋ
COPYSIGMA4_ZERO,무시하지 마 이 비겁한 놈! 승부는 여기서 지금 가른다!
COPYSIGMA5_ZERO,"이번엔 진짜로 끝장낸다! 시그마, 널 쓰러뜨리겠어!"
COPYSIGMA6_ZERO,이 레퍼런스 알아볼 사람 있을까 ㅋㅋㅋㅋ
COPYSIGMA7_ZERO,덤벼라 조로! 불 코스프레의 위력을 보여주지!
SIGMA1_ZERO,"아, 제로... 제로, 제리노, 빅 Z, 1-800-제로, 기타등등."
SIGMA2_ZERO,"있잖아, 생각해보니까 너네 말이 맞았어."
SIGMA3_ZERO,대머리는 내 스타일이 아니라서 악마가 되기로 했어. 훨씬 간지나잖아.
SIGMA4_ZERO,솔직히 뿔 달린 시다바리 같은데.
SIGMA5_ZERO,"닥쳐, 내 뿔은 정성 들여 만든 거거든."
SIGMA6_ZERO,네 뿔은 다이소에서 산 파티용 스파이크 같지만.
SIGMA7_ZERO,적어도 나는 고속도로에서 치여서 플라즈마 가스로 없는 몸통 대체한 것 같진 않은데.
SIGMA8_ZERO,야너지금입조심해안그러면진짜로맹세컨대나는NPC처럼무시당할존재가아니거든
SIGMA9_ZERO,진짜악마가뭔지보여주겠어!
SIGMA10_ZERO,"죽어 제로, 그냥 죽어 제로오오오오!!!!"
SIGMA11_ZERO,ㅋㅋㅋ 나도 텍스트로 웃는 법 까먹음 >:]
SIGMA12_ZERO,완전 미쳐버렸네. 이 뿔난 광대를 여기서 끝내야겠다!
FINALLUMINE1_ZERO,루미네! 야콥 프로젝트 감독이지. 괜찮아?
FINALLUMINE2_ZERO,.......
FINALLUMINE3_ZERO,"반갑습니다, 하찮은 필멸자여. 이 곳에서 나를 깨운 것이군."
FINALLUMINE4_ZERO,"내 계산이 맞다면, 여기는 달 표면이지?"
FINALLUMINE5_ZERO,누... 누구야? 루미네가 아닌 것 같은데.
FINALLUMINE6_ZERO,"루미네? ㅋ, 당연히 아니지."
FINALLUMINE7_ZERO,루미네는 이 성별 불명의 레플리로이드 잔해에 없어.
FINALLUMINE8_ZERO,"나를 모르겠어? 나야, 달빛의 별."
FINALLUMINE9_ZERO,"달빛의 별?\n! ! !\n잠깐, 설마 너..."
FINALLUMINE10_ZERO,"맞아 잔챙이, 목소리로 보아 넌 민트 아부 짱이겠군."
FINALLUMINE11_ZERO,"여기로 나를 소환할 줄은 몰랐네, 히히 :3"
FINALLUMINE12_ZERO,"근데 잠깐, 여기 너 혼자야? [킹덤하츠 주인공 + 야사카니 가문 멤버]는 어디..."
FINALLUMINE13_ZERO,"[킹덤하츠 주인공 + 야사카니 가문 멤버]를 찾는다면, 지금은 부재중이야."
FINALLUMINE14_ZERO,"누가 알아, 언젠간 나타날지도. 운명이란 게 원래 변덕스럽잖아."
FINALLUMINE15_ZERO,"자, 궁금하겠지. ""왜 이 여자가 문제를 일으킬 것 같은 분위기지?"""
FINALLUMINE16_ZERO,"간단한 대답: 나를 소환한 건 실수였고, 그 덕에 다른 형태를 각성시킬 수 있었거든."
FINALLUMINE17_ZERO,치마미레 노 에쿠리푸스.
FINALLUMINE18_ZERO,치미창가 노 이집션?
FINALLUMINE19_ZERO,뭐???? ㅋㅋㅋㅋㅋ
FINALLUMINE20_ZERO,아니 이 바보야.
FINALLUMINE21_ZERO,치-마-미-레 노 에-쿠-리-푸-스라고 했잖아.
FINALLUMINE22_ZERO,"(감히 내 이름을 잘못 발음하다니, 특히 히라가나랑 가타카나 좋아하는 놈이)"
FINALLUMINE23_ZERO,이제 최악의 결과를 맞이해라.
FINALLUMINE24_ZERO,"내 이름을 틀리게 부른 것뿐 아니라, 내가 아직 달빛의 별인 줄 안 죄값도."
FINALLUMINE25_ZERO,안전하다고 느껴? 방금 뭘 소환했는지 알고도?
FINALLUMINE26_ZERO,나... 이해가 안 가는데...
FINALLUMINE27_ZERO,"아이고, 불쌍해라."
FINALLUMINE28_ZERO,"민트 아부 짱. 이렇게 작고, 이렇게 평화주의적이고, 이렇게 착한데... 이렇게 순진한."
FINALLUMINE29_ZERO,나에 대해 뭔가 이해한다고 생각해? 뭐라도 알겠어?
FINALLUMINE30_ZERO,당연히 아니지. 내 우주에 살았으면 네 희망은 진작에 산산조각 났을 거야.
FINALLUMINE31_ZERO,왜 그래? 왜 그렇게 화난 표정이지?
FINALLUMINE32_ZERO,"나를 막겠다고? 너? ""지구의 수호자""라고 자칭하는 필멸자가?"
FINALLUMINE33_ZERO,ㅋㅋㅋㅋ! 심장이 있다면 웃겨 죽겠네.
FINALLUMINE34_ZERO,그냥 여기서 삭제해서 고통을 끝내줄까?
FINALLUMINE35_ZERO,너한테 순순히 따를 것 같아?! 착해도 그렇게 호구는 아니거든!
FINALLUMINE36_ZERO,"내가 아는 달빛의 별이 아닐지 몰라도, 그렇다고 희망을 포기하진 않아!"
FINALLUMINE37_ZERO,덤벼라! 너도 내 두려움도 무섭지 않아. 내가 소환했으니 내가 추방한다!
FINALLUMINE38_ZERO,체! 필멸자들한테 분풀이하러 왔는데.
FINALLUMINE39_ZERO,"근데 널 알고 보니, 더 부수고 싶어졌어!!! >:("
FINALLUMINE40_ZERO,네 존재의 본질을 즉시 소멸시키겠어. 영혼까지 완전히 끝장내주마! 죽어!!!!
FINALLUMINE41_ZERO,"뭐라고 지껄이든 상관없어, 놓치지 않겠어! 간다아아아!!!! 이집션!!!!!!!!"
SECRET2-1_ZERO,"어서 와 제로, 처음 만나서 반가워."
SECRET2-2_ZERO,응? 고마워. 다른 놈들과 달리 매버릭 같지 않구나.
SECRET2-3_ZERO,뭔가... 평화로운 기운이 느껴져. 넌 누구야?
SECRET2-4_ZERO,빨리 눈치채시는군요.
SECRET2-5_ZERO,나는 니N... 아니 세레나데야. (ㅋㅋㅋㅋ)
SECRET2-6_ZERO,제가 다르다고 하셨죠?
SECRET2-7_ZERO,제 미쳐버린 힘 때문이에요.
SECRET2-8_ZERO,"미쳐버린? 잠깐, 미쳐버렸다고???????"
SECRET2-9_ZERO,맞아요. 공격성이 아니에요. 언더킹을 잃은 후 수련했어요.
SECRET2-10_ZERO,네 기운을 느끼니 왠지... 낯이 익은데.
SECRET2-11_ZERO,흠?
SECRET2-12_ZERO,혹시... 우리에게 파괴를 가져올 운명인 사람?
SECRET2-13_ZERO,뭐? 나에 대해 뭘 알아? 지금 당장 말해!
SECRET2-14_ZERO,싸워보면 알겠지?
SECRET2-15_ZERO,"20년간 힘을 모았고, 빌드 테스트 상대로 널 선택했어."
SECRET2-16_ZERO,세레나데라?
SECRET2-17_ZERO,"좋아, 결투를 받아들이겠어!"
SECRET2-18_ZERO,"그럼, 와라 제로! 네 힘도 보여줘!"
SECRET2-19_ZERO,이길 수 있다고 생각했는데. 틀렸어요.
SECRET2-20_ZERO,싸우는 방식을 보니 '그 사람'과는 다르구나.
SECRET2-21_ZERO,닮은 점이 많지만 뭘 위해 싸우는지 아는 것 같아.
SECRET2-22_ZERO,내 반대편인 나 자신이 존재한다는 거야?
SECRET2-23_ZERO,"맞아, 하지만 그도 ""유튜브의 니들맨 팬""한테 나처럼 질 거야."
SECRET2-24_ZERO,"아름답게 싸웠어, 제로. 이 세계에서 만난 최강의 상대야."
SECRET2-25_ZERO,보상으로 줄 게 없어서... 감사만 드릴게요.
SECRET2-26_ZERO,괜찮아. 매버릭이 아니었다는 것만으로 보상이야.
SECRET2-27_ZERO,"다른 곳에서 다시 만나요... 그때까지, 안녕."
SECRET2-28_ZERO,"그리고 기억해, 정말 뭘 위해 싸우는지 생각해봐."
SECRET2-29_ZERO,아아아아아아아아아아아아아아아!!!!!!!
SECRET3-1_ZERO,너...! 야! 이 손등 고운 광대야!
SECRET3-2_ZERO,나한테 하는 말이야?
SECRET3-3_ZERO,"아니 자기야, 느그엄마한테 하는 말이야."
SECRET3-4_ZERO,........ 아 다행이다.
SECRET3-5_ZERO,그럼 나 갈게~
SECRET3-6_ZERO,잠깐만 거기 서!
SECRET3-7_ZERO,체!
SECRET3-8_ZERO,할 말 있으면 빨리 뱉어!
SECRET3-9_ZERO,니 태도가 느그엄마 만큼 큰 거 같-
SECRET3-10_ZERO,"체! 야 내 화장 망쳤잖아, 뭐 하는 거야 진짜."
SECRET3-11_ZERO,예전에 유명한 밴드 멤버한테도 이랬는데 걔는 불평 안 했거든.
SECRET3-12_ZERO,액슬 얼굴에도 흉터 있잖아. 징징대지 말고 받아들여.
SECRET3-13_ZERO,"ㅋㅋ... 생각해보니 얼굴에 멋진 흉터 있는 것도 나쁘지 않네. 이 ""가벼운"" 조언 따라볼까."
SECRET3-14_ZERO,그럼 이만. 나중에 보자.
SECRET3-15_ZERO,"잠깐 X7 디메이- 아 됐다, 그냥 가자."
FINAL-6,"싫어싫어싫어, 너도 엑스, 피투성이에 울고 있고 에휴. 그냥 빨리 기지로 돌아가 이 바보들아."
VILE4-6_AXL,안 나온다고! (아무도 답글 안 읽잖아 아아아아)
SUNFLOWER_ZERO_WEAPON,텐쇼하 우오오오오!\n(천상파)
ANTONION_ZERO_WEAPON,쥬하잔\n(중참파)
MANTIS_ZERO_WEAPON,라셋센\n(선풍회전)
MANOWAR_ZERO_WEAPON,라이코센\n(뇌광섬)
PANDA_ZERO_WEAPON,요단토츠\n(엽단돌)
TRILOBYTE_ZERO_WEAPON,렉쿄단\n(격경단)
YETI_ZERO_WEAPON,효류쇼\n(빙룡승)
ROOSTER_ZERO_WEAPON,엔코진\n(염강인)
ZERONORMAL_NAME,금발 미남
ZERONORMAL_DISC,슬래시 대시 캔슬 악용러
ZEROBLACK_NAME,중2병 금발
ZEROBLACK_DISC,매버릭 피를 마실 시간!
NEXT_CHARACTER_NAME,다음 캐릭터
NEXT_CHARACTER_DISC,다음 캐릭터로 전환
PREV_CHARACTER_NAME,이전 캐릭터
PREV_CHARACTER_DISC,이전 캐릭터로 전환
ZEROBODY_NAME,Mamilos
ZEROBODY_DESC,15% de redução de dano
X_LEFT_TITLE_1,Chifres:
X_LEFT_DESC_1,Sistema de roubar DNA para o XiiX Buster.
X_LEFT_TITLE_2,Braços
X_LEFT_DESC_2,"Berro - MK2112114, dispara energia solar recarregável."
X_LEFT_TITLE_3,Peitcholas
X_LEFT_DESC_3,"Liga de Titânio X, altamente resistente a danos."
X_LEFT_TITLE_4,Saltos:
X_LEFT_DESC_4,Sistema de Dash Aéreo para movimentação aérea.
X_RIGHT_DESC,"Mega Man da Saga Classica do Futuro. É a versão melhorada de Rock, confia no pai.\n\nHesita em lutar e por isso não para de sofrer e é muito reclamão, Estado Emo ativado o jogo inteiro.\n\n\nUma boa escolha para noobs kkkk."
ZERO_LEFT_TITLE_1,Chifres:
ZERO_LEFT_DESC_1,Aprende novas técnicas lutando.
ZERO_LEFT_TITLE_2,Hu Ha Hu!:
ZERO_LEFT_DESC_2,Slash Dash Cancel nas veias porque ninguem aceita que é um glitch e não parte da gameplay
ZERO_LEFT_TITLE_3,Mamilos Verdes:
ZERO_LEFT_DESC_3,Melhora a mobilidade e aumenta a energia para movimentos poderosos.
ZERO_LEFT_TITLE_4,Saltos Duplo:
ZERO_LEFT_DESC_4,Acrobacias de profissional.
ZERO_RIGHT_DESC,"Matou todo mundo da saga Classica, confia.\n\nLoirão de cachos bananudos famoso por atrair mulheres bonitas e depois matá-las... mas que relacionamento de um homem macho.\n\nUma boa escolha pra quem joga de Marth no Smash Bros."
AXL_LEFT_TITLE_1,Chip de Mímico:
AXL_LEFT_DESC_1,Permite que Axl copie habilidades de seus inimigos.
AXL_LEFT_TITLE_2,Edson:
AXL_LEFT_DESC_2,Pega a metralhadora Ratatatatatatatatatata.
AXL_LEFT_TITLE_3,Peicholas:
AXL_LEFT_DESC_3,Aumenta a mobilidade e permite a habilidade de rolada (Ui).
AXL_LEFT_TITLE_4,Foot Parts Glide Armor:
AXL_LEFT_DESC_4,Permite pairar no ar por um período de tempo. (Segure o botão de Tiro + Pulo ao mesmo tempo e poderá pairar enquanto está atirando)
AXL_RIGHT_DESC,"Também conhecido como X Menos.\n\nÉ um moleque Protótipo experimental dos Guns N' Roses, que só sabe meter bala em geral.\n\nUma boa escolha para os Dark Souls da vida."
GAME_START_X,이모충으로 시작
GAME_START_AXL,총잡이로 시작
GAME_START_ZERO,애니남으로 시작
SUBTANK_NAME,서브탱크
SUBTANK_DISC,비상용 에너지
HEARTS_NAME,라이프 업
HEARTS_DISC,체력 증가
BLACKZEROHEAD_NAME,블랙 머리 파츠
BLACKZEROHEAD_DISC,공격 시 체력 회복
BLACKZEROBODY_NAME,블랙 몸통 파츠
BLACKZEROBODY_DISC,"넉백 무효, 데미지 15% 감소"
BLACKZEROARM_NAME,블랙 팔 파츠
BLACKZEROARM_DISC,"데미지 20% 증가, 능력 강화"
BLACKZEROLEG_NAME,블랙 다리 파츠
BLACKZEROLEG_DISC,"속도 버프, 공중 추가 점프"
AXLWHITEHEAD_NAME,화이트 머리 파츠
AXLWHITEHEAD_DISC,탄환 히트 시 체력 회복
AXLWHITEBODY_NAME,화이트 몸통 파츠
AXLWHITEBODY_DISC,"넉백 무효, 데미지 30% 감소"
AXLWHITEARM_NAME,화이트 팔 파츠
AXLWHITEARM_DISC,탄약 소모 50% 감소
AXLWHITELEG_NAME,화이트 다리 파츠
AXLWHITELEG_DISC,"무한 호버, 속도 증가, 수직 대시"
ULTIMATE_SET_NAME,노바 스트라이크
ULTIMATE_SET_DISC,관통력으로 돌진
ICARUS_SET_NAME,기가 크래시
ICARUS_SET_DISC,화면 전체 적 공격.
HERMES_SET_NAME,X 드라이브
HERMES_SET_DISC,잠시 무적!
CANCEL_ACT,ㄴㄴ 뒤로
BETAZERO_NAME,제로 (베타)
BETAZERO_DISC,베타 제로로 플레이 (게임 터질 수도 있음 ㅋ)
CUSTOMZERO_NAME,커스텀 제로
CUSTOMZERO_DISC,"세이브 폴더에서 색상 커스텀, 중2병 모드보다 더 사기"
ZEROHEAD_NAME,머리 파츠
ZEROHEAD_DESC,새 기술 학습 가능
ZEROARMS_NAME,미키마우스 장갑
ZEROARMS_DISC,욧! 핫! 후!
ZEROLEGS_NAME,두꺼운 부츠
ZEROLEGS_DISC,화려한 더블점프 가능
AXLHEAD_NAME,머리 파츠
AXLHEAD_DISC,다른 레플리로이드로 변신 가능.
AXLBODY_NAME,몸통 파츠
AXLBODY_DISC,킵 롤린 롤린 롤린 롤린...
AXLARMS_NAME,섀도우 더 헤지혹
AXLARMS_DISC,"뉴트럴 스페셜로, 총을 쏜다"
AXLLEGS_NAME,다리 파츠
AXLLEGS_DISC,호버 + 에어대시. X7이랑 같음.
JOKE_MODE_OPTION,밈 모드
"SAVE_GAME","저장해줘"
"SAVE_OPTION","저장 ㄱㄱ"
"CONTINUE_OPTION","욜로"
"SAVE_RETURN_MENU","도망가기"
"SAVE_RETURN_CONFIRM","진짜요?"
"SAVE_EMPTY","없음ㅋ"
"SAVE_DIFFICULTY","난이도ㅋ"
"SAVE_OVERWRITE_CONFIRM","덮어쓰기?"
