"key","hi"
"TOTAL_TIME","कुल समय"
"DISCLAIMER1","यह एक मुफ्त फैनगेम है।\n\nयह Capcom या उसकी किसी भी सहायक कंपनी से संबद्ध, अधिकृत, समर्थित या किसी भी तरह से आधिकारिक रूप से जुड़ा नहीं है।\n\nMega Man X, Capcom की संपत्ति है।\nकृपया आधिकारिक रिलीज़ का समर्थन करें!"
"MADE_BY","एक व्यक्ति की परियोजना"
"INSPIRED_BY","से प्रेरित"
"SPECIALTHANKSTEXT","यह मॉड Zashiko द्वारा बनाया गया था\n\nऔर pirate द्वारा डीकंपाइल किया गया\nप्रोजेक्ट क्लीनअप: Rafael Setragni & Claude (AI)\n\nमॉड के सभी योगदानकर्ताओं और परीक्षकों को विशेष धन्यवाद।\nपुनः अनुवाद: ElevenSSF2 (Mint)"
"16-BIT_TITLE","16-bit"
"OPTIONS_START","विकल्प मोड"
"KEYCFG_START","कुंजी विन्यास"
"GAME_START","गेम शुरू करें"
"GAME_START_NORMAL","सामान्य मोड"
"GAME_START_ROOKIE","नौसिखिया मोड"
"GAME_START_HARD","कठिन मोड"
"GAME_START_INSANITY","पागलपन मोड"
"GAME_START_NINJA","NINJA GAIDEN मोड"
"LOAD_GAME","गेम लोड करें"
"ON_VALUE","चालू"
"ON_VALUE_B","वैकल्पिक"
"OFF_VALUE","बंद"
"EXIT_BUTTON","बाहर"
"ARMORSETUP_TITLE","आर्मर सेटअप"
"LOADOUT_DISC","अपना लोडआउट चुनें।"
"DEFAULTHEAD_NAME","डिफ़ॉल्ट हेड"
"DEFAULTHEAD_DISC","डिफ़ॉल्ट पार्ट।"
"DEFAULTBODY_NAME","डिफ़ॉल्ट बॉडी"
"DEFAULTBODY_DISC","डिफ़ॉल्ट पार्ट।"
"DEFAULTARMS_NAME","डिफ़ॉल्ट बस्टर"
"DEFAULTARMS_DISC","डिफ़ॉल्ट पार्ट।"
"DEFAULTLEGS_NAME","डिफ़ॉल्ट फुट"
"DEFAULTLEGS_DISC","डिफ़ॉल्ट पार्ट। एयर डैश कर सकता है।"
"HERMESHEAD_NAME","हेड पार्ट्स H"
"HERMESHEAD_DISC","बस्टर शॉट तेज़ी से चार्ज होता है।"
"HERMESBODY_NAME","बॉडी पार्ट्स H"
"HERMESBODY_DISC","बस्टर हिट से हुई क्षति ठीक होती है।"
"HERMESARMS_NAME","बस्टर पार्ट्स H"
"HERMESARMS_DISC","हथियार शॉट्स गोला-बारूद खर्च नहीं करते।"
"HERMESLEGS_NAME","फुट पार्ट्स H"
"HERMESLEGS_DISC","डैश के दौरान अजेयता।"
"ICARUSHEAD_NAME","हेड पार्ट्स I"
"ICARUSHEAD_DISC","कूदते समय नुकसान पहुँचाने वाला क्षेत्र बनाता है।"
"ICARUSBODY_NAME","बॉडी पार्ट्स I"
"ICARUSBODY_DISC","नॉकबैक से प्रतिरक्षा।"
"ICARUSARMS_NAME","बस्टर पार्ट्स I"
"ICARUSARMS_DISC","चार्ज शॉट्स गोला-बारूद खर्च नहीं करते।"
"ICARUSLEGS_NAME","फुट पार्ट्स I"
"ICARUSLEGS_DISC","ऊँची कूद और डबल एयर डैश।"
"ULTIMATEHEAD_NAME","हेड पार्ट्स U"
"ULTIMATEHEAD_DISC","कूद में नुकसान क्षेत्र और तेज़ चार्ज।"
"ULTIMATEBODY_NAME","बॉडी पार्ट्स U"
"ULTIMATEBODY_DISC","नॉकबैक नहीं और बस्टर से क्षति ठीक होती है।"
"ULTIMATEARMS_NAME","अल्टीमेट बस्टर"
"ULTIMATEARMS_DISC","शॉट्स गोला-बारूद खर्च नहीं करते।"
"ULTIMATELEGS_NAME","फुट पार्ट्स U"
"ULTIMATELEGS_DISC","बेहतर गतिशीलता और अजेय डैश।"
"AXLNORMAL_NAME","स्टैंडर्ड आर्मर"
"AXLNORMAL_DISC","विशेष क्षमताओं के बिना।"
"AXLWHITE_NAME","???"
"AXLWHITE_DISC","समग्र बफ़।"
"TANK_ABV","सब.टी"
"OPTIONS_ABV","विकल्प"
"KEYCFG_ABV","कुंजी"
"ACHIEV_ABV","उपलब्धि"
"X_WPNMENU","X. बस्टर"
"SUNFLOWER_WPNMENU","O. शील्ड"
"ANTONION_WPNMENU","S. बम"
"MANTIS_WPNMENU","D. एरो"
"MANOWAR_WPNMENU","T. डांसर"
"PANDA_WPNMENU","B. लॉन्चर"
"TRILOBYTE_WPNMENU","C. बाउंसर"
"YETI_WPNMENU","D. डायमंड"
"ROOSTER_WPNMENU","F. डैश"
"AXL_WPNMENU","Axl बुलेट"
"SUNFLOWER_AXL_WPNMENU","Ray Gun"
"ANTONION_AXL_WPNMENU","Spiral Magnum"
"MANTIS_AXL_WPNMENU","Black Arrow"
"MANOWAR_AXL_WPNMENU","Plasma Gun"
"PANDA_AXL_WPNMENU","Blast Launcher"
"TRILOBYTE_AXL_WPNMENU","Bound Blaster"
"YETI_AXL_WPNMENU","Ice Gattling"
"ROOSTER_AXL_WPNMENU","Flame Burner"
"SUNFLOWER_ZERO_WPNMENU","Tenshouha"
"ANTONION_ZERO_WPNMENU","Juuhazan"
"MANTIS_ZERO_WPNMENU","Rasetsusen"
"MANOWAR_ZERO_WPNMENU","Raikousen"
"PANDA_ZERO_WPNMENU","Youdantotsu"
"TRILOBYTE_ZERO_WPNMENU","Rekkyoudan"
"YETI_ZERO_WPNMENU","Hyouryuushou"
"ROOSTER_ZERO_WPNMENU","Enkoujin"
"SUNFLOWER_ZERO_DISC","नीचे + शॉट 2"
"ANTONION_ZERO_DISC","शॉट 2"
"MANTIS_ZERO_DISC","शॉट 2 (हवा)"
"MANOWAR_ZERO_DISC","डैश + शॉट 2"
"PANDA_ZERO_DISC","बाएँ/दाएँ + शॉट 2"
"TRILOBYTE_ZERO_DISC","निष्क्रिय"
"YETI_ZERO_DISC","ऊपर + शॉट 2"
"ROOSTER_ZERO_DISC","नीचे + शॉट 2 (हवा)"
"ZERO_WPNMENU","Z-Saber"
"BFAN_WPNMENU","B-Fan"
"DGLAIVE_WPNMENU","D-Glaive"
"TBREAKER_WPNMENU","T-Breaker"
"KKNUCKLE_WPNMENU","K-Knuckle"
"VHANGER_WPNMENU","V-Hanger"
"SIGMABLADE_WPNMENU","Sigma-Blade"
"YOUGOT_TITLE","आपको मिला"
"SUNFLOWER_WEAPON","Optic Shield"
"ANTONION_WEAPON","Squeeze Bomb"
"MANTIS_WEAPON","Dark Arrow"
"MANOWAR_WEAPON","Thunder Dancer"
"PANDA_WEAPON","Blast Launcher"
"TRILOBYTE_WEAPON","Crystal Bouncer"
"YETI_WEAPON","Drift Diamond"
"ROOSTER_WEAPON","Fire Dash"
"OPTIONS_TITLE","विकल्प"
"LANGUAGE_OPTION","भाषा"
"BOSS_REMIX_OPTION","बॉस रीमिक्स"
"REMIX_OPTION","16-bit रीमिक्स"
"DT_DASH_OPTION","डबल टैप डैश"
"SKIP_DIAG_OPTION","छोड़ने योग्य संवाद"
"CHARGE_OPTION","चार्ज फेड आउट"
"ACHIEV_OPTION","उपलब्धियाँ दिखाएँ"
"MUSIC_OPTION","संगीत वॉल्यूम"
"SOUND_OPTION","ध्वनि वॉल्यूम"
"VSync","VSync"
"FPS_OPTION","लक्ष्य FPS"
"FPS_PHYSICS_OPTION","फ़िज़िक्स FPS"
"FPS_UNCAPPED","असीमित"
"WSIZE_OPTION","विंडो आकार"
"FULLSCREEN_OPTION","पूर्ण स्क्रीन"
"STRETCH_OPTION","स्ट्रेच मोड"
"STRETCH_OPTION_VIEWPORT","बिना इंटरपोलेशन"
"STRETCH_OPTION_2D","इंटरपोलेटेड"
"CRT_OPTION","CRT फ़िल्टर"
"LIGHT_VALUE","हल्का"
"STRONG_VALUE","मज़बूत"
"DEBUG_OPTION","डीबग दिखाएँ"
"SHOWIGT_OPTION","IGT दिखाएँ"
"GATEWAYSKIP_OPTION","गेटवे स्किप"
"ASPECT_OPTION","आस्पेक्ट रेशियो"
"IGNORE_VALUE","अनदेखा"
"KEEP_VALUE","बनाए रखें"
"KEYCFG_TITLE","कुंजी विन्यास"
"EXIT_MAINMENU","टाइटल स्क्रीन पर लौटें"
"ACTION_CTG","एक्शन"
"KEYBOARD_CTG","कीबोर्ड"
"JOYPAD_CTG","जॉयपैड"
"LEFT_ACT","बायाँ"
"RIGHT_ACT","दायाँ"
"NEWGAME_OPTION","New game+"
"CLEARSAVE_OPTION","सेव मिटाएँ और रीसेट करें"
"CLEARSAVE_CONFIRM","पुष्टि के लिए फिर दबाएँ"
"RESET_ACHIEV","उपलब्धि प्रगति मिटाएँ"
"CLEARSAVE_CONFIRM","पुष्टि के लिए फिर दबाएँ"
"RESET_ACHIEV_FINISHED","उपलब्धि प्रगति मिटा दी गई।"
"UP_ACT","ऊपर"
"DOWN_ACT","नीचे"
"SHOT_ACT","शॉट"
"SHOT2_ACT","शॉट2"
"JUMP_ACT","कूद"
"DASH_ACT","डैश"
"ARMORABILITY_ACT","आर्मर क्षमता"
"PREV_ACT","पिछला हथियार"
"NEXT_ACT","अगला हथियार"
"PAUSE_ACT","पॉज़ मेनू"
"CONFIRM_ACT","मेनू पुष्टि"
"WPNLEFT_ACT","व्हील बायाँ"
"WPNRIGHT_ACT","व्हील दायाँ"
"WPNUP_ACT","व्हील ऊपर"
"WPNDOWN_ACT","व्हील नीचे"
"WPNRESET_ACT","बस्टर चुनें"
"ACHIEV_SCREEN_TITLE","उपलब्धियाँ"
"ACHIEVEMENTSUNLOCKED","अर्जित उपलब्धियाँ"
"DEBUGACHIEVTITLE","लॉक्ड उपलब्धि..."
"DEBUGACHIEVDISC","डीबग मोड का उपयोग किया।"
"BEATINTRO_DISC","Noah's Park के बॉस को हराया।"
"BEATINTRO_TITLE","फिर से मिलकर अच्छा लगा"
"COLLECTALLHEARTS_DISC","सभी हार्ट टैंक इकट्ठे किए।"
"COLLECTALLHEARTS_TITLE","Strider"
"COLLECTALLSUBTANKS_DISC","सभी सब टैंक इकट्ठे किए।"
"COLLECTALLSUBTANKS_TITLE","Virtue's Last Reward"
"COLLECTFULLHERMES_DISC","सभी Hermes आर्मर पार्ट्स इकट्ठे किए।"
"COLLECTFULLHERMES_TITLE","Soul Eraser"
"COLLECTFULLICARUS_DISC","सभी Icarus आर्मर पार्ट्स इकट्ठे किए।"
"COLLECTFULLICARUS_TITLE","Command Mission"
"SURFEDONMISSILE_DISC","6 सेकंड तक आसमान में सर्फ किया।"
"SURFEDONMISSILE_TITLE","Bomb Rush Cyberfunk"
"DEFEATEDALL_DISC","सभी आठ मैवरिक बॉस को हराया।"
"DEFEATEDALL_TITLE","The Orbital Elevator"
"DEFEATEDANY_DISC","किसी भी मैवरिक बॉस को हराया।"
"DEFEATEDANY_TITLE","New Generation Reploids"
"GIGACRUSHKILL_DISC","Giga Crash से बॉस को खत्म किया।"
"GIGACRUSHKILL_TITLE","Cataclysm"
"PELEDOSGAMES_DISC","बॉस को हराने के बाद आर्मर को अच्छे से जगल किया।"
"PELEDOSGAMES_TITLE","Pelé of the Games"
"PERFECTKILL_DISC","बिना विशेष हथियारों, बिना नुकसान लिए और बिना अपग्रेड के किसी बॉस को हराया।"
"PERFECTKILL_TITLE","Mark of the Wolves"
"XDRIVEDODGE_DISC","एक डेस्परेशन अटैक के दौरान XDrive का उपयोग किया।"
"XDRIVEDODGE_TITLE","Mark of the Ninja"
"GIGACRUSHKILL_DISC","Giga Crash से बॉस को खत्म किया।"
"GIGACRUSHKILL_TITLE","Cataclysm"
"ANTONIONBUSTERONLY_DISC","बिना विशेष हथियारों के Gravity Antonion को हराया।"
"ANTONIONBUSTERONLY_TITLE","Don't attach Labels to me"
"ANTONIONNAKED_DISC","बिना कोई अपग्रेड लगाए Gravity Antonion को हराया।"
"ANTONIONNAKED_TITLE","Not after Praise"
"ANTONIONNODAMAGE_DISC","बिना कोई नुकसान उठाए Gravity Antonion को हराया।"
"ANTONIONNODAMAGE_TITLE","An Incredible Scientist"
"ANTONIONNOROTATION_DISC","Primrose में बिना स्टेज को घुमाए और बिना मरे अंत तक पहुँचा।"
"ANTONIONNOROTATION_TITLE","Portal"
"MANOWARBUSTERONLY_DISC","बिना विशेष हथियारों के Gigabolt Manowar को हराया।"
"MANOWARBUSTERONLY_TITLE","I'm in complete control"
"MANOWARNAKED_DISC","बिना कोई अपग्रेड लगाए Gigabolt Manowar को हराया।"
"MANOWARNAKED_TITLE","Who are you, anyway?"
"MANOWARNODAMAGE_DISC","बिना कोई नुकसान उठाए Gigabolt Manowar को हराया।"
"MANOWARNODAMAGE_TITLE","Not doing anything wrong"
"MANOWARDOOREXPLODED_DISC","Dynasty में रास्ता तोड़कर आगे बढ़ा।"
"MANOWARDOOREXPLODED_TITLE","Gotta Go Fast"
"MANTISBUSTERONLY_DISC","बिना विशेष हथियारों के Dark Mantis को हराया।"
"MANTISBUSTERONLY_TITLE","Let my blade show you"
"MANTISNAKED_DISC","बिना कोई अपग्रेड लगाए Dark Mantis को हराया।"
"MANTISNAKED_TITLE","Can't go Maverick, Kid"
"MANTISNODAMAGE_DISC","बिना कोई नुकसान उठाए Dark Mantis को हराया।"
"MANTISNODAMAGE_TITLE","Your precious ""Justice"""
"MANTISLIT_DISC","Pitch Black में अंधेरे का अंत किया।"
"MANTISLIT_TITLE","Shining In The Darkness"
"MANTISUNDETECTED_DISC","Pitch Black में सभी सर्चलाइट्स से बचा।"
"MANTISUNDETECTED_TITLE","Shadow Tactics"
"PANDABUSTERONLY_DISC","बिना विशेष हथियारों के Bamboo Pandamonium को हराया।"
"PANDABUSTERONLY_TITLE","Sole purpose to Destroy"
"PANDANAKED_DISC","बिना कोई अपग्रेड लगाए Bamboo Pandamonium को हराया।"
"PANDANAKED_TITLE","We are forced to Fight"
"PANDANODAMAGE_DISC","बिना कोई नुकसान उठाए Bamboo Pandamonium को हराया।"
"PANDANODAMAGE_TITLE","Never thought yourself?"
"PANDARIDEREACHED_DISC","Ride Armor Cyclops के साथ Booster Forest के अंत तक पहुँचा।"
"PANDARIDEREACHED_TITLE","Probotector"
"ROOSTERBUSTERONLY_DISC","बिना विशेष हथियारों के Burn Rooster को हराया।"
"ROOSTERBUSTERONLY_TITLE","The Price I have to pay"
"ROOSTERNAKED_DISC","बिना कोई अपग्रेड लगाए Burn Rooster को हराया।"
"ROOSTERNAKED_TITLE","Labeled Maverick"
"ROOSTERNODAMAGE_DISC","बिना कोई नुकसान उठाए Burn Rooster को हराया।"
"ROOSTERNODAMAGE_TITLE","This is no ordinary Riot"
"ROOSTERFROZEN_DISC","Inferno में लावा की दीवार को रोका।"
"ROOSTERFROZEN_TITLE","Hades"
"SUNFLOWERBUSTERONLY_DISC","बिना विशेष हथियारों के Optic Sunflower को हराया।"
"SUNFLOWERBUSTERONLY_TITLE","No one can control us"
"SUNFLOWERNAKED_DISC","बिना कोई अपग्रेड लगाए Optic Sunflower को हराया।"
"SUNFLOWERNAKED_TITLE","We're no Monsters"
"SUNFLOWERNODAMAGE_DISC","बिना कोई नुकसान उठाए Optic Sunflower को हराया।"
"SUNFLOWERNODAMAGE_TITLE","What we're after"
"SUNFLOWERGOTSSSRANK_DISC","एक ही रन में सभी चुनौतियों में S रैंक प्राप्त किया।"
"SUNFLOWERGOTSSSRANK_TITLE","Gravity Circuit"
"TRILOBYTEBUSTERONLY_DISC","बिना विशेष हथियारों के Earthrock Trilobyte को हराया।"
"TRILOBYTEBUSTERONLY_TITLE","The Ore we mine"
"TRILOBYTENAKED_DISC","बिना कोई अपग्रेड लगाए Earthrock Trilobyte को हराया।"
"TRILOBYTENAKED_TITLE","Old heaps of Junk"
"TRILOBYTENODAMAGE_DISC","बिना कोई नुकसान उठाए Earthrock Trilobyte को हराया।"
"TRILOBYTENODAMAGE_TITLE","Brainless Maverick Hunter"
"YETIBUSTERONLY_DISC","बिना विशेष हथियारों के Avalanche Yeti को हराया।"
"YETIBUSTERONLY_TITLE","It's too late..."
"YETINAKED_DISC","बिना कोई अपग्रेड लगाए Avalanche Yeti को हराया।"
"YETINAKED_TITLE","You Old model Reploids"
"YETINODAMAGE_DISC","बिना कोई नुकसान उठाए Avalanche Yeti को हराया।"
"YETINODAMAGE_TITLE","Puny Maverick Hunter"
"YETIDOOREXPLODED_DISC","Central White में रास्ता तोड़कर आगे बढ़ा।"
"YETIDOOREXPLODED_TITLE","Sonic Drive"
"VILEJAKOBBUSTERONLY_DISC","बिना विशेष हथियारों के Vile को हराया।"
"VILEJAKOBBUSTERONLY_TITLE","Piecing it Together"
"VILEJAKOBNAKED_DISC","बिना कोई अपग्रेड लगाए Vile को हराया।"
"VILEJAKOBNAKED_TITLE","For a World that's Doomed"
"VILEJAKOBNODAMAGE_DISC","बिना कोई नुकसान उठाए Vile को हराया।"
"VILEJAKOBNODAMAGE_TITLE","At times like this"
"VILEDEFEATEDTWICE_DISC","Vile को दो बार हराया।"
"VILEDEFEATEDTWICE_TITLE","Our little Reunion"
"VILEDEVILBEARDEFEATED_DISC","लड़ाई खत्म होने से पहले Devil Bear को हराया।"
"VILEDEVILBEARDEFEATED_TITLE","Steel Assault"
"VILEJAKOBDEFEATED_DISC","Orbital Elevator के शीर्ष पर Vile को हराया।"
"VILEJAKOBDEFEATED_TITLE","The route to Space"
"VILESIGMADEFEATED_DISC","Sigma Palace में Vile को हराया।"
"VILESIGMADEFEATED_TITLE","Hope remains"
"GATEWAYFIESTA_DISC","Gateway में सबसे कठिन चुनौती से बचकर निकला।"
"GATEWAYFIESTA_TITLE","Desperados"
"COPYBUSTERONLY_DISC","बिना विशेष हथियारों के नकलची को हराया।"
"COPYBUSTERONLY_TITLE","Your world has Decayed"
"COPYNAKED_DISC","बिना कोई अपग्रेड लगाए नकलची को हराया।"
"COPYNAKED_TITLE","Put a stop to what?"
"COPYNODAMAGE_DISC","बिना कोई नुकसान उठाए नकलची को हराया।"
"COPYNODAMAGE_TITLE","I am indeed Sigma"
"COPYDEFEATED_DISC","नकलची को हराया।"
"COPYDEFEATED_TITLE","Time for our Final Showdown"
"SIGMANAKED_DISC","बिना कोई अपग्रेड लगाए Sigma को हराया।"
"SIGMANAKED_TITLE","Ruler of the New World"
"SIGMANODAMAGE_DISC","बिना कोई नुकसान उठाए Sigma को हराया।"
"SIGMANODAMAGE_TITLE","Our Meeting was Fated"
"LUMINENAKED_DISC","बिना कोई अपग्रेड लगाए अंतिम बॉस को हराया।"
"LUMINENAKED_TITLE","I supose you're satisfied"
"LUMINENODAMAGE_DISC","बिना कोई नुकसान उठाए अंतिम बॉस को हराया।"
"LUMINENODAMAGE_TITLE","Of course I'm Ok"
"SERAPHNAKED_DISC","बिना कोई अपग्रेड लगाए अंतिम बॉस के दूसरे चरण को हराया।"
"SERAPHNAKED_TITLE","Do you have what it takes?"
"SERAPHNODAMAGE_DISC","बिना कोई नुकसान उठाए अंतिम बॉस के दूसरे चरण को हराया।"
"SERAPHNODAMAGE_TITLE","Accursed Cycle of Aggression"
"SERAPHDEFEATED_DISC","गेम पूरा किया।"
"SERAPHDEFEATED_TITLE","Tools of the Old World"
"SECRET1DEFEATED_DISC","गुप्त बॉस को हराया।"
"SECRET1DEFEATED_TITLE","Corridors of Time"
"SECRET2DEFEATED_DISC","गुप्त बॉस #2 को हराया।"
"SECRET2DEFEATED_TITLE","Cycle of the Six Existences"
"SECRET3DEFEATED_DISC","गुप्त बॉस #3 को हराया।"
"SECRET3DEFEATED_TITLE","Dual Destinies"
"COLLECTBLACKZERO_TITLE","Maverick's Worst Nightmare"
"COLLECTBLACKZERO_DISC","Black Armor अनलॉक करें। जाओ, मेरी सबसे महान कृति, तुम सबसे शक्तिशाली रोबोट हो।"
"COLLECTWHITEAXL_TITLE","Unknown Power"
"COLLECTWHITEAXL_DISC","White Armor अनलॉक करें। सब कुछ के बावजूद, तुम अभी भी तुम ही हो......है ना?"
"COLLECTULTIMATEX_TITLE","For Everlasting Peace"
"COLLECTULTIMATEX_DISC","Ultimate Armor अनलॉक करें। जाओ Maverick Hunter, तुम मानवता की अंतिम आशा हो।"
"ZERODEFEATED_DISC","Zero को उसके जागृत रूप में हराओ।"
"ZERODEFEATED_TITLE","The Decisive Battle"
"STAGE_DC","स्टेज"
"BOSS_DC","बॉस"
"COMPLETION_DC","पूर्ण"
"NOAHSPARK_STAGE","Noah's Park"
"NOAHSPARK_NAME","King Crabs-Y"
"SUNFLOWER_STAGE","Troia Base"
"SUNFLOWER_NAME","Optic Sunflower"
"ANTONION_STAGE","Primrose"
"ANTONION_NAME","Gravity Antonion"
"MANTIS_STAGE","Pitch Black"
"MANTIS_NAME","Dark Mantis"
"MANOWAR_STAGE","Dynasty"
"MANOWAR_NAME","Gigabolt Manowar"
"PANDA_STAGE","Booster Forest"
"PANDA_NAME","Bamboo Pandamonium"
"TRILOBYTE_STAGE","Metal Valley"
"TRILOBYTE_NAME","Earthrock Trilobyte"
"YETI_STAGE","Central White"
"YETI_NAME","Avalanche Yeti"
"ROOSTER_STAGE","Inferno"
"ROOSTER_NAME","Burn Rooster"
"JAKOB_STAGE","Jakob Elevator"
"GATEWAY_STAGE","Gateway"
"SIGMA_STAGE","Sigma Palace"
"HERMESHEAD1","X... मुझे लगा था कि ऐसा कुछ किसी दिन हो सकता है, इसलिए मैंने तुम्हारे लिए पार्ट्स तैयार किए हैं।"
"HERMESHEAD2","इस बार, Head Parts H आज़माओ।"
"HERMESHEAD3","इस पार्ट को लगाने से तुम्हारे हथियारों की चार्ज गति बढ़ जाएगी।"
"HERMESHEAD4","यह नई क्षमता लगाने के लिए कैप्सूल में चढ़ो, X।"
"HERMESBODY1","X... मुझे लगा था कि ऐसा कुछ किसी दिन हो सकता है, इसलिए मैंने तुम्हारे लिए पार्ट्स तैयार किए हैं।"
"HERMESBODY2","यह लो... Body Parts H आज़माओ।"
"HERMESBODY3","इस पार्ट को लगाने से तुम दुश्मनों को मारकर या नष्ट करके अपना नुकसान ठीक कर सकोगे।"
"HERMESBODY4","यह नई क्षमता लगाने के लिए कैप्सूल में चढ़ो, X।"
"HERMESARMS1","X... मुझे लगा था कि ऐसा कुछ किसी दिन हो सकता है, इसलिए मैंने तुम्हारे लिए पार्ट्स तैयार किए हैं।"
"HERMESARMS2","यह लो, ये Buster Parts H आज़माओ।"
"HERMESARMS3","इस पार्ट को लगाने से तुम्हें Spread Shot Charge Attack मिलेगा।"
"HERMESARMS4","तुम्हारे हथियार Charge Shot के अलावा फायर करते समय ऊर्जा खर्च नहीं करेंगे।"
"HERMESARMS5","यह नई क्षमता लगाने के लिए कैप्सूल में चढ़ो, X।"
"HERMESLEGS1","X... मुझे लगा था कि ऐसा कुछ किसी दिन हो सकता है, इसलिए मैंने तुम्हारे लिए पार्ट्स तैयार किए हैं।"
"HERMESLEGS2","ये Foot Parts H आज़माओ।"
"HERMESLEGS3","यह तुम्हारे डैश को जमीन और हवा दोनों में दुश्मन के हमलों से अजेयता देगा।"
"HERMESLEGS4","यह नई क्षमता लगाने के लिए कैप्सूल में चढ़ो, X।"
"ICARUSHEAD1","X... मुझे लगा था कि ऐसा कुछ किसी दिन हो सकता है, इसलिए मैंने तुम्हारे लिए पार्ट्स तैयार किए हैं।"
"ICARUSHEAD2","यह लो... Head Parts I।"
"ICARUSHEAD3","इस पार्ट को लगाने से तुम दुश्मनों के पास कूदकर उन्हें नुकसान पहुँचा सकोगे।"
"ICARUSHEAD4","यह नई क्षमता लगाने के लिए कैप्सूल में चढ़ो, X।"
"ICARUSBODY1","X... मुझे लगा था कि ऐसा कुछ किसी दिन हो सकता है, इसलिए मैंने तुम्हारे लिए पार्ट्स तैयार किए हैं।"
"ICARUSBODY2","इस बार, Body Parts I आज़माओ।"
"ICARUSBODY3","इसे लगाने से तुम्हें सामान्य से कम नुकसान होगा, और दुश्मन तुम्हें पीछे नहीं धकेल पाएँगे।"
"ICARUSBODY4","यह नई क्षमता लगाने के लिए कैप्सूल में चढ़ो, X।"
"ICARUSARMS1","X... मुझे लगा था कि ऐसा कुछ किसी दिन हो सकता है, इसलिए मैंने तुम्हारे लिए पार्ट्स तैयार किए हैं।"
"ICARUSARMS2","मेरे पास तुम्हारे लिए नए पार्ट्स हैं... ये Buster Parts I हैं।"
"ICARUSARMS3","इस पार्ट को लगाओ, और तुम्हें एक शक्तिशाली Laser Charge Shot दागने की क्षमता मिलेगी।"
"ICARUSARMS4","साथ ही, जब तुम अपने विशेष हथियारों को चार्ज करके उपयोग करोगे, तो वे ऊर्जा खर्च नहीं करेंगे।"
"ICARUSARMS5","यह नई क्षमता लगाने के लिए कैप्सूल में चढ़ो, X।"
"ICARUSLEGS1","X... मुझे लगा था कि ऐसा कुछ किसी दिन हो सकता है, इसलिए मैंने तुम्हारे लिए पार्ट्स तैयार किए हैं।"
"ICARUSLEGS2","ये नए पार्ट्स... ये Foot Parts I हैं।"
"ICARUSLEGS3","इस पार्ट को लगाने से तुम सामान्य से बहुत ऊँचा कूद सकोगे और दो बार एयर डैश कर सकोगे।"
"ICARUSLEGS4","यह नई क्षमता लगाने के लिए कैप्सूल में चढ़ो, X।"
"INTRO2-1","यह X है! मैं Orbital Elevator के पास दुर्घटना स्थल के करीब हूँ!"
"INTRO2-2","यहाँ चारों तरफ Maverick भरे हुए हैं!"
"INTRO2-3","मैं स्थल की ओर बढ़ रहा हूँ। मेरे संकेत पर बचाव मेकेनिलॉइड भेजने की तैयारी करो!"
"INTRO2-4","समझ गए!"
"INTRO2-5","S-Sigma...!?"
"INTRO2-6","दुर्घटना के दौरान खुद को नुकसान से बचाने के लिए..."
"INTRO2-7","हमें एक मजबूत Sigma शरीर की नकल करनी पड़ी।"
"INTRO2-8","हम New Generation Reploid सभी वायरस से पूर्ण प्रतिरक्षा रखते हैं।"
"INTRO2-9","इसलिए Sigma जैसी खतरनाक चीज़ की नकल करने में भी कोई जोखिम नहीं है।"
"INTRO2-10","तुम कौन हो?"
"INTRO2-11","मैं Lumine हूँ..."
"INTRO2-12","मैं एलिवेटर और Jakob Project का निदेशक हूँ।"
"INTRO2-13","समझा। रुको, मैं अपनी टीम को बचाव दल भेजने का संकेत देता हूँ-"
"INTRO3-1","तुमसे फिर मिलकर कितना अच्छा लगा, X!"
"INTRO3-2","Vile?!"
"INTRO3-3","हा हा हा... मैं तुम्हारे साथ खेलना चाहता हूँ, लेकिन मुझे बहुत काम करना है..."
"INTRO3-4","तुम एक वांछित अपराधी हो! रुको और Lumine को छोड़ दो!"
"INTRO3-5","कोई मौका नहीं। Orbital Elevator अब हमारे नियंत्रण में है..."
"INTRO3-6","तुम क्या करने की योजना बना रहे हो?!"
"INTRO3-7","यह अभी शुरू होता है, X। एक नई दुनिया का जन्म होगा!"
"INTRO3-8","हा हा हा हा हा हा हा हा हा हा!"
"ANTONION1","Gravity Antonion... तुम एक अविश्वसनीय वैज्ञानिक हुआ करते थे। क्या हुआ?"
"ANTONION2","अविश्वसनीय वैज्ञानिक? तुम ऐसी बातें कहने वाले कौन हो?"
"ANTONION3","मैं तुम जैसों की प्रशंसा पाने के लिए शोध नहीं करता।"
"ANTONION4","क्या उसने... क्या Sigma ने तुम्हें Maverick बना दिया?"
"ANTONION5","Maverick? एक बार फिर, तुम मुझ पर लेबल लगा रहे हो। कितना अहंकार!"
"ANTONION6","बहरहाल, अगर तुम मेरे रास्ते में खड़े होना चुनते हो, तो मैं तुम्हें नष्ट कर दूँगा!"
"MANOWAR1","Gigabolt Manowar!"
"MANOWAR2","Abel City की ऊर्जा आपूर्ति सामान्य करो! नहीं तो शहर नष्ट हो जाएगा!"
"MANOWAR3","... ... ..."
"MANOWAR4","...मैं कुछ गलत नहीं कर रहा... तुम कौन हो, वैसे?"
"MANOWAR5","मैं Mega Man X हूँ। मैं एक Maverick Hunter हूँ।"
"MANOWAR6","क्या Sigma ने तुम्हें Maverick बना दिया?"
"MANOWAR7","मैं Maverick नहीं हूँ... मेरा अपने और अपने कार्यों पर पूरा नियंत्रण है..."
"MANOWAR8","मैं नई दुनिया के हमारे सपने को साकार करने के लिए कड़ी मेहनत कर रहा हूँ...!"
"MANOWAR9","तुम Maverick बन गए हो! मुझे तुम्हें रोकना होगा!"
"MANTIS1","अरे! यहाँ एक Maverick Hunter क्या कर रहा है?"
"MANTIS2","Dark Mantis... तुम Maverick बन गए हो। मैं तुम्हारे हथियार उत्पादन को बंद कर रहा हूँ।"
"MANTIS3","हम New Generation Reploid इस तरह बनाए गए हैं कि हम Maverick नहीं बन सकते, बच्चे।"
"MANTIS4","तो फिर तुम हथियार क्यों बना रहे हो? क्या Sigma तुम्हें नियंत्रित कर रहा है?"
"MANTIS5","और तुम्हें कौन नियंत्रित कर रहा है, X? तुम्हारा कीमती ""न्याय""? क्या यही है?"
"MANTIS6","Dark Mantis... तुम्हारे कार्य एक Maverick के हैं!"
"MANTIS7","आश्चर्य नहीं, तुम पुराने मॉडल Reploid सच में कुछ नहीं समझते।"
"MANTIS8","मेरा ब्लेड तुम्हें दिखाएगा कि तुम्हारा तथाकथित ""न्याय"" कितना गलत है!"
"PANDA1","क्या तुम जानते हो कि रॉकेटरी का सबसे पुराना रूप युद्ध के लिए इस्तेमाल की जाने वाली मिसाइलें थीं?"
"PANDA2","पूरा इतिहास ऐसी चीज़ें बनाने में बीता है जिनका एकमात्र उद्देश्य विनाश है। मिसाइलें... Reploid..."
"PANDA3","तुम क्या कह रहे हो? कोई भी Reploid विनाश नहीं चाहता।"
"PANDA4","क्या तुमने कभी खुद ऐसा नहीं सोचा, X?"
"PANDA5","कि यह दुनिया विनाश चाहती है और कुछ नहीं?"
"PANDA6","क्या Sigma यही मानता है? लेकिन... यह तो..."
"PANDA7","मुझे पता है तुम क्या कहने वाले हो।"
"PANDA8","तुम इस विचार को Maverick मानते हो, है ना?"
"PANDA9","इसीलिए हमें लड़ने पर मजबूर होना पड़ता है।"
"ROOSTER1","क्या तुम जानते हो यह जगह क्या है, X?"
"ROOSTER2","यह सीमावर्ती कचरा निपटान केंद्र है। जहाँ कचरे को दबाया और जलाया जाता है..."
"ROOSTER3","Burn Rooster, तुमने दंगा क्यों शुरू किया? क्या Sigma तुम्हें नियंत्रित कर रहा है?"
"ROOSTER4","यह कोई साधारण दंगा नहीं है। यह उन सभी Reploid का बदला है जिन्हें तुमने Maverick कहा और इस कबाड़ के ढेर पर फेंक दिया!"
"ROOSTER5","Maverick केवल आपदा और विनाश लाते हैं! हमारे पास उन्हें रोकने के अलावा कोई विकल्प नहीं है!"
"ROOSTER6","यही है तुम्हारा न्याय? तुम्हें कबाड़ में फेंका जाना चाहिए!"
"ROOSTER7","Sigma क्या करने की योजना बना रहा है? तुम जानते हो, वह बस तुम्हारा इस्तेमाल कर रहा है। और कुछ नहीं!"
"ROOSTER8","मेरा इस्तेमाल? अगर नई दुनिया लाने के लिए यही कीमत चुकानी पड़े, तो ठीक है!"
"ROOSTER9","हम जो नई दुनिया बनाएँगे, उसमें तुम जैसे Reploid के लिए कोई जगह नहीं है!"
"SUNFLOWER1","X... चूँकि तुम यहाँ तक पहुँच गए, तुमने समझ लिया होगा।"
"SUNFLOWER2","तुम्हें अंदाज़ा तो होगा कि हम यहाँ क्या चाह रहे हैं।"
"SUNFLOWER3","तुम Maverick... तुम Sigma के नियंत्रण में हो, है ना?"
"SUNFLOWER4","निराश करने के लिए माफ़ी, लेकिन कोई हमें नियंत्रित नहीं कर सकता।"
"SUNFLOWER5","हम शायद अच्छे नहीं हैं, लेकिन हम राक्षस भी नहीं हैं।"
"SUNFLOWER6","किसी को भी हमारी योजनाओं को रोकने का अधिकार नहीं है!"
"TRILOBYTE1","क्या तुम जानते हो कि यहाँ जो अयस्क हम खनन करते हैं वह अंतरिक्ष विकास में इस्तेमाल होता है?"
"TRILOBYTE2","इसके पीछे Sigma ही होना चाहिए! उसे इन खनिजों से क्या चाहिए?"
"TRILOBYTE3","अगर मैं समझाऊँ भी, तो मुझे शक है कि तुम जैसा बुद्धिहीन Maverick Hunter समझ पाएगा।"
"TRILOBYTE4","मैं तुम पुराने कबाड़ के ढेरों को यहीं दफ़ना दूँगा!"
"YETI1","मैं तुम्हें हमारे रास्ते में नहीं आने दूँगा।"
"YETI2","Avalanche Yeti! तुम क्या कर रहे हो?"
"YETI3","हम अब तुम्हारी दुनिया को आदर्श नहीं मानते। तुम पुराने मॉडल Reploid का यहाँ कोई काम नहीं है।"
"YETI4","यहाँ से चले जाओ, X!"
"YETI5","बिल्कुल नहीं! अगर हम इस प्रणाली की मरम्मत नहीं करते, तो दुनिया का पारिस्थितिक संतुलन खतरे में है!"
"YETI6","हम्फ। बहुत देर हो चुकी है, X।"
"YETI7","तुम और तुम्हारे तुच्छ Maverick Hunter हार गए!"
"VILE1-1","Vile!"
"VILE1-2","तुम Lumine को कहाँ ले गए? क्या तुम Jakob Project में बाधा डालने की योजना बना रहे हो?"
"VILE1-3","इतने समय बाद मिलने पर बस सवालों की बौछार? "
"VILE1-4","हमारे छोटे दोस्त की चिंता मत करो। Lumine की देखभाल हो रही है। हा हा हा..."
"VILE1-5","Orbital Elevator हमारे लिए बहुत महत्वपूर्ण है, हम उसे चलाने वाले को नुकसान नहीं पहुँचाएँगे।"
"VILE1-6","क्या तुम नहीं जानते तुम क्या कर रहे हो?"
"VILE1-7","Jakob Project मनुष्यों और Reploid का एक महत्वपूर्ण संयुक्त उद्यम है!"
"VILE1-8","शांत हो जाओ, X..."
"VILE1-9","चलो इस छोटे पुनर्मिलन का आनंद लेते हैं, ठीक?"
"VILE2-1","Vile!"
"VILE2-2","मैं तुम्हारा पीछा करते-करते थक गया। Lumine को छोड़ दो। अभी!"
"VILE2-3","हा हा हा... Lumine? हमेशा सकारात्मक सोच वाले, है ना?"
"VILE2-4","अपने चारों ओर देखो, मूर्ख! तुम्हारी दुनिया पहले से ही ढहने लगी है! क्या तुम इतने मंद हो कि सोचते हो तुम माँग रखने की स्थिति में हो?"
"VILE2-5","जैसा तुम जानते हो वह दुनिया? Maverick? सबको अलविदा कहो!"
"VILE2-6","तबाही, कयामत और विनाश! हमें इसी के लिए बनाया गया था!"
"VILE3-1","हा हा हा! तुम एक ऐसी दुनिया के लिए बहुत संघर्ष कर रहे हो जो बर्बाद होने वाली है!"
"VILE3-2","तो, शुरू से Sigma ही सूत्रधार था, है ना, Vile?"
"VILE3-3","हा हा हा... क्या तुम आखिरकार समझने लगे हो, X?"
"VILE3-4","Orbital Elevator... ऊर्जा... अंतरिक्ष खनिज... रॉकेट डेटा..."
"VILE3-5","अंतरिक्ष का रास्ता... जिसने इस दुनिया को इतने लंबे समय तक टिकाए रखा... वह हमारा है!"
"VILE3-6","ऐसे समय में, तुम्हारा कीमती शब्द ""Maverick"" कितना महत्वपूर्ण है?"
"VILE3-7","मुझे परवाह नहीं कि तुम क्या करने की योजना बना रहे हो। मैं चाहे जो हो, इसे रोकूँगा!"
"VILE4-1","तो, तुम अभी भी अपना संघर्ष छोड़ने से इनकार करते हो?"
"VILE4-2","क्या तुम इतने अंधे हो कि तुमने किसी तरह खुद को मना लिया कि आशा बाकी है?"
"VILE4-3","जब तक मैं खड़ा हूँ, आशा है!"
"VILE4-4","मैं तुम्हें और Sigma दोनों को हराऊँगा!"
"VILE4-5","हा हा हा... मुझे लगता है तुम्हें अभी नष्ट करना बेकार होगा..."
"VILE4-6","शायद मैं आखिरी संभव पल तक इंतज़ार करूँ और इसमें थोड़ा मज़ा लूँ!"
"COPYSIGMA1","Sigma!?"
"COPYSIGMA2","मैं तुम्हें उस नाम से बुलाने की अनुमति दूँगा, क्योंकि मैं वास्तव में Sigma हूँ।"
"COPYSIGMA3","तुम हर Reploid पर... हर इंसान पर... पूरी दुनिया में बदला लेने की योजना बना रहे हो?"
"COPYSIGMA4","तुम पूरी तरह पागल हो! मैं अभी इसे रोकने जा रहा हूँ!"
"COPYSIGMA5","किसे रोकना? हम पहले से चाँद पर नियंत्रण रखते हैं।"
"COPYSIGMA6","वह पुरानी दुनिया सड़ गई है। हम उसकी जगह एक नई दुनिया लाएँगे!"
"COPYSIGMA7","लेकिन, उससे पहले, X, शायद यह हमारे अंतिम मुकाबले का समय है!"
"SIGMA1","स्वागत है, Maverick Hunter। तुम्हें फिर देखकर अच्छा लगा, X।"
"SIGMA2","हमारी मुलाकात नियति थी, X। हमारी किस्मत यहीं, अभी तय होगी।"
"SIGMA3","एक नए युग की शुरुआत का समय आ गया है। और तुम्हारा विनाश, X, इसका एक आवश्यक हिस्सा है।"
"SIGMA4","..."
"SIGMA5","जिसे तुम ""न्याय"" कहते हो, उसके प्रति तुम्हारा समर्पण ही था जिसने मुझे सोचने पर मजबूर किया..."
"SIGMA6","मैंने इस दुनिया की अपूर्णता को समझा, और इसे बदलने का फैसला किया।"
"SIGMA7","अपने पागलपन के लिए मुझे दोष मत दो, Sigma!"
"SIGMA8","हा हा हा... बहुत देर हो चुकी है, X। गियर चलने लगे हैं। अब पीछे मुड़ना नहीं है।"
"SIGMA9","New Generation Reploid ही वे थे, X। मेरे बच्चे इस सबके ज़िम्मेदार हैं..."
"SIGMA10","बच्चे? तुम किस बारे में बात कर रहे हो!?"
"SIGMA11","Jakob Project... वह कार्यक्रम जिसने New Generation Reploid को जन्म दिया... यह सब मेरी वजह से हुआ!"
"SIGMA12","निराशा और हताशा में डूब जाओ! नई दुनिया के शासक के सामने तुम शक्तिहीन हो!"
"SIGMA13","अब, X... तुम इस सड़ी हुई दुनिया के साथ नष्ट हो जाओगे!"
"FINALLUMINE1","अरे, Lumine! क्या तुम ठीक हो?"
"FINALLUMINE2","क्या मैं ठीक हूँ...? बिल्कुल।"
"FINALLUMINE3","अब जब तुमने Sigma को हरा दिया, मुझे लगता है तुम संतुष्ट हो।"
"FINALLUMINE4","लेकिन देखो, उसने तो बस मेरी योजना में मदद की..."
"FINALLUMINE5","New Generation Reploid जाग गए हैं और नई दुनिया करीब है!"
"FINALLUMINE6","Lumine! तुम क्या कर रहे हो!?"
"FINALLUMINE7","मुझे मत बताओ कि तुम भी Maverick बन गए हो..."
"FINALLUMINE8","Maverick? तुम जानते हो कि ऐसा नहीं है, X।"
"FINALLUMINE9","इसीलिए तुम हिचकिचा रहे हो। तुममें यह साहस नहीं है..."
"FINALLUMINE10","...!"
"FINALLUMINE11","तुम जैसे पुराने मॉडल को चिंता करनी पड़ती है कि उनके कार्य वाकई उनके अपने हैं या नहीं।"
"FINALLUMINE12","कौन जानता है इस पल तुम्हें कौन प्रभावित कर रहा होगा?"
"FINALLUMINE13","हालाँकि, हम New Generation Reploid सैकड़ों पुराने मॉडल Reploid के डेटा से बनाए गए थे।"
"FINALLUMINE14","यही हमें सभी वायरस से पूर्ण प्रतिरक्षा देता है। हम अपनी मर्ज़ी से काम कर सकते हैं, क्योंकि यह हमारी स्वतंत्र इच्छा की गारंटी देता है!"
"FINALLUMINE15","और इसमें Sigma जैसा व्यवहार करना भी शामिल हो सकता है... क्या तुम समझ रहे हो मैं क्या कह रहा हूँ?"
"FINALLUMINE16","कोई भी Reploid Sigma जैसा पागल होने का चुनाव नहीं करेगा!"
"FINALLUMINE17","सोचो, X... क्या Sigma सच में पागल था?"
"FINALLUMINE18","..."
"FINALLUMINE19","हाँ, उसने तुम्हारी दुनिया के खिलाफ़ विद्रोह किया। शायद किसी वायरस के कारण।"
"FINALLUMINE20","फिर भी, उसके संघर्ष ने हम सबको दिखाया कि यह दुनिया कितनी सड़ी हुई है!"
"FINALLUMINE21","इंसान Reploid का इस्तेमाल करके अपने शापित आक्रामकता के चक्र को बनाए रखते हैं..."
"FINALLUMINE22","इसीलिए पुरानी दुनिया के खिलाफ़ लड़ाई का हमारा फैसला सचेत रूप से लिया गया था।"
"FINALLUMINE23","दूसरे शब्दों में..."
"FINALLUMINE24","हमारे पास अपनी मर्ज़ी से Maverick बनने की शक्ति है!"
"FINALLUMINE25","...!"
"FINALLUMINE26","X... क्या तुममें सच में हमें रोकने की ताकत है?"
"FINALLUMINE27","तुम बस इंसानों का एक औज़ार हो। पुरानी दुनिया का एक औज़ार और कुछ नहीं..."
"FINALLUMINE28","और तुम सोचते हो कि तुम हम जैसे विकसित प्राणियों का सामना कर सकते हो?"
"FINALLUMINE29","हा हा हा हा हा हा हा हा हा! मुझे हँसाओ मत..."
"FINALLUMINE30","दुनिया बदल रही है! यह स्वाभाविक है कि विकास अपना रास्ता अपनाए!"
"FINALLUMINE31","अब, कतार में लग जाओ, विनाश के लिए!"
"FINALLUMINE32","Lumine... मुझे माफ़ करो लेकिन... मेरे पास कोई और विकल्प नहीं है।"
"FINALLUMINE33","भले ही तुम Jakob Project के पीछे थे..."
"FINALLUMINE34","जब तक मैं तुम्हारी बुरी योजना को नहीं रोक देता, मैं हार नहीं मानूँगा!"
"FINALLUMINE35","तुम्हारे पास हमारे सहयोगी बनने का मौका था, लेकिन अंत में तुम हमारे दुश्मन बन गए।"
"FINALLUMINE36","और मैं तुम्हें इससे बचने नहीं दूँगा!"
"FINALLUMINE37","दुश्मन... सहयोगी... यह मामला इतना सीधा नहीं है।"
"FINALLUMINE38","Reploid, मानवता के साथ, अपरिवर्तनीय रूप से बदल गए हैं।"
"FINALLUMINE39","उनके अस्तित्व की प्रकृति भी बदल गई है..."
"FINALLUMINE40","और हमारी नई दुनिया में तुम्हारी ज़रूरत नहीं है!"
"ENDING1-1","ENDING1-1"
"ENDING1-2","अविश्वसनीय..."
"ENDING1-3","तुमने शायद मुझे हरा दिया... लेकिन जो शुरू हो चुका है उसे रोकने में बहुत देर हो चुकी है..."
"ENDING1-4","अगर ज़रूरत पड़ी तो मैं तुम जैसे और भी लोगों से लड़ूँगा।"
"ENDING1-5","हा हा हा... तुम्हें सच में स्थिति की समझ नहीं है, है ना?"
"ENDING1-6","खैर... तुम्हें पता चल जाएगा... जल्द ही..."
"ENDING1-7","....."
"ENDING1-8","उफ़! मुझसे यह दर्द और सहा नहीं जाता... बस... जल्दी करो..."
"ENDING2-1","यह X है..."
"ENDING2-2","दुश्मन... का सफ़ाया हो गया।"
"ENDING2-3","मैं वापस आ रहा हूँ..."
"ENDING2-4","समझ गए..."
"FINAL-1","Axl!"
"FINAL-2","X... X... क्या तुम सुन सकते हो? संचार बहाल हो गया है। स्थिति बताओ!"
"FINAL-3","यह X है, हमने Sigma की योजनाओं को रोकने में कामयाबी पाई... लेकिन Axl..."
"FINAL-4","Axl घायल हो गया है, लेकिन वह ठीक है।"
"FINAL-5","हम अब वापस आ रहे हैं।"
"FINAL2-1","(जागृति...)"
"FINAL2-2","(Lumine ने इसे ऐसे बताया था...)"
"FINAL2-3","(उसने कहा... यह विकास था...)"
"FINAL2-4","(अगर वह सही है...)"
"FINAL2-5","(तो... हम क्या कर रहे हैं?)"
"FINAL3-1","मुझे यकीन है कि तुम कुछ समय पहले Lumine जो कह रहा था उसके बारे में सोच रहे हो।"
"FINAL3-2","इसे दिल पर मत लो। बस Sigma बन जाना विकास कहलाने के लायक नहीं है।"
"FINAL3-3","..."
"FINAL3-4","ख़ैर। X..."
"FINAL3-5","भले ही हम Reploid को कबाड़ के ढेर में जाना पड़े जब वह ""विकास का कदम"" आए..."
"FINAL3-6","हमें अभी भी लड़ना होगा..."
"FINAL3-7","न केवल Maverick के खिलाफ़, बल्कि अपनी नियति के खिलाफ़ भी..."
"SECRET2-1","स्वागत है, Mega Man X। मैं तुम्हारा इंतज़ार कर रहा था।"
"SECRET2-2","तुम उन सबसे अलग हो जिनका मैंने पहले सामना किया है..."
"SECRET2-3","तुमसे शांति और दया की आभा निकलती है। तुम कौन हो?"
"SECRET2-4","कितनी सूक्ष्म दृष्टि है कि तुमने इतनी जल्दी यह देख लिया।"
"SECRET2-5","मैं Serenade हूँ।"
"SECRET2-6","तुमने कहा कि मैं उनसे अलग हूँ जिनका तुमने पहले सामना किया?"
"SECRET2-7","वह मेरी अपार शक्ति के कारण है।"
"SECRET2-8","अपार...?"
"SECRET2-9","सही है। जब से मैंने UnderKing की उपाधि खोई, तब से मैं प्रशिक्षण कर रहा हूँ।"
"SECRET2-10","बीस वर्षों से मैं शक्ति एकत्र कर रहा था। अब मैंने अपनी ताकत परखने के लिए तुम्हें चुना है।"
"SECRET2-11","Serenade, है ना? हम्म..."
"SECRET2-12","ठीक है, मैं तुम्हारी द्वंद्वयुद्ध स्वीकार करता हूँ!"
"SECRET2-13","तो, मेरे पास आओ..."
"SECRET2-14","मैं सच में सोचता था कि मैं तुम्हें हराने के लिए काफ़ी मज़बूत हूँ। मैं गलत था।"
"SECRET2-15","तुम्हारे दिल में जो दयालुता, प्रेम और सम्मान है, वह तुम्हें और भी शक्तिशाली बनाता है।"
"SECRET2-16","तुमने यह द्वंद्वयुद्ध सुंदरता से लड़ा। तुम सच में इस दुनिया के सबसे शक्तिशाली रोबोट हो।"
"SECRET2-17","काश मेरे पास तुम्हें पुरस्कृत करने के लिए कुछ होता। मैं तुम्हें बस अपना धन्यवाद दे सकता हूँ।"
"SECRET2-18","Mega Man X। हम किसी और जगह फिर मिलेंगे..."
"SECRET2-19","अभी के लिए, विदा!"
"SECRET3-1","आखिरकार, मैंने इसे प्राप्त कर लिया। इस डेटा में सभी वर्तमान वांछित अपराधियों की जानकारी है..."
"SECRET3-2","तुम, रुको। यह क्षेत्र S Class Hunter तक सीमित है, वह डेटा भी! इसे सौंपो और चुपचाप आओ!"
"SECRET3-3","मैं जानता हूँ यह कैसा दिखता है, लेकिन चिंता मत करो, X।"
"SECRET3-4","मेरा नाम Red है। मुझे पता चला कि तुम हाल की घटनाओं से जूझ रहे हो, इसलिए मैंने... मदद करने का फैसला किया।"
"SECRET3-5","इससे, हम अपना Maverick शिकार शुरू कर सकते हैं और तुम्हारे कंधों से कुछ बोझ उतार सकते हैं... एक कीमत पर, ज़ाहिर है।"
"SECRET3-6","लगता है तुम एक गंदे इनामी शिकारी हो।"
"SECRET3-7","तुम जो चाहो सोच सकते हो। मैं पीछे नहीं हटूँगा... तैयार हो जाओ!"
"SECRET3-8","बुरा नहीं... एक बूढ़े के लिए..."
"ZEROSECRET1","हे हे हे हे हे!"
"ZEROSECRET2","आखिरकार, अब मैं तरीका समझ गया, मैं कभी इतना खुश नहीं रहा..."
"ZEROSECRET3","Z... Zero?"
"ZEROSECRET4","X! मेरा दिमाग बहुत साफ़ हो रहा है... अब मैं अपना असली उद्देश्य समझता हूँ।"
"ZEROSECRET5","मुझे अब Maverick की परवाह नहीं... बस मुझे एक काम करना है..."
"ZEROSECRET6","Zero? तुम्हें क्या हुआ? यह तुम नहीं हो। होश में आओ! अगर ऐसे करते रहे तो मर जाओगे!"
"ZEROSECRET7","मैं आखिरकार अपनी ज़ंजीरों से मुक्त महसूस कर रहा हूँ, X। इतने लंबे समय से नाज़ुक, कमज़ोर, शक्तिहीन रहने के बाद..."
"ZEROSECRET8","मैंने आखिरकार अपना असली रूप जगाया! मेरी आँखों में देखो X! क्या तुम मेरी खुशी महसूस नहीं कर सकते?! हा हा हा हा हा हा हा हा हा हा हा हा हा हा हा हा हा!!!!!"
"ZEROSECRET9","..."
"ZEROSECRET10","Zero... यही तुमने मुझे पहले बताया था, है ना?"
"ZEROSECRET11","कुछ चीज़ें हैं जिन्हें देखा या विश्लेषण नहीं किया जा सकता।"
"ZEROSECRET12","हमें उन्हें महसूस करना होगा..."
"ZEROSECRET13","और अब... मैं महसूस कर सकता हूँ, कुछ बहुत बुरा महसूस कर सकता हूँ... Sigma से भी ज़्यादा बुरा!"
"ZEROSECRET14","यही हमारी नियति है, है ना? मैं लड़ूँगा! मैं भागूँगा नहीं! मैं तुम्हें हराऊँगा और अपने दोस्त को वापस लाऊँगा!"
"ZEROSECRET15","तो मुझे अब तुम्हें और कुछ समझाने की ज़रूरत नहीं है। मैं तुम्हें नष्ट कर दूँगा!"
"ZEROSECRET16","ZERO!!!!"
"INTRO2-1_AXL","हे Alia, यह Axl है! मैं Orbital Elevator के पास दुर्घटना स्थल के करीब हूँ!"
"INTRO2-2_AXL","यार, यहाँ पूरी तबाही है, चारों तरफ़ Maverick हैं!"
"INTRO2-3_AXL","मैं अंदर जा रहा हूँ! जैसे ही मैं कहूँ, बचाव मेकेनिलॉइड भेजने को तैयार रहो!"
"INTRO2-4_AXL","समझ गए, Axl! सावधान रहना!"
"INTRO2-5_AXL","S-Sigma?! लेकिन... कैसे?!"
"INTRO2-6_AXL","दुर्घटना के दौरान खुद को नुकसान से बचाने के लिए..."
"INTRO2-7_AXL","हमें एक मजबूत Sigma शरीर की नकल करनी पड़ी।"
"INTRO2-8_AXL","हम New Generation Reploid सभी वायरस से पूर्ण प्रतिरक्षा रखते हैं।"
"INTRO2-9_AXL","इसलिए Sigma जैसी खतरनाक चीज़ की नकल करने में भी कोई जोखिम नहीं है।"
"INTRO2-10_AXL","रुको, तुम कौन हो?"
"INTRO2-11_AXL","मैं Lumine हूँ..."
"INTRO2-12_AXL","मैं एलिवेटर और Jakob Project का निदेशक हूँ।"
"INTRO2-13_AXL","समझा। रुको, मैं अपनी टीम को बचाव दल भेजने का संकेत दूँगा-"
"INTRO3-1_AXL","अरे अरे... यहाँ कौन है? एक छोटा नया सिपाही?"
"INTRO3-2_AXL","क्या बात है?! तुम कौन हो?"
"INTRO3-3_AXL","मैं Vile हूँ। मैं कहूँ कि तुमसे मिलकर अच्छा लगा, लेकिन वह झूठ होगा।"
"INTRO3-4_AXL","तुम्हारा छोटा दोस्त X कहाँ है?"
"INTRO3-5_AXL","X? उससे तुम्हारा क्या लेना-देना?"
"INTRO3-6_AXL","हा हा हा! कुछ ख़ास नहीं... बस कुछ अधूरा काम निपटाना है।"
"INTRO3-7_AXL","तुम किसी को नहीं गिराओगे! Lumine को छोड़ दो!"
"INTRO3-8_AXL","कोई मौका नहीं। Orbital Elevator अब हमारे नियंत्रण में है..."
"INTRO3-9_AXL","तुम क्या करने की योजना बना रहे हो?!"
"INTRO3-10_AXL","यह अभी शुरू होता है, बच्चे... एक नई दुनिया का जन्म होगा!"
"INTRO3-11_AXL","हा हा हा हा हा हा हा हा हा हा!"
"ANTONION1_AXL","Antonion... तुम एक ऐसे प्रतिभाशाली हुआ करते थे। क्या तुम पागल हो गए? तुम क्या योजना बना रहे हो?"
"ANTONION2_AXL","पागल? हा हा। यह मज़ेदार है।"
"ANTONION3_AXL","क्या तुम कह रहे हो कि तुम खुद पूरी तरह समझदार हो? क्या तुम्हें यकीन है कि तुम सही पक्ष में हो?"
"ANTONION4_AXL","मुझे पूरा यकीन है। अच्छाई और बुराई में अंतर करना इतना मुश्किल नहीं है। इतना तो मुझे पक्का पता है।"
"ANTONION5_AXL","हा! मैं पूरी तरह सहमत हूँ!"
"ANTONION6_AXL","यहाँ समस्या वह दुनिया है जिसमें हम रहते हैं। लेकिन मैं इसे ठीक करने की योजना बना रहा हूँ!"
"MANOWAR1_AXL","यहाँ क्या हो रहा है, Man-o-War?"
"MANOWAR2_AXL","अगर तुम बिजली सामान्य नहीं करते, तो Abel City के लोगों को कष्ट होगा।"
"MANOWAR3_AXL","... ... ..."
"MANOWAR4_AXL","वह इतना Maverick बन चुका है कि बोल भी नहीं सकता..."
"MANOWAR5_AXL","क्या? Maverick क्या है? क्या तुम जानते हो यह क्या है?"
"MANOWAR6_AXL","Maverick? वह एक बेकाबू Reploid होता है, तुम्हारे जैसा।"
"MANOWAR7_AXL","माफ़ करना दोस्त, लेकिन मुझे तुम्हें गिराना होगा।"
"MANTIS1_AXL","मैंने सुना है कि तुम हम New Generation Reploid के प्रोटोटाइप हो।"
"MANTIS2_AXL","तो, तुम Maverick Hunter क्यों बने?"
"MANTIS3_AXL","क्योंकि मुझे तुम जैसे बुरे Maverick की धुलाई करने में मज़ा आता है, Mantis।"
"MANTIS4_AXL","हम्फ़। तुम्हारी हिम्मत कैसे हुई मुझ पर ऐसा आरोप लगाने की जो मैं हो ही नहीं सकता?"
"MANTIS5_AXL","अच्छा और बुरा जैसी कोई चीज़ नहीं है। तुमने अभी तक यह नहीं समझा, है ना?"
"MANTIS6_AXL","मैं भले ही प्रोटोटाइप हूँ, लेकिन मत समझो कि मैं तुम Maverick गुंडों जैसा हूँ!"
"MANTIS7_AXL","हम नए Reploid के प्रोटोटाइप के लिए तुम बहुत मासूम हो।"
"MANTIS8_AXL","मैं मानता हूँ, मुझे थोड़ी जलन हो रही है।"
"MANTIS9_AXL","चलो मैं अपने ब्लेड से तुम्हें दिखाता हूँ?"
"PANDA1_AXL","तुम्हारे पास वही कॉपी क्षमता है जो हम New Generation Reploid के पास है।"
"PANDA2_AXL","..."
"PANDA3_AXL","क्या तुमने कभी सोचा है कि वह शक्ति दुनिया बदल सकती है?"
"PANDA4_AXL","मैं बस यही सोचता हूँ कि यह तुम Maverick की धुलाई करने में कैसे काम आती है!"
"PANDA5_AXL","कितनी बचकानी बात। लगता है तुम हमारे किसी काम के नहीं हो।"
"ROOSTER1_AXL","जानते हो तुम कहाँ हो, दोस्त?"
"ROOSTER2_AXL","मेरा नाम Axl है, और मैं तुम्हारा कोई दोस्त नहीं हूँ।"
"ROOSTER3_AXL","ख़ैर, यह कचरा निपटान केंद्र है..."
"ROOSTER4_AXL","यह इससे बहुत ज़्यादा है।"
"ROOSTER5_AXL","यह उन सभी Reploid का कब्रिस्तान है जिन्हें Maverick करार दिया गया।"
"ROOSTER6_AXL","अच्छा, तो तुमने सोचा कि बदले में विद्रोह शुरू कर दो?"
"ROOSTER7_AXL","यह Maverick जैसा व्यवहार है।"
"ROOSTER8_AXL","यही है तुम्हारा न्याय? तुम्हें कबाड़ में फेंका जाना चाहिए!"
"ROOSTER9_AXL","हम जो नई दुनिया बनाएँगे, उसमें तुम जैसे Reploid और पुराने मॉडल के लिए कोई जगह नहीं है!"
"SUNFLOWER1_AXL","Axl... आकार बदलने वाला। उन Reploid का प्रोटोटाइप जो नए युग का नेतृत्व करेंगे..."
"SUNFLOWER2_AXL","तो क्या? तुम कह रहे हो मुझे तुम्हारे साथ आना चाहिए? किस्मत खराब है, बेवकूफ!"
"SUNFLOWER3_AXL","काश तुम थोड़े ज़्यादा समझदार होते, तो तुम्हें भी चुना जा सकता था..."
"SUNFLOWER4_AXL","तुम गलत हो। हम शायद अच्छे नहीं हैं, लेकिन हम राक्षस भी नहीं हैं।"
"SUNFLOWER5_AXL","ऐसी अवधारणाएँ तुम जैसे मूर्खों की समझ से परे हैं।"
"SUNFLOWER6_AXL","यह आदमी बेकाबू हो गया है, बेहतर होगा इसे रोक दूँ इससे पहले कि यह बकवास जारी रखे।"
"TRILOBYTE1_AXL","यहाँ जो खनिज हम खनन करते हैं वह अंतरिक्ष विकास के लिए आवश्यक है।"
"TRILOBYTE2_AXL","मुझे नहीं लगता कि तुम जैसा अधपका प्रोटोटाइप समझ सकता है कि मैं क्या कह रहा हूँ।"
"TRILOBYTE3_AXL","तुम Maverick मुझे कभी समझ में नहीं आए।"
"TRILOBYTE4_AXL","मुझे चुना गया है और तुम्हें पीछे छोड़ दिया गया है। तुम कभी मेरे जितने प्रतिभाशाली नहीं हो सकते!"
"TRILOBYTE5_AXL","तुम्हारी सोच खराब है, Trilobyte। Sigma से बेवकूफ बनाए गए और इस्तेमाल हुए!"
"TRILOBYTE6_AXL","हमारी नई दुनिया जल्द ही जन्म लेगी! पुरानी दुनिया के मूर्ख तुम जैसे गिरेंगे!"
"YETI1_AXL","तो तुम वह प्रोटोटाइप हो जो आकार बदल सकता है?"
"YETI2_AXL","अगर हम इतनी आसानी से Maverick बन जाते हैं, तो मैं तुम्हारा प्रोटोटाइप होने से खुश नहीं हूँ।"
"YETI3_AXL","एक Maverick Hunter जितने नीच व्यक्ति के लिए बड़ी बातें।"
"YETI4_AXL","किसे नीच कह रहे हो? दुनिया नष्ट करने की कोशिश तुम कर रहे हो, मैं नहीं!"
"VILE1-1_AXL","हा हा हा हा हा!"
"VILE1-2_AXL","अभी हार क्यों नहीं मान लेते?"
"VILE1-3_AXL","जैसा तुम जानते हो वह दुनिया? Maverick? सबको अलविदा कहो!"
"VILE1-4_AXL","तबाही, कयामत और विनाश! हमें इसी के लिए बनाया गया था!"
"VILE1-5_AXL","हम्फ, जो भी हो, यह मत सोचो कि सिर्फ़ यह कहने से तुम पिटने से बच जाओगे।"
"VILE2-1_AXL","Vile, है ना?"
"VILE2-2_AXL","तुम यहाँ क्या कर रहे हो?"
"VILE2-3_AXL","तुम Lumine और Elevator का क्या करने की योजना बना रहे हो?"
"VILE2-4_AXL","Lumine की चिंता मत करो। तुम्हारे विपरीत, वह हमारी योजना में महत्वपूर्ण है।"
"VILE2-5_AXL","मुझे परवाह नहीं कि तुम कभी Class A Hunter थे..."
"VILE2-6_AXL","तुम अब Maverick हो, और मुझे पता है तुम जैसे गुंडों से कैसे निपटना है!"
"VILE2-7_AXL","हा हा! क्या मैंने तुम्हें गुस्सा दिलाया? आओ!"
"VILE3-1_AXL","हा! दुनिया विनाश के कगार पर है और तुम अभी भी न्याय की चिंता कर रहे हो?"
"VILE3-2_AXL","बिल्कुल सही, दोस्त!"
"VILE3-3_AXL","सोचा Sigma के पीछे जाने से पहले तुम्हें थोड़ा न्याय बाँट दूँ!"
"VILE3-4_AXL","Orbital Elevator... ऊर्जा... अंतरिक्ष खनिज... रॉकेट डेटा..."
"VILE3-5_AXL","अंतरिक्ष का रास्ता..."
"VILE3-6_AXL","जिसने इस दुनिया को इतने लंबे समय तक टिकाए रखा - वह हमारा है!"
"VILE3-7_AXL","ऐसे समय में, तुम्हारा कीमती शब्द ""Maverick"" कितना महत्वपूर्ण है?"
"VILE3-8_AXL","जैसे ही मैं तुम्हें कबाड़ बना दूँ, बता दूँगा!"
"VILE4-1_AXL","तो, तुम अभी भी अपना संघर्ष छोड़ने से इनकार करते हो?"
"VILE4-2_AXL","क्या तुम इतने अंधे हो कि तुमने किसी तरह खुद को मना लिया कि आशा बाकी है?"
"VILE4-3_AXL","अगर मुझे बस तुम्हें हराना है, तो मैं आशा से भरपूर हूँ।"
"VILE4-4_AXL","अगर मैं अभी हार मान लूँ, तो मेरी सारी मेहनत बेकार हो जाएगी। मैं हार नहीं मानूँगा!"
"VILE4-5_AXL","हा हा हा... मुझे लगता है तुम्हें अभी नष्ट करना बेकार होगा..."
"COPYSIGMA1_AXL","Sigma!?"
"COPYSIGMA2_AXL","क्या तुमने सोचा कि अंतरिक्ष में कायर की तरह भागकर छुपकर हमें दूर रख सकते हो?"
"COPYSIGMA3_AXL","भागना? छुपना? तुम गलत समझ रहे हो।"
"COPYSIGMA4_AXL","हमने बस उस अज्ञानी ग्रह को पीछे छोड़ने का फैसला किया।"
"COPYSIGMA5_AXL","जो भी कहो। किसी भी तरह, मैं तुम्हें अभी भून दूँगा!"
"COPYSIGMA6_AXL","कौन ""भुना"" जाएगा? देखते हैं... तुम चुने हुओं में नहीं हो।"
"COPYSIGMA7_AXL","इस नई दुनिया में केवल हम नए Reploid रह सकते हैं! कमज़ोर प्रोटोटाइप का कोई काम नहीं!"
"SIGMA1_AXL","हम्फ़। तो तुम वही हो जिसे Axl कहते हैं.."
"SIGMA2_AXL","New Generation Reploid का प्रोटोटाइप।"
"SIGMA3_AXL","मुझे हैरानी है कि तुम यहाँ तक पहुँच गए।"
"SIGMA4_AXL","अरे... मुझे प्रोटोटाइप कहना बंद करो..."
"SIGMA5_AXL","मैं मैं हूँ... और तुम... तुम एक Maverick हो।"
"SIGMA6_AXL","तुम एक तुच्छ और कमज़ोर प्रोटोटाइप हो! और कुछ नहीं!"
"SIGMA7_AXL","तुम्हारी कॉपी क्षमता पूरी तरह विकसित नहीं है। इसीलिए तुम्हें छोड़ दिया गया।"
"SIGMA8_AXL","Maverick का क्लब एक ऐसा क्लब है जिसमें मैं शामिल न होना पसंद करूँगा!"
"SIGMA9_AXL","केवल शुद्ध New Generation Reploid... मेरे बच्चे, योग्य हैं!"
"SIGMA10_AXL","तुम्हारे बच्चे?"
"SIGMA11_AXL","हाँ, प्रोटोटाइप... मेरे बच्चे..."
"SIGMA12_AXL","Jakob Project से जन्मे सभी New Generation Reploid में मेरे व्यक्तिगत डेटा वाले कॉपी चिप हैं।"
"SIGMA13_AXL","और अब, उस परियोजना का अंतिम चरण शुरू होता है!"
"SIGMA14_AXL","तुम नष्ट किए जाओगे!!!"
"FINALLUMINE1_AXL","अरे, Lumine। क्या तुम ठीक हो?"
"FINALLUMINE2_AXL","क्या मैं ठीक हूँ...? बिल्कुल।"
"FINALLUMINE3_AXL","अब जब तुमने Sigma को हरा दिया, मुझे लगता है तुम संतुष्ट हो।"
"FINALLUMINE4_AXL","तुम्हारी बदौलत, योजना सुचारू रूप से चली।"
"FINALLUMINE5_AXL","लेकिन... Lumine, क्या तुम Sigma द्वारा इस्तेमाल नहीं किए गए?"
"FINALLUMINE6_AXL","इस्तेमाल? मुझे नहीं लगता।"
"FINALLUMINE7_AXL","देखो, उसने तो बस मेरी योजना में मदद की।"
"FINALLUMINE8_AXL","New Generation Reploid जाग गए हैं, और नई दुनिया करीब है!"
"FINALLUMINE9_AXL","Lumine! तुम क्या कर रहे हो? मुझे मत बताओ कि तुम भी Maverick बन गए..."
"FINALLUMINE10_AXL","Maverick? तुम सच में ऐसा नहीं सोचते, है ना?"
"FINALLUMINE11_AXL",".........!"
"FINALLUMINE12_AXL","हम New Generation Reploid के पास जो कॉपी चिप हैं..."
"FINALLUMINE13_AXL","वे सैकड़ों पुराने मॉडल Reploid के डेटा से बनाए गए थे।"
"FINALLUMINE14_AXL","इसका मतलब है कि Sigma भी उसमें शामिल था।"
"FINALLUMINE15_AXL","क्या तुम समझ रहे हो मैं क्या कह रहा हूँ?"
"FINALLUMINE16_AXL","कॉपी चिप? Sigma? इसका मतलब है कि मैं भी उसकी तरह पागल हो जाऊँगा?"
"FINALLUMINE17_AXL","माफ़ करना, लेकिन तुम जैसे प्रोटोटाइप में ऐसा कुछ करने की क्षमता नहीं है।"
"FINALLUMINE18_AXL","वैसे, क्या Sigma सच में पागल था?"
"FINALLUMINE19_AXL",".........?"
"FINALLUMINE20_AXL","उसने तुम्हारी दुनिया के खिलाफ़ विद्रोह किया। लेकिन उसके कारण थे..."
"FINALLUMINE21_AXL","हममें से बाकी New Generation Reploid किसी भी पल ऐसे बन सकते हैं..."
"FINALLUMINE22_AXL","पुरानी दुनिया के खिलाफ़ लड़ाई का यह फैसला सचेत रूप से लिया गया था।"
"FINALLUMINE23_AXL","दूसरे शब्दों में, हमारे पास अपनी मर्ज़ी से Maverick बनने की शक्ति है!"
"FINALLUMINE24_AXL","Axl... क्या तुममें सच में हमें रोकने की ताकत है?"
"FINALLUMINE25_AXL","तुम बस इंसानों का एक औज़ार हो। पुरानी दुनिया का एक औज़ार और कुछ नहीं..."
"FINALLUMINE26_AXL","तुम सोचते हो कि अपने हथियार लेकर हम जैसे विकसित प्राणियों के सामने खड़े हो सकते हो?"
"FINALLUMINE27_AXL","हा हा हा हा हा! हास्यास्पद मत बनो!"
"FINALLUMINE28_AXL","दुनिया बदल रही है। इसलिए, यह स्वाभाविक है कि विकास अपना रास्ता अपनाए!"
"FINALLUMINE29_AXL","अब, कतार में लग जाओ, विनाश के लिए!"
"FINALLUMINE30_AXL","मैं तुम्हें मेरे पास आकर यह बताने नहीं दूँगा कि मैं क्या हूँ या मुझे क्या होना चाहिए।"
"FINALLUMINE31_AXL","दुश्मन तुम हो और मैं तुम्हें यहाँ से जीवित नहीं जाने दूँगा!"
"FINALLUMINE32_AXL","दुश्मन... सहयोगी... यह मामला इतना सीधा नहीं है। Reploid, मानवता के साथ, अपरिवर्तनीय रूप से बदल गए हैं।"
"FINALLUMINE33_AXL","उनके अस्तित्व की प्रकृति भी बदल गई है। हमारी नई दुनिया में तुम्हारी ज़रूरत नहीं है!"
"ENDING1-1_AXL","अविश्वसनीय..."
"ENDING1-2_AXL","तुमने शायद मुझे हरा दिया... लेकिन जो शुरू हो चुका है उसे रोकने में बहुत देर हो चुकी है..."
"ENDING1-3_AXL","अगर ज़रूरत पड़ी तो मैं तुम जैसे और भी लोगों से लड़ूँगा।"
"ENDING1-4_AXL","हा हा हा... तुम्हें सच में स्थिति की समझ नहीं है, है ना?"
"ENDING1-5_AXL","खैर... तुम्हें पता चल जाएगा... जल्द ही..."
"ENDING1-6_AXL","....."
"ENDING1-7_AXL","उफ़! मुझसे यह दर्द और सहा नहीं जाता... बस... जल्दी करो..."
"ENDING2-1_AXL","यह Axl है..."
"ENDING2-2_AXL","Axl... Axl... स्थिति बताओ!"
"ENDING2-3_AXL","मिशन....पूरा हुआ"
"ENDING2-4_AXL","दुश्मन... का सफ़ाया हो गया। मैं वापस आ रहा हूँ..."
"ENDING2-5_AXL","समझ गए..."
"SECRET2-1_AXL","स्वागत है, Axl। मैं तुम्हारी उम्मीद कर रहा था।"
"SECRET2-2_AXL","अच्छा, तो तुम मुझे पहले से जानते हो?"
"SECRET2-3_AXL","कहना होगा, तुम मेरे पहले के विरोधियों से बहुत ज़्यादा... ""शांत"" हो। तुम्हारा क्या मामला है?"
"SECRET2-4_AXL","कितनी सूक्ष्म दृष्टि है कि तुमने इतनी जल्दी यह देख लिया।"
"SECRET2-5_AXL","मैं Serenade हूँ।"
"SECRET2-6_AXL","तुमने कहा कि मैं उनसे अलग हूँ जिनका तुमने पहले सामना किया?"
"SECRET2-7_AXL","वह मेरी अपार शक्ति के कारण है।"
"SECRET2-8_AXL","अपार शक्ति? सच में? ईमानदारी से कहूँ तो तुम ऐसे नहीं दिखते..."
"SECRET2-9_AXL","सही है। मेरी ताकत आक्रामकता के बारे में नहीं है। जब से मैंने UnderKing की उपाधि खोई, तब से प्रशिक्षण कर रहा हूँ।"
"SECRET2-10_AXL","बीस वर्षों से, मैंने शक्ति एकत्र की और अपनी क्षमताओं को निखारा। और अब, मैंने उन्हें परखने के लिए तुम्हें चुना है।"
"SECRET2-11_AXL","बीस साल? वाह, यह तो... बहुत लंबा समय है। लेकिन मेरी कॉपी क्षमता अभी भी है।"
"SECRET2-12_AXL","Serenade, है ना? हम्म..."
"SECRET2-13_AXL","क्या तुम सच में मुझसे भिड़ना चाहते हो? शायद तुम अपने लिए मुश्किल खड़ी कर रहे हो। लेकिन चुनौती तो चुनौती है। चलो!"
"SECRET2-14_AXL","तो आगे आओ... Axl। दिखाओ तुम्हारे पास क्या है!"
"SECRET2-15_AXL","मैं सच में मानता था कि मेरी शक्ति तुम्हें हराने के लिए काफ़ी है। लगता है मैं गलत था।"
"SECRET2-16_AXL","लेकिन तुम... तुम सिर्फ़ ताकत पर निर्भर नहीं करते। तुम्हारी आत्मा में कुछ है जो तुम्हें मज़बूत बनाता है।"
"SECRET2-17_AXL","यह सिर्फ़ लड़ाई का कौशल नहीं है। यह तुम्हारी दृढ़ता है, तुम्हारा दिल..."
"SECRET2-18_AXL","हाँ, ठीक है... मुझे लोगों को चौंकाने की आदत है। लगता है मैं ऐसे ही छलावों से भरा हूँ।"
"SECRET2-19_AXL","लेकिन तुम भी कमज़ोर नहीं थे। मैं उसकी इज़्ज़त करता हूँ।"
"SECRET2-20_AXL","तुमने सुंदरता से लड़ा, Axl। शायद तुम इस दुनिया के सबसे शक्तिशाली योद्धा हो।"
"SECRET2-21_AXL","काश मेरे पास इनाम के रूप में कुछ और देने को होता... लेकिन मैं बस अपनी कृतज्ञता दे सकता हूँ।"
"SECRET2-22_AXL","हे, चिंता मत करो। यह एक अच्छी लड़ाई थी। यही मेरे लिए काफ़ी इनाम है..."
"SECRET2-23_AXL","हालाँकि, अगर तुम्हारे पास कोई और गुप्त पावर-अप हो, तो मैं मना नहीं करूँगा।"
"SECRET2-24_AXL","शायद हम किसी और जगह फिर मिलेंगे... तब तक, विदा, Axl।"
"SECRET2-25_AXL","फिर मिलेंगे, Serenade। अगली बार, मैं इतना आसान नहीं जाऊँगा!"
"SECRET2-26_AXL","SECRET2-26_AXL"
"SECRET3-1_AXL","आखिरकार, मैंने इसे प्राप्त कर लिया। इस डेटा में सभी वर्तमान वांछित अपराधियों की जानकारी है..."
"SECRET3-2_AXL","R.... Red? लेकिन... कैसे?"
"SECRET3-3_AXL","Axl, काफ़ी समय हो गया। अकेले तुम्हारी प्रगति कैसी चल रही है?"
"SECRET3-4_AXL","Red, रुको! तुम्हें यहाँ नहीं होना चाहिए। यह क्षेत्र केवल उच्च रैंक वाले Hunter के लिए है!"
"SECRET3-5_AXL","तुम वही नहीं रहे, Red। क्या तुम अभी भी ""उसके"" तरीकों पर चल रहे हो?"
"SECRET3-6_AXL","तुमने इसकी वजह से Red Alert को कुछ विकृत बना दिया!"
"SECRET3-7_AXL","मैं जानता हूँ यह कैसा दिखता है, लेकिन चिंता मत करो। इस डेटा से हम Hunter से ज़्यादा प्रभावी ढंग से Maverick का शिकार कर सकते हैं।"
"SECRET3-8_AXL","Red Alert को अपना न्याय वापस मिल सकता है, Axl।"
"SECRET3-9_AXL","वह न्याय नहीं है... वह ताकत है! और मैं तुम्हें इसका दुरुपयोग नहीं करने दूँगा!"
"SECRET3-10_AXL","हेह, मैंने कभी नहीं सोचा था कि तुमसे ऐसी सोच सुनूँगा। चलो, देखें तुम कितने बेहतर हुए हो। पूरी ताकत से!"
"SECRET3-11_AXL","बुरा नहीं..... बच्चे, तुम एक Hunter के रूप में बड़े हो गए हो।"
"SECRET3-12_AXL","तुम्हें ऐसा करने की ज़रूरत नहीं है, Red। देर नहीं हुई है दोबारा शुरू करने में, अगर तुम हमसे जुड़ जाओ तो तुम अभी भी अपने आप बन सकते हो।"
"SECRET3-13_AXL","शायद..... शायद नहीं। मेरी चिंता मत करो, मैं अभी भी अपने रास्ते पर चलूँगा।"
"SECRET3-14_AXL","लेकिन अभी के लिए, भरोसा करते समय सावधान रहूँगा।"
"SECRET3-15_AXL","अगली बार, Axl... जब हम फिर मिलेंगे तो इतना आसान नहीं होगा। विदा.... और अपना ख़्याल रखना, लड़के।"
"SECRET3-16_AXL","Red...."
"INTRO1-1_ZERO","तो यह Noah's Park है? बुरी जगह नहीं है।"
"INTRO1-2_ZERO","Zero, क्या सुन सकते हो? इस क्षेत्र में एक विशाल Maverick Mechaniloid है।"
"INTRO1-3_ZERO","और यह Orbital Elevator के पास दुर्घटना स्थल के करीब है। समझ गया!"
"INTRO1-4_ZERO","मैं इस क्षेत्र के Maverick को साफ़ कर दूँगा।"
"INTRO1-5_ZERO","जैसे ही मैं दुर्घटना स्थल पर पहुँचूँ, बचाव Mechaniloid भेज देना।"
"INTRO1-6_ZERO","समझ गए, सावधान रहना, Zero!"
"INTRO2-1_ZERO","क... क्या? इसका क्या मतलब है, Sigma?"
"INTRO2-2_ZERO","दुर्घटना के दौरान खुद को नुकसान से बचाने के लिए..."
"INTRO2-3_ZERO","हमें एक मजबूत Sigma शरीर की नकल करनी पड़ी।"
"INTRO2-4_ZERO","हम New Generation Reploid सभी वायरस से पूर्ण प्रतिरक्षा रखते हैं।"
"INTRO2-5_ZERO","इसलिए Sigma जैसी खतरनाक चीज़ की नकल करने में भी कोई जोखिम नहीं है।"
"INTRO2-6_ZERO","तुम कौन हो? पहचान बताओ!"
"INTRO2-7_ZERO","मैं Lumine हूँ..."
"INTRO2-8_ZERO","मैं एलिवेटर और Jakob Project का निदेशक हूँ।"
"INTRO2-9_ZERO","हम्म... समझा। हिलो मत, मैं बचाव दल को बुलाता हूँ-"
"INTRO3-1_ZERO","हा हा हा! तुमसे फिर मिलकर कितना अच्छा लगा, Zero।"
"INTRO3-2_ZERO","Vile? तो तुम्हारी फिर से मौजूदगी की खबरें सच थीं।"
"INTRO3-3_ZERO","मैं तुम्हारे साथ खेलना चाहता हूँ, लेकिन मुझे बहुत काम करना है..."
"INTRO3-4_ZERO","मैं तुम जैसे वांछित अपराधी को Lumine ले जाने नहीं दूँगा। उसे अभी छोड़ दो!"
"INTRO3-5_ZERO","कोई मौका नहीं। Orbital Elevator अब हमारे नियंत्रण में है..."
"INTRO3-6_ZERO","तुम क्या करने की योजना बना रहे हो, Maverick गुंडे?!"
"INTRO3-7_ZERO","यह अभी शुरू होता है, Zero। एक नई दुनिया का जन्म होगा!"
"INTRO3-8_ZERO","हा हा हा हा हा हा हा हा हा हा!"
"ANTONION1_ZERO","Gravity Antonion। तुम एक अविश्वसनीय वैज्ञानिक हुआ करते थे, लेकिन लगता है अब तुम Maverick बन गए हो।"
"ANTONION2_ZERO","अविश्वसनीय? Maverick? इन शब्दों का मतलब भी क्या है?"
"ANTONION3_ZERO","तुम्हें मुझसे ज़्यादा समझदार किसी से पूछना होगा। क्या Sigma ने तुम्हें ऐसा बनाया?"
"ANTONION4_ZERO","क्या उसने तुम्हें और बाकियों को Maverick बनने पर मजबूर किया?"
"ANTONION5_ZERO","तुम सच में सोचते हो कि तुम मेरे स्वामी को उस एक शब्द में समेट सकते हो?"
"ANTONION6_ZERO","हमारी ईमानदारी केवल तुम्हारी चरम मूर्खता से मेल खाती है।"
"ANTONION7_ZERO","खैर, बहरहाल, अगर तुम हमारी महान योजना नहीं समझ सकते, तो मैं तुम्हें नष्ट कर दूँगा!"
"MANOWAR1_ZERO","अरे! Gigabolt Man-O-War!"
"MANOWAR2_ZERO","Abel City की बिजली अभी सामान्य करो!"
"MANOWAR3_ZERO","... ... ..."
"MANOWAR4_ZERO","वह इतना बिगड़ गया है कि जवाब भी नहीं दे सकता..."
"MANOWAR5_ZERO","मैं Maverick नहीं हूँ... मैं कुछ गलत नहीं कर रहा..."
"MANOWAR6_ZERO","मेरे स्वामी को नई दुनिया बनाने के लिए ऊर्जा चाहिए।"
"MANOWAR7_ZERO","Abel City की बिजली बेकाबू करना? यह Sigma की बुरी योजना में कैसे फिट होता है?"
"MANOWAR8_ZERO","मैं बस अपने स्वामी के नई दुनिया के सपने को साकार करने के लिए मेहनत कर रहा हूँ। वह गलत नहीं है।"
"MANOWAR9_ZERO","नई दुनिया?! खैर, वह योजना यहीं रुक जाएगी!"
"MANOWAR10_ZERO","लगता है मुझे तुम्हें सबक सिखाना होगा!"
"MANTIS1_ZERO","अरे वाह। इसे तो देखो। तुम Zero हो, है ना?"
"MANTIS2_ZERO","अगर तुम सच में मुझे जानते, तो अभी काँप रहे होते।"
"MANTIS3_ZERO","तुम पुराने मॉडल Reploid सच में कुछ नहीं समझते, है ना?"
"MANTIS4_ZERO","इसका क्या मतलब है, Maverick?"
"MANTIS5_ZERO","तुम हमारी सेना में एक महान जनरल बन सकते थे। मेरे स्वामी ने तुममें काफ़ी रुचि दिखाई है।"
"MANTIS6_ZERO","हम्फ! Maverick के साथ जुड़ने में मुझे कोई दिलचस्पी नहीं, धन्यवाद।"
"MANTIS7_ZERO","और चिंता मत करो... तुम्हारे बाद मैं तुम्हारे बॉस के पीछे जाऊँगा।"
"PANDA1_ZERO","क्या तुमने कभी खुद ऐसा नहीं सोचा, Zero?"
"PANDA2_ZERO","कि यह दुनिया विनाश चाहती है और कुछ नहीं?"
"PANDA3_ZERO","क्या Sigma यही कहता है तुम्हें?"
"PANDA4_ZERO","शायद। शायद मेरे स्वामी ने तुम्हारे अंदर भी अपना थोड़ा अंश देखा है..."
"PANDA5_ZERO","बस करो..."
"PANDA6_ZERO","तुम Maverick जिस पूर्ण दुनिया की बात करते रहते हो, वह अस्तित्व में ही नहीं है।"
"PANDA7_ZERO","नहीं, नहीं है।"
"PANDA8_ZERO","इसीलिए हमें इसे नष्ट करना होगा।"
"PANDA9_ZERO","Zero, जो खत्म होगी वह यह दुनिया है।"
"ROOSTER1_ZERO","तुमने दंगा क्यों शुरू किया? क्या यह Sigma का काम है?"
"ROOSTER2_ZERO","क्या तुम जानते हो यह जगह क्या है?"
"ROOSTER3_ZERO","कचरा निपटान केंद्र..."
"ROOSTER4_ZERO","तुम्हें काटने-छाँटने के बाद, तुम्हारे अवशेष यहीं फेंक दूँगा।"
"ROOSTER5_ZERO","क्या तुम उन्हें सुन नहीं सकते, Zero?"
"ROOSTER6_ZERO","उन सभी Reploid की चीखें जिन्हें तुमने Maverick कहकर यहाँ भेजा?"
"ROOSTER7_ZERO","क्या?! बस करो! अगर तुम यह सब सुन सकते हो, तो तुम भी Maverick हो, है ना?"
"ROOSTER8_ZERO","हा! तुम्हें जल्द ही पता चल जाएगा कि इस संघर्ष में कौन सही है और कौन गलत।"
"ROOSTER9_ZERO","जब नई दुनिया हकीकत बनेगी तो तुम मेरा मज़ाक नहीं उड़ाओगे!"
"SUNFLOWER1_ZERO","Zero... तुम्हें ज़रूर समझ आ गया होगा।"
"SUNFLOWER2_ZERO","तुम्हें अंदाज़ा तो होगा कि हम यहाँ क्या चाह रहे हैं।"
"SUNFLOWER3_ZERO","मैं तुम Maverick की सोच के बारे में क्या जानूँगा?"
"SUNFLOWER4_ZERO","नहीं! नहीं! नहीं! हम शायद अच्छे नहीं हैं, लेकिन हम राक्षस भी नहीं हैं।"
"SUNFLOWER5_ZERO","मेरे स्वामी को तुम अच्छी तरह याद हैं। तुम्हारे पास परम विनाशक बनने का मौका था। वह अब पुरानी बात है।"
"SUNFLOWER6_ZERO","अरे यार... वह पूरी तरह पागल हो गया है।"
"TRILOBYTE1_ZERO","यहाँ जो खनिज हम खनन करते हैं वह अंतरिक्ष विकास के लिए आवश्यक है।"
"TRILOBYTE2_ZERO","लेकिन मुझे नहीं लगता कि यह तुम्हारे लिए बहुत मायने रखता है, Zero?"
"TRILOBYTE3_ZERO","और तुम इसे Sigma के लिए खनन कर रहे हो? क्या तुम पागल हो?"
"TRILOBYTE4_ZERO","क्या तुमने कभी सोचा कि मेरे स्वामी को ऐसे संसाधन क्यों चाहिए?"
"TRILOBYTE5_ZERO","तुम्हारी योजना समझने की ज़रूरत नहीं है, मुझे पता है कि यह बुरी है, और मैं तुम्हें बचने नहीं दूँगा!"
"TRILOBYTE6_ZERO","हम्फ! मैं तुम जैसे टूटे-फूटे कबाड़ के ढेर से अपमान बर्दाश्त नहीं करूँगा!"
"TRILOBYTE7_ZERO","तुम्हें जल्दी या देर से मेरे स्वामी को जवाब देना होगा, बेकार कबाड़ के ढेर!"
"YETI1_ZERO","Zero। मेरे स्वामी तुम्हारे लिए अपनी नई आदर्श दुनिया में एक भूमिका देखते हैं।"
"YETI2_ZERO","तुम Maverick मुझमें क्या देखते हो? पिटाई की संभावना के अलावा..."
"YETI3_ZERO","तुम सच में एक पुराने मॉडल हो, है ना? इस सोच से दुनिया नहीं बदल सकते।"
"YETI4_ZERO","दुनिया बदलना? विनाश से? यह तो Maverick की सोच है।"
"YETI5_ZERO","तुम्हारी दुनिया... तुम्हारे आदर्श... मेरे स्वामी के लिए अबोधगम्य हैं।"
"VILE1-1_ZERO","Vile!"
"VILE1-2_ZERO","तुम Elevator और Lumine का क्या करने की योजना बना रहे हो?"
"VILE1-3_ZERO","Lumine? हा हा हा... चिंता मत करो। हम उसकी बहुत अच्छी देखभाल कर रहे हैं।"
"VILE1-4_ZERO","Orbital Elevator हमारे लिए बहुत महत्वपूर्ण है, हम उसे चलाने वाले को नुकसान नहीं पहुँचाएँगे।"
"VILE1-5_ZERO","वह खिलौना तुम जैसे Maverick के लिए थोड़ा ज़्यादा जटिल है, Vile।"
"VILE1-6_ZERO","हा हा हा... तुम्हारी कितनी याद आई, Zero।"
"VILE1-7_ZERO","क्या कहते हो, थोड़ा मज़ा करें और इस पुनर्मिलन का आनंद उठाएँ?"
"VILE2-1_ZERO","Vile!"
"VILE2-2_ZERO","Lumine को सौंपने का समय आ गया है। इस बार, मैं ना नहीं सुनूँगा।"
"VILE2-3_ZERO","Lumine? क्या तुम इतने मंद हो कि सोचते हो तुम माँग रखने की स्थिति में हो?"
"VILE2-4_ZERO","अपने चारों ओर देखो, मूर्ख! तुम्हारी दुनिया पहले से ही ढहने लगी है!"
"VILE2-5_ZERO","जैसा तुम जानते हो वह दुनिया? Maverick? सबको अलविदा कहो!"
"VILE2-6_ZERO","तबाही, कयामत और विनाश! हमें इसी के लिए बनाया गया था!"
"VILE3-1_ZERO","क्या तुम ""न्याय"" की बात से कभी नहीं थकते?"
"VILE3-2_ZERO","क्या तुम Sigma का पिछलग्गू बनने से कभी नहीं थकते?"
"VILE3-3_ZERO","Orbital Elevator... ऊर्जा... अंतरिक्ष खनिज... रॉकेट डेटा..."
"VILE3-4_ZERO","अंतरिक्ष का रास्ता..."
"VILE3-5_ZERO","जिसने इस दुनिया को इतने लंबे समय तक टिकाए रखा, वह हमारा है!"
"VILE3-6_ZERO","जब यह सब खत्म होने वाला है तो तुम इस दुनिया को कैसे गंभीरता से ले सकते हो?"
"VILE3-7_ZERO","हम्फ! मुझे लगता है तुम्हारे बॉस के पीछे जाने से पहले मैं तुम्हें निपटा दूँगा!"
"VILE4-1_ZERO","तो, तुम अभी भी अपना संघर्ष छोड़ने से इनकार करते हो?"
"VILE4-2_ZERO","क्या तुम इतने अंधे हो कि तुमने किसी तरह खुद को मना लिया कि आशा बाकी है?"
"VILE4-3_ZERO","संघर्ष?"
"VILE4-4_ZERO","मैं बस हर बार मुड़ते ही तुम और Sigma से टकराने से थक गया हूँ।"
"VILE4-5_ZERO","हा हा हा... मुझे लगता है तुम्हें अभी नष्ट करना बेकार होगा।"
"VILE4-6_ZERO","शायद मैं आखिरी संभव पल तक इंतज़ार करूँ और इसमें थोड़ा मज़ा लूँ।"
"COPYSIGMA1_ZERO","Sigma!?"
"COPYSIGMA2_ZERO","तुमसे फिर मिलने की उम्मीद नहीं थी।"
"COPYSIGMA3_ZERO","Zero। कितना दुख है... तुम्हारे पास मेरे जैसा बनने की क्षमता और संभावना थी।"
"COPYSIGMA4_ZERO","तुम... तुमने मेरे DNA का इस्तेमाल करने की कोशिश की।"
"COPYSIGMA5_ZERO","मैं तुम्हें सिखाऊँगा कि मुझसे छेड़छाड़ करने पर क्या होता है!"
"COPYSIGMA6_ZERO","ऐसा नहीं होगा। चाँद मेरे नियंत्रण में है और योजना अपने अंतिम चरण में है।"
"COPYSIGMA7_ZERO","दुनिया के उजड़ने का पल आ गया है!"
"SIGMA1_ZERO","Zero... किसने सोचा था कि दुनिया के अंत में हमारे रास्ते मिलेंगे।"
"SIGMA2_ZERO","जिस पल तुम्हारे वायरस ने मेरी प्रणाली में प्रवेश किया, बीज बो दिया गया था।"
"SIGMA3_ZERO","तभी यह सब शुरू हुआ... दुनिया का विनाश!"
"SIGMA4_ZERO","मैंने यह बकवास काफ़ी सुन ली, Sigma।"
"SIGMA5_ZERO","गुस्सा मत करो, Zero। मैं वास्तव में तुम्हारा ऋणी हूँ।"
"SIGMA6_ZERO","तुम्हारी वजह से मेरे बच्चे अंतरिक्ष में यह शानदार नई दुनिया बना पाए।"
"SIGMA7_ZERO","बच्चे?"
"SIGMA8_ZERO","बिल्कुल। Jakob Project से जन्मे सभी New Generation Reploid में मेरे व्यक्तिगत डेटा वाले कॉपी चिप हैं।"
"SIGMA9_ZERO","अब, तुम्हारी प्रिय दुनिया को नष्ट करने की योजना आखिरकार फलीभूत हो रही है!"
"SIGMA10_ZERO","तुम्हारे और तुम्हारी तरह के लोगों के लिए मेरी आँखों में आँसू नहीं!"
"SIGMA11_ZERO","दुनिया का अंत, और तुम्हारा भी, आ गया है! विदा!"
"SIGMA12_ZERO","Sigma... जब तक मैं काम कर रहा हूँ, तुम्हें अपना सुखद अंत नहीं मिलेगा!!!"
"FINALLUMINE1_ZERO","तुम Lumine हो! Jakob Project के निदेशक। क्या तुम ठीक हो?"
"FINALLUMINE2_ZERO","क्या मैं ठीक हूँ...? बिल्कुल।"
"FINALLUMINE3_ZERO","अब जब तुमने Sigma को हरा दिया, मुझे लगता है तुम संतुष्ट हो।"
"FINALLUMINE4_ZERO","तुम्हारी बदौलत, योजना सुचारू रूप से चली।"
"FINALLUMINE5_ZERO","योजना? इसका क्या मतलब है? क्या तुम Sigma की बुरी योजनाओं में इस्तेमाल नहीं हुए?"
"FINALLUMINE6_ZERO","इस्तेमाल? मुझे नहीं लगता।"
"FINALLUMINE7_ZERO","देखो, उसने तो बस मेरी योजना में मदद की।"
"FINALLUMINE8_ZERO","New Generation Reploid जाग गए हैं, और नई दुनिया करीब है!"
"FINALLUMINE9_ZERO","Lumine? तुम क्या कह रहे हो? क्या तुम भी Maverick बन गए?"
"FINALLUMINE10_ZERO","Maverick? तुम सच में ऐसा नहीं सोचते, है ना?"
"FINALLUMINE11_ZERO","इसीलिए तुम मुझे खत्म नहीं कर सकते, है ना? तुममें यह साहस नहीं है... तुम वह नहीं हो जो होना चाहिए, मैं सही हूँ ना?"
"FINALLUMINE12_ZERO","हूँ?"
"FINALLUMINE13_ZERO","तुम जैसे पुराने मॉडल को चिंता करनी पड़ती है कि उनके कार्य वाकई उनके अपने हैं या नहीं।"
"FINALLUMINE14_ZERO","कौन जानता है इस पल तुम्हें कौन प्रभावित कर रहा होगा? शायद कोई भूत?"
"FINALLUMINE15_ZERO","हालाँकि, हम New Generation Reploid सैकड़ों पुराने मॉडल Reploid के डेटा से बनाए गए थे।"
"FINALLUMINE16_ZERO","यही हमें सभी वायरस से पूर्ण प्रतिरक्षा देता है। हम अपनी मर्ज़ी से काम कर सकते हैं, क्योंकि यह हमारी स्वतंत्र इच्छा की गारंटी देता है!"
"FINALLUMINE17_ZERO","इसका मतलब है कि Sigma भी उसमें शामिल था। क्या तुम समझ रहे हो मैं क्या कह रहा हूँ?"
"FINALLUMINE18_ZERO","कोई भी Reploid Sigma जैसा पागल होने का चुनाव नहीं करेगा!"
"FINALLUMINE19_ZERO","हाँ, उसने तुम्हारी दुनिया के खिलाफ़ विद्रोह किया। शायद किसी वायरस के कारण।"
"FINALLUMINE20_ZERO","शायद Sigma सही था। तुम इसके मूल हो, Zero।"
"FINALLUMINE21_ZERO","तुम्हारी वजह से हम New Generation Reploid वह बन पाए जो हम अब हैं।"
"FINALLUMINE22_ZERO","तुम्हें हमें धन्यवाद देना चाहिए कि हमने सबको बताया कि यह दुनिया कितनी सड़ी हुई है।"
"FINALLUMINE23_ZERO","इंसान Reploid का इस्तेमाल करके अपने शापित आक्रामकता के चक्र को बनाए रखते हैं..."
"FINALLUMINE24_ZERO","इसीलिए पुरानी दुनिया के खिलाफ़ लड़ाई का हमारा फैसला सचेत रूप से लिया गया था।"
"FINALLUMINE25_ZERO","दूसरे शब्दों में, हमारे पास अपनी मर्ज़ी से Maverick बनने की शक्ति है!"
"FINALLUMINE26_ZERO","......"
"FINALLUMINE27_ZERO","Zero... क्या तुममें सच में हमें रोकने की ताकत है?"
"FINALLUMINE28_ZERO","तुम बस इंसानों का एक औज़ार हो। पुरानी दुनिया का एक औज़ार और कुछ नहीं..."
"FINALLUMINE29_ZERO","तुम सोचते हो कि अपनी Saber लेकर हम जैसे विकसित प्राणियों के सामने खड़े हो सकते हो?"
"FINALLUMINE30_ZERO","हा हा हा हा हा हा हा हा हा हा! तुम्हें पता भी नहीं कि तुम किसके लिए लड़ रहे हो!"
"FINALLUMINE31_ZERO","""नायक"" बनने का नाटक जिसे पता नहीं कि उसकी दुनिया का अंत पहले ही शुरू हो चुका है!"
"FINALLUMINE32_ZERO","तुम सोचते हो कि तुम्हारे कार्य सच में तुम्हारे तथाकथित ""न्याय"" के लिए हैं? असली न्याय हम हैं!"
"FINALLUMINE33_ZERO","दुनिया बदल रही है। इसलिए, यह स्वाभाविक है कि विकास अपना रास्ता अपनाए!"
"FINALLUMINE34_ZERO","अब, कतार में लग जाओ, विनाश के लिए, ताकि मैं तुम्हारा दुख हमेशा के लिए खत्म कर दूँ!"
"FINALLUMINE35_ZERO","न्याय? नायक? और किसने कहा कि मैं इन उद्देश्यों के लिए लड़ा?"
"FINALLUMINE36_ZERO","मैंने केवल वही लड़ा जो मुझे सही लगा और उनके लिए जो विश्वास करते हैं कि आशा मौजूद है।"
"FINALLUMINE37_ZERO","दुश्मन तुम हो... और मैं तुम्हें काटने में हिचकिचाऊँगा नहीं!"
"FINALLUMINE38_ZERO","दुश्मन, सहयोगी... यह मामला इतना सीधा नहीं है।"
"FINALLUMINE39_ZERO","Reploid, मानवता के साथ, अपरिवर्तनीय रूप से बदल गए हैं।"
"FINALLUMINE40_ZERO","उनके अस्तित्व की प्रकृति भी बदल गई है। हमारी नई दुनिया में तुम्हारी ज़रूरत नहीं है!"
"FINALLUMINE41_ZERO","तुम जितना चाहो बकवास कर सकते हो, लेकिन मैं तुम्हें इससे बचने नहीं दूँगा!"
"SECRET2-1_ZERO","स्वागत है Zero, पहली बार तुमसे मिलकर खुशी हुई।"
"SECRET2-2_ZERO","हूँ? अच्छा, धन्यवाद। तुम बाकी Maverick जैसे नहीं दिखते।"
"SECRET2-3_ZERO","मुझे कुछ... शांतिपूर्ण महसूस हो रहा है तुम्हारी उपस्थिति में, तुम कौन हो?"
"SECRET2-4_ZERO","कितनी सूक्ष्म दृष्टि है कि तुमने इतनी जल्दी यह देख लिया।"
"SECRET2-5_ZERO","मैं Serenade हूँ।"
"SECRET2-6_ZERO","तुमने कहा कि मैं उनसे अलग हूँ जिनका तुमने पहले सामना किया?"
"SECRET2-7_ZERO","वह मेरी अपार शक्ति के कारण है।"
"SECRET2-8_ZERO","अपार?"
"SECRET2-9_ZERO","सही है। मेरी ताकत आक्रामकता के बारे में नहीं है। जब से मैंने UnderKing की उपाधि खोई, तब से प्रशिक्षण कर रहा हूँ।"
"SECRET2-10_ZERO","अब जो तुमने मेरी उपस्थिति का ज़िक्र किया, मुझे लगता है कि तुम किसी तरह... परिचित हो।"
"SECRET2-11_ZERO","हम्म?"
"SECRET2-12_ZERO","क्या यह हो सकता है कि.... तुम वही हो जो हमें विनाश लाने के लिए नियत है?"
"SECRET2-13_ZERO","क्या? तुम मेरे बारे में क्या जानते हो? अभी बताओ!"
"SECRET2-14_ZERO","मुझसे लड़कर क्यों नहीं पता लगा लेते?"
"SECRET2-15_ZERO","बीस वर्षों से, मैंने शक्ति एकत्र की और अपनी क्षमताओं को निखारा। मैंने उन्हें परखने के लिए तुम्हें चुना है।"
"SECRET2-16_ZERO","Serenade, है ना?"
"SECRET2-17_ZERO","बहुत अच्छा, तो मैं तुम्हारी द्वंद्वयुद्ध स्वीकार करता हूँ। चलो शुरू करते हैं!"
"SECRET2-18_ZERO","तो ठीक है, आओ Zero! मुझे अपनी ताकत भी दिखाओ!"
"SECRET2-19_ZERO","मैं सच में मानता था कि मेरी शक्ति तुम्हें हराने के लिए काफ़ी है। लगता है मैं गलत था।"
"SECRET2-20_ZERO","अब जब मैंने तुम्हारी लड़ाई का तरीका बेहतर देखा, तुम ""उसके"" जैसे नहीं लगते।"
"SECRET2-21_ZERO","तुम्हारी समानताएँ मज़बूत हैं, लेकिन लगता है तुम जानते हो कि तुम किसके लिए लड़ रहे हो।"
"SECRET2-22_ZERO","क्या तुम कह रहे हो कि मेरा कोई विपरीत प्रतिरूप है?"
"SECRET2-23_ZERO","हाँ, लेकिन मुझे डर है कि वह ""एक और योद्धा"" द्वारा हरा दिया जाएगा, मेरी तरह।"
"SECRET2-24_ZERO","तुमने सुंदरता से लड़ा, Zero। तुम सच में इस दुनिया के सबसे शक्तिशाली प्रतिद्वंद्वी थे।"
"SECRET2-25_ZERO","काश मेरे पास इनाम के रूप में कुछ और देने को होता... लेकिन मैं बस अपनी कृतज्ञता दे सकता हूँ।"
"SECRET2-26_ZERO","हेह, चिंता की कोई बात नहीं। बस यह तथ्य कि तुम Maverick नहीं थे, मुझे पुरस्कृत महसूस कराता है।"
"SECRET2-27_ZERO","शायद हम किसी और जगह फिर मिलेंगे... तब तक, विदा, Zero।"
"SECRET2-28_ZERO","और याद रखो, सोचो कि तुम सच में किसके लिए लड़ रहे हो।"
"SECRET2-29_ZERO","..."
"SECRET3-1_ZERO","तु... तुम!"
"SECRET3-2_ZERO","अच्छा, तो तुम हो, तुम Axl के साथ हमारे खिलाफ़ लड़ रहे थे, है ना?"
"SECRET3-3_ZERO","हिलो मत! यह क्षेत्र S Class Hunter तक सीमित है, वह डेटा अभी मुझे दो!"
"SECRET3-4_ZERO","क्या तुम अभी भी नहीं समझे? इससे, हम Hunter से ज़्यादा प्रभावी ढंग से Maverick का शिकार कर सकते हैं।"
"SECRET3-5_ZERO","आखिरकार, तुम इतने लंबे समय से लड़ रहे हो। हम तुम्हारी बहुत मदद कर सकते हैं, लेकिन एक कीमत पर ज़ाहिर है।"
"SECRET3-6_ZERO","क्या तुम सोचते हो कि Maverick का सामना करना बस एक खेल है? तुम जैसे इनामी शिकारी को ऐसा क्यों लगता है?"
"SECRET3-7_ZERO","हम्फ, तुम सच में S-Class Hunter हो, है ना?"
"SECRET3-8_ZERO","मुझसे क्यों नहीं लड़ लेते? देखना चाहता हूँ कि तुम अभी भी पहले जितने निर्दयी हो या नहीं।"
"SECRET3-9_ZERO","शुरू करें?"
"SECRET3-10_ZERO","त्च, बुरा नहीं.... एक बूढ़े के लिए..."
"SECRET3-11_ZERO","अगर तुमने एक बार और हमारे रास्ते में आने की हिम्मत की, तो मैं तुम्हें फिर से टुकड़ों में काटने में नहीं हिचकिचाऊँगा।"
"SECRET3-12_ZERO","और Axl को निराशा होगी अगर उसे पता चले कि उसके गुरु ने अपनी गलतियों से कुछ नहीं सीखा।"
"SECRET3-13_ZERO","हा हा हा... शायद तुम सही थे।"
"SECRET3-14_ZERO","अगली बार जब मिलेंगे, तो इतना आसान नहीं होगा। विदा Zero.... और कृपया, मेरे लड़के का ख़्याल रखना।"
"SECRET3-15_ZERO","..."
"FINAL-6","समझ गए!"
"VILE4-6_AXL","शायद मैं आखिरी संभव पल तक इंतज़ार करूँ और इसमें थोड़ा मज़ा लूँ।"
"SUNFLOWER_ZERO_WEAPON","Tenshouha\n(Heaven Shine Wave)"
"ANTONION_ZERO_WEAPON","Juuhazan\n(Heavy Slash Wave)"
"MANTIS_ZERO_WEAPON","Rasetsusen\n(Swirling Temple Whirl)"
"MANOWAR_ZERO_WEAPON","Raikousen\n(Lightning Flash)"
"PANDA_ZERO_WEAPON","Youdantotsu\n(Leaf Severing Thrust)"
"TRILOBYTE_ZERO_WEAPON","Rekkyoudan\n(Violent Mirror Sever)"
"YETI_ZERO_WEAPON","Hyouryushou\n(Ice Dragon Rise)"
"ROOSTER_ZERO_WEAPON","Enkoujin\n(Blaze Drop Blade)"
"ZERONORMAL_NAME","सामान्य शरीर"
"ZERONORMAL_DISC","बिना विशेष क्षमताओं के।"
"ZEROBLACK_NAME","???"
"ZEROBLACK_DISC","समग्र बफ़।"
"NEXT_CHARACTER_NAME","अगला किरदार"
"NEXT_CHARACTER_DISC","अगले किरदार पर जाएँ"
"PREV_CHARACTER_NAME","पिछला किरदार"
"PREV_CHARACTER_DISC","पिछले किरदार पर जाएँ"
"ZEROBODY_NAME","डिफ़ॉल्ट बॉडी"
"ZEROBODY_DESC","15% नुकसान में कमी"
"X_LEFT_TITLE_1","सिर:"
"X_LEFT_DESC_1","X Buster के लिए DNA कॉपी सिस्टम"
"X_LEFT_TITLE_2","भुजाएँ:"
"X_LEFT_DESC_2","X-Buster MK17, चार्ज करने योग्य सौर ऊर्जा दागता है।"
"X_LEFT_TITLE_3","शरीर:"
"X_LEFT_DESC_3","Titanium X Alloy, अत्यधिक नुकसान-प्रतिरोधी।"
"X_LEFT_TITLE_4","पैर:"
"X_LEFT_DESC_4","हवाई यात्रा के लिए Air Dash सिस्टम।"
"X_RIGHT_DESC","Dr. Thomas Light की सर्वश्रेष्ठ कृति। सभी Reploid के मूल।\n\nएक सर्वगुण संपन्न Hunter जो लंबी दूरी से हमला कर सकता है।\n\n\nनए खिलाड़ियों के लिए अच्छा विकल्प।"
"ZERO_LEFT_TITLE_1","सिर:"
"ZERO_LEFT_DESC_1","युद्ध से नई तकनीकें सीखता है।"
"ZERO_LEFT_TITLE_2","Z-Saber:"
"ZERO_LEFT_DESC_2","बहु-प्रहार कॉम्बो के लिए एक बीम सेबर।"
"ZERO_LEFT_TITLE_3","शरीर:"
"ZERO_LEFT_DESC_3","गतिशीलता बढ़ाता है और शक्तिशाली चालों के लिए ऊर्जा बढ़ाता है।"
"ZERO_LEFT_TITLE_4","Air Waltz:"
"ZERO_LEFT_DESC_4","थ्रस्टर से हवा में दूसरी छलांग।"
"ZERO_RIGHT_DESC","X की अनुपस्थिति में Hunter का नेतृत्व करता है। Sigma Virus से संबंध है।\n\nयह शक्तिशाली Hunter एक कुशल निकट-युद्ध सेनानी है।\n\nअनुभवी खिलाड़ियों के लिए अच्छा विकल्प।"
"AXL_LEFT_TITLE_1","Copy Chip:"
"AXL_LEFT_DESC_1","Axl को दुश्मनों की क्षमताएँ कॉपी करने देता है।"
"AXL_LEFT_TITLE_2","Axl Bullet:"
"AXL_LEFT_DESC_2","तेज़ शक्तिशाली गोलियाँ दागता है।"
"AXL_LEFT_TITLE_3","हल्का फ्रेम:"
"AXL_LEFT_DESC_3","गतिशीलता बढ़ाता है और चकमा देने की क्षमता देता है।"
"AXL_LEFT_TITLE_4","होवर:"
"AXL_LEFT_DESC_4","हवा में तैरने की अनुमति। (हमला करते हुए तैरने के लिए Shot + Jump बटन दबाए रखें)"
"AXL_RIGHT_DESC","कॉपी चिप से लैस एक New Generation Reploid प्रोटोटाइप, उसकी उत्पत्ति अभी भी अज्ञात है।\n\nएक फुर्तीला Hunter जो दुश्मन के हमलों से बच सकता है।\n\nअनुकूलनशील खिलाड़ियों के लिए अच्छा विकल्प।"
"GAME_START_X","X से शुरू करें"
"GAME_START_AXL","AXL से शुरू करें"
"GAME_START_ZERO","ZERO से शुरू करें"
"SUBTANK_NAME","Subtank"
"SUBTANK_DISC","आपातकाल के लिए रिज़र्व टैंक"
"HEARTS_NAME","Life Up"
"HEARTS_DISC","आपकी जीवन ऊर्जा बढ़ाता है"
"BLACKZEROHEAD_NAME","Black Head Part"
"BLACKZEROHEAD_DISC","हमले से नुकसान ठीक होता है"
"BLACKZEROBODY_NAME","Black Body Part"
"BLACKZEROBODY_DISC","कोई नॉकबैक नहीं, 15% नुकसान में कमी"
"BLACKZEROARM_NAME","Black Arm Part"
"BLACKZEROARM_DISC","20% ज़्यादा नुकसान, क्षमताएँ बढ़ाता है"
"BLACKZEROLEG_NAME","Black Foot Part"
"BLACKZEROLEG_DISC","गति बफ़, हवा में अतिरिक्त कूद"
"AXLWHITEHEAD_NAME","White Head Part"
"AXLWHITEHEAD_DISC","गोलियों से नुकसान ठीक होता है"
"AXLWHITEBODY_NAME","White Body Part"
"AXLWHITEBODY_DISC","कोई नॉकबैक नहीं, 30% नुकसान में कमी"
"AXLWHITEARM_NAME","White Arm Part"
"AXLWHITEARM_DISC","गोला-बारूद की लागत 50% कम"
"AXLWHITELEG_NAME","White Foot Part"
"AXLWHITELEG_DISC","असीमित होवर, गति बढ़ी, ऊर्ध्वाधर डैश"
"ULTIMATE_SET_NAME","Nova Strike"
"ULTIMATE_SET_DISC","भेदन शक्ति के साथ आगे डैश"
"ICARUS_SET_NAME","Giga Crash"
"ICARUS_SET_DISC","स्क्रीन पर सभी दुश्मनों को मारता है।"
"HERMES_SET_NAME","X Drive"
"HERMES_SET_DISC","थोड़े समय के लिए अजेय।"
"CANCEL_ACT","रद्द करें"
"BETAZERO_NAME","Zero (Beta)"
"BETAZERO_DISC","Beta Zero के रूप में खेलें (गेम क्रैश हो सकता है)"
"CUSTOMZERO_NAME","Custom Zero"
"CUSTOMZERO_DISC","अपने सेव फ़ोल्डर में रंग अनुकूलित करें, Black Zero से ज़्यादा शक्तिशाली"
"ZEROHEAD_NAME","Head Part"
"ZEROHEAD_DESC","नई तकनीकें सीखने में सक्षम"
"ZEROARMS_NAME","Arm Part"
"ZEROARMS_DISC","Z-Saber और अन्य हथियार"
"ZEROLEGS_NAME","Leg Part"
"ZEROLEGS_DISC","दोहरी कूद और Air Dash की अनुमति"
"AXLHEAD_NAME","Head Part"
"AXLHEAD_DISC","अन्य Reploid में बदल सकता है।"
"AXLBODY_NAME","Body Part"
"AXLBODY_DISC","Tactical Roll चाल की अनुमति"
"AXLARMS_NAME","Arm Part"
"AXLARMS_DISC","ऊर्जा गोलियों वाली पिस्तौल"
"AXLLEGS_NAME","Leg Part"
"AXLLEGS_DISC","होवर और Air Dash की अनुमति"
"JOKE_MODE_OPTION","मज़ाक मोड"
"SAVE_GAME","गेम सेव करें"
"SAVE_OPTION","सेव करें"
"CONTINUE_OPTION","जारी रखें"
"SAVE_RETURN_MENU","मेनू पर वापस"
"SAVE_RETURN_CONFIRM","मेनू पर वापस?"
"SAVE_EMPTY","खाली"
"SAVE_DIFFICULTY","कठिनाई"
"SAVE_OVERWRITE_CONFIRM","अधिलेखित करें?"
