key,hi
TOTAL_TIME,Kitna Time Lagaya
DISCLAIMER1,"Yeh ek FREE fangame hai, bhai.\n\nCapcom se koi lena dena nahi hai. Na affiliation, na authorization, na kuch.\n\nMega Man X Capcom ki property hai.\nOriginal games khelo aur support karo!"
MADE_BY,Akele bana diya bhai ne
INSPIRED_BY,Inspiration liya
SPECIALTHANKSTEXT,Yeh mod Zashiko ne banaya\n\nAur pirate ne decompile kiya\nGame turbo kiya: Rafael Setragni & Claude (AI)\n\nSabhi contributors aur testers ko dhanyavaad.\nRetranslations by: ElevenSSF2 (Mint)
16-BIT_TITLE,"Cartridge mein fit ho jayega, trust me bro"
OPTIONS_START,SETTINGS MEIN GHUSO
KEYCFG_START,BUTTON DABAO
GAME_START,CHALO SHURU KARTE HAIN
GAME_START_NORMAL,THEEK THAAK
GAME_START_ROOKIE,MUMMY KI GODI
GAME_START_HARD,THODA MIRCHI
GAME_START_INSANITY,BHAI PAGAL HO KYA?
GAME_START_NINJA,SAPNE MEIN BHI NAHI HOGA!
LOAD_GAME,PURAANA SAVE KHOLO
ON_VALUE,Chalu
ON_VALUE_B,JUGAAD
OFF_VALUE,Bandh
EXIT_BUTTON,Nikal
ARMORSETUP_TITLE,Kapde Badlo
LOADOUT_DISC,Apna set chuno bhai.
DEFAULTHEAD_NAME,Asli Helmet
DEFAULTHEAD_DISC,Default part hai yaar.
DEFAULTBODY_NAME,Asli Body
DEFAULTBODY_DISC,Default part hai yaar.
DEFAULTARMS_NAME,Asli Buster
DEFAULTARMS_DISC,Default part hai yaar.
DEFAULTLEGS_NAME,Asli Joote
DEFAULTLEGS_DISC,Default part. Hawa mein dash kar sakte ho.
HERMESHEAD_NAME,Helmet H
HERMESHEAD_DISC,Buster jaldi charge hota hai.
HERMESBODY_NAME,Body H
HERMESBODY_DISC,Maaro toh health wapas milti hai.
HERMESARMS_NAME,Buster H
HERMESARMS_DISC,"Weapon shots free mein, no ammo kharcha."
HERMESLEGS_NAME,Joote H
HERMESLEGS_DISC,Dash karte waqt koi nahi rok sakta.
ICARUSHEAD_NAME,Helmet I
ICARUSHEAD_DISC,Jump karo toh aag barsaye.
ICARUSBODY_NAME,Body I
ICARUSBODY_DISC,Dhakka nahi khate ab.
ICARUSARMS_NAME,Buster I
ICARUSARMS_DISC,Charged shots free mein.
ICARUSLEGS_NAME,Joote I
ICARUSLEGS_DISC,Oonchi jump aur double air dash.
ULTIMATEHEAD_NAME,Helmet U
ULTIMATEHEAD_DISC,Jump damage + fast charge combo.
ULTIMATEBODY_NAME,Body U
ULTIMATEBODY_DISC,No dhakka aur healing hits.
ULTIMATEARMS_NAME,Ultimate Buster
ULTIMATEARMS_DISC,"Sab free mein, koi ammo nahi lagta."
ULTIMATELEGS_NAME,Joote U
ULTIMATELEGS_DISC,Full speed aur invincible dash.
AXLNORMAL_NAME,Seedha Saadha
AXLNORMAL_DISC,Koi special nahi hai yaar.
AXLWHITE_NAME,???
AXLWHITE_DISC,Sab kuch badhiya.
TANK_ABV,TANKI
OPTIONS_ABV,SETTING
KEYCFG_ABV,BUTTON
ACHIEV_ABV,Trophy
X_WPNMENU,Nimbu Buster
SUNFLOWER_WPNMENU,Suraj Mukhi Shield
ANTONION_WPNMENU,Cheenti Bomb
MANTIS_WPNMENU,Kaala Teer
MANOWAR_WPNMENU,Bijli Naach
PANDA_WPNMENU,DHAMAKA!
TRILOBYTE_WPNMENU,Patthar Bouncer
YETI_WPNMENU,Gola! Gola!
ROOSTER_WPNMENU,Tandoori Dash
AXL_WPNMENU,Desi Bandook
SUNFLOWER_AXL_WPNMENU,Laser Bandook
ANTONION_AXL_WPNMENU,Desi Katta
MANTIS_AXL_WPNMENU,Kaala Teer
MANOWAR_AXL_WPNMENU,Bijli Bandook
PANDA_AXL_WPNMENU,Rocket Launcher Jugaad
TRILOBYTE_AXL_WPNMENU,Bouncy Goli
YETI_AXL_WPNMENU,Baraf Ki Bandook
ROOSTER_AXL_WPNMENU,Aag Ka Gola
SUNFLOWER_ZERO_WPNMENU,TENSHOUHA! WAAH!
ANTONION_ZERO_WPNMENU,Gravity Chacha
MANTIS_ZERO_WPNMENU,Chakkar Maut Ka
MANOWAR_ZERO_WPNMENU,Bijli Ka Jhappad
PANDA_ZERO_WPNMENU,Bamboo Danda
TRILOBYTE_ZERO_WPNMENU,Patthar Phenko
YETI_ZERO_WPNMENU,Baarish Baraf Ki
ROOSTER_ZERO_WPNMENU,Aag Ka Talwar
SUNFLOWER_ZERO_DISC,Neeche + Shot 2
ANTONION_ZERO_DISC,Shot 2
MANTIS_ZERO_DISC,Shot 2 (Hawa mein)
MANOWAR_ZERO_DISC,Dash + Shot 2
PANDA_ZERO_DISC,Left/Right + Shot 2
TRILOBYTE_ZERO_DISC,Apne aap chalta hai bhai
YETI_ZERO_DISC,Upar + Shot 2
ROOSTER_ZERO_DISC,Neeche + Shot 2 (Hawa mein)
ZERO_WPNMENU,Talwar
BFAN_WPNMENU,Pankha
DGLAIVE_WPNMENU,Bhala
TBREAKER_WPNMENU,Hathauda
KKNUCKLE_WPNMENU,Mukka
VHANGER_WPNMENU,V-Katar
SIGMABLADE_WPNMENU,Sigma Ki Talwar
YOUGOT_TITLE,Bhai Mil Gaya
SUNFLOWER_WEAPON,Suraj Mukhi Shield
ANTONION_WEAPON,Cheenti Bomb
MANTIS_WEAPON,Kaala Teer
MANOWAR_WEAPON,Bijli Naach
PANDA_WEAPON,DHAMAKA!
TRILOBYTE_WEAPON,Patthar Bouncer
YETI_WEAPON,Gola! Gola!
ROOSTER_WEAPON,Tandoori Dash
OPTIONS_TITLE,SETTING MEIN HAATH MAT LAGAO
LANGUAGE_OPTION,Bhaasha
BOSS_REMIX_OPTION,Boss Remix
REMIX_OPTION,16-bit Remix
DT_DASH_OPTION,Double tap se dash
SKIP_DIAG_OPTION,Padhna kisne bola
CHARGE_OPTION,Charge ka chamak
ACHIEV_OPTION,Achievement dikhao
MUSIC_OPTION,Gaana kitna loud
SOUND_OPTION,Awaaz kitni tez
VSync,VSync kya hota hai bhai?
FPS_OPTION,Tera PC handle karega?
FPS_PHYSICS_OPTION,Physics FPS bhi?
FPS_UNCAPPED,Bina Brake
WSIZE_OPTION,Window Size
FULLSCREEN_OPTION,Poora Screen
STRETCH_OPTION,Khicha Tani
STRETCH_OPTION_VIEWPORT,Bilkul Clear
STRETCH_OPTION_2D,Thoda Blurry
CRT_OPTION,Purani TV Ka Filter
LIGHT_VALUE,Halka
STRONG_VALUE,Kadak!
DEBUG_OPTION,Cheating karega kya?
SHOWIGT_OPTION,Timer dikhao
GATEWAYSKIP_OPTION,Bug exploit karega?
ASPECT_OPTION,Screen ka shape
IGNORE_VALUE,KHEENCH DO!
KEEP_VALUE,Sahi tarika
KEYCFG_TITLE,BUTTON SET KARO BHAI
EXIT_MAINMENU,Title Screen pe wapas
ACTION_CTG,Kaam
KEYBOARD_CTG,Keyboard
JOYPAD_CTG,Controller
LEFT_ACT,baayein
RIGHT_ACT,daayein
NEWGAME_OPTION,Phir se shuru karo!
CLEARSAVE_OPTION,Save Delete Karo
CLEARSAVE_CONFIRM,Pakka? Dubara daba
RESET_ACHIEV,Achievement Reset
CLEARSAVE_CONFIRM,Pakka? Dubara daba
RESET_ACHIEV_FINISHED,Sab saaf ho gaya bhai. RIP.
UP_ACT,upar
DOWN_ACT,neeche
SHOT_ACT,goli
SHOT2_ACT,goli2
JUMP_ACT,kood
DASH_ACT,dash
ARMORABILITY_ACT,special attack
PREV_ACT,pichla hathiyar
NEXT_ACT,agla hathiyar
PAUSE_ACT,ruko zara
CONFIRM_ACT,haan bhai
WPNLEFT_ACT,chakra baayein
WPNRIGHT_ACT,chakra daayein
WPNUP_ACT,chakra upar
WPNDOWN_ACT,chakra neeche
WPNRESET_ACT,nimbu chuno
ACHIEV_SCREEN_TITLE,Trophiyaan
ACHIEVEMENTSUNLOCKED,Kitne Paaye
DEBUGACHIEVTITLE,Locked hai bhai...
DEBUGACHIEVDISC,Debug Mode use kiya. Cheater!
BEATINTRO_DISC,Noah's Park ka Boss haraaya.
BEATINTRO_TITLE,Phir se mil gaye yaar
COLLECTALLHEARTS_DISC,Saare Heart Tanks loot liye.
COLLECTALLHEARTS_TITLE,Dil Le Gaya
COLLECTALLSUBTANKS_DISC,Saari Sub Tanks loot li.
COLLECTALLSUBTANKS_TITLE,Chai Ki Tanki Bhar Li
COLLECTFULLHERMES_DISC,Hermes Armor ke saare parts le liye.
COLLECTFULLHERMES_TITLE,Mercury Express
COLLECTFULLICARUS_DISC,Icarus Armor ke saare parts le liye.
COLLECTFULLICARUS_TITLE,Udta Punjab
SURFEDONMISSILE_DISC,6 second tak missile pe surf kiya.
SURFEDONMISSILE_TITLE,Bollywood Stunt Scene
DEFEATEDALL_DISC,Saare aath Maverick Boss haraa diye.
DEFEATEDALL_TITLE,Aath Ka Dum
DEFEATEDANY_DISC,Koi bhi Maverick Boss haraaya.
DEFEATEDANY_TITLE,New Generation Wale
GIGACRUSHKILL_DISC,Boss ko Giga Crash se finish kiya.
GIGACRUSHKILL_TITLE,DHAMAKA BOSS!
PELEDOSGAMES_DISC,Boss harane ke baad armor ko header maara.
PELEDOSGAMES_TITLE,Cricket Ke Pele
PERFECTKILL_DISC,"Boss ko bina weapon, bina upgrade, bina damage liye haraaya."
PERFECTKILL_TITLE,Sigma Grindset
XDRIVEDODGE_DISC,Desperation Attack ke time XDrive use kiya.
XDRIVEDODGE_TITLE,Ninja Hattori
GIGACRUSHKILL_DISC,Boss ko Giga Crash se finish kiya.
GIGACRUSHKILL_TITLE,DHAMAKA BOSS!
ANTONIONBUSTERONLY_DISC,Gravity Cheenti ko sirf nimbu se haraaya.
ANTONIONBUSTERONLY_TITLE,Sun Raha Hai Na Tu?
ANTONIONNAKED_DISC,Gravity Cheenti ko bina upgrade haraaya.
ANTONIONNAKED_TITLE,Kaise Nikle Yahan Se?
ANTONIONNODAMAGE_DISC,Gravity Cheenti ko bina damage liye haraaya.
ANTONIONNODAMAGE_TITLE,"Scientist Nahi, CHEENTI Hai Bhai!"
ANTONIONNOROTATION_DISC,Primrose mein bina stage rotate kiye end tak pahuncha.
ANTONIONNOROTATION_TITLE,Inception Dekh Li
MANOWARBUSTERONLY_DISC,Gigabolt Jellyfish ko sirf nimbu se haraaya.
MANOWARBUSTERONLY_TITLE,Current Maar Diya
MANOWARNAKED_DISC,Gigabolt Jellyfish ko bina upgrade haraaya.
MANOWARNAKED_TITLE,Tu Kaun Hai Bhai?
MANOWARNODAMAGE_DISC,Gigabolt Jellyfish ko bina damage liye haraaya.
MANOWARNODAMAGE_TITLE,Bijli Gul Ho Gayi
MANOWARDOOREXPLODED_DISC,Dynasty mein darwaza tod diya.
MANOWARDOOREXPLODED_TITLE,Singham Style Entry
MANTISBUSTERONLY_DISC,Dark Mantis ko sirf nimbu se haraaya.
MANTISBUSTERONLY_TITLE,Blade Se Dikhata Hoon
MANTISNAKED_DISC,Dark Mantis ko bina upgrade haraaya.
MANTISNAKED_TITLE,Andhere Mein Rehta Hai
MANTISNODAMAGE_DISC,Dark Mantis ko bina damage liye haraaya.
MANTISNODAMAGE_TITLE,Kaam Chor Pakda Gaya
MANTISLIT_DISC,Pitch Black mein andhera khatam kiya.
MANTISLIT_TITLE,Bijli Aa Gayi!
MANTISUNDETECTED_DISC,Pitch Black mein kisi searchlight se nahi pakde gaye.
MANTISUNDETECTED_TITLE,Chaupaal Ka Chor
PANDABUSTERONLY_DISC,Bamboo Panda ko sirf nimbu se haraaya.
PANDABUSTERONLY_TITLE,Mota Bhai Down
PANDANAKED_DISC,Bamboo Panda ko bina upgrade haraaya.
PANDANAKED_TITLE,Bhai Log...
PANDANODAMAGE_DISC,Bamboo Panda ko bina damage liye haraaya.
PANDANODAMAGE_TITLE,Diet Pe Daala
PANDARIDEREACHED_DISC,Booster Forest ke end tak Ride Armor mein pahuncha.
PANDARIDEREACHED_TITLE,Jugaad Ride
ROOSTERBUSTERONLY_DISC,Burn Murga ko sirf nimbu se haraaya.
ROOSTERBUSTERONLY_TITLE,TANDOORI READY!
ROOSTERNAKED_DISC,Burn Murga ko bina upgrade haraaya.
ROOSTERNAKED_TITLE,MURGAAAA!
ROOSTERNODAMAGE_DISC,Burn Murga ko bina damage liye haraaya.
ROOSTERNODAMAGE_TITLE,AAG LAGA DI BHAI!
ROOSTERFROZEN_DISC,Inferno mein lava rok diya.
ROOSTERFROZEN_TITLE,AC Chala Do
SUNFLOWERBUSTERONLY_DISC,Optic Suraj Mukhi ko sirf nimbu se haraaya.
SUNFLOWERBUSTERONLY_TITLE,Chal Chal Aage Badh
SUNFLOWERNAKED_DISC,Optic Suraj Mukhi ko bina upgrade haraaya.
SUNFLOWERNAKED_TITLE,Sab Same Hai Bhai
SUNFLOWERNODAMAGE_DISC,Optic Suraj Mukhi ko bina damage liye haraaya.
SUNFLOWERNODAMAGE_TITLE,Same Old Story
SUNFLOWERGOTSSSRANK_DISC,Ek hi run mein saare challenges mein S Rank. Kya baat hai bhai!
SUNFLOWERGOTSSSRANK_TITLE,IIT Crack Kiya
TRILOBYTEBUSTERONLY_DISC,Earthrock Keeda ko sirf nimbu se haraaya.
TRILOBYTEBUSTERONLY_TITLE,Patthar Tod Diya
TRILOBYTENAKED_DISC,Earthrock Keeda ko bina upgrade haraaya.
TRILOBYTENAKED_TITLE,Purana Dabba
TRILOBYTENODAMAGE_DISC,Earthrock Keeda ko bina damage liye haraaya.
TRILOBYTENODAMAGE_TITLE,Dimag Nahi Hai Kya?
YETIBUSTERONLY_DISC,Avalanche Yeti ko sirf nimbu se haraaya.
YETIBUSTERONLY_TITLE,Gola Wala Down!
YETINAKED_DISC,Avalanche Yeti ko bina upgrade haraaya.
YETINAKED_TITLE,Purane Model Hain Hum
YETINODAMAGE_DISC,Avalanche Yeti ko bina damage liye haraaya.
YETINODAMAGE_TITLE,Baraf Mein Bhi Thand Nahi Lagi
YETIDOOREXPLODED_DISC,Central White mein darwaza tod diya.
YETIDOOREXPLODED_TITLE,Thanda Thanda Cool Cool
VILEJAKOBBUSTERONLY_DISC,Vile ko sirf nimbu se haraaya.
VILEJAKOBBUSTERONLY_TITLE,Ekdum Kadak!
VILEJAKOBNAKED_DISC,Vile ko bina upgrade haraaya.
VILEJAKOBNAKED_TITLE,Seedha Paidal Chada
VILEJAKOBNODAMAGE_DISC,Vile ko bina damage liye haraaya.
VILEJAKOBNODAMAGE_TITLE,Gadha Bhi Sharma Jaye
VILEDEFEATEDTWICE_DISC,Vile ko do baar haraaya.
VILEDEFEATEDTWICE_TITLE,Phir Se Mil Gaya Tu
VILEDEVILBEARDEFEATED_DISC,Devil Bear ko pehle hi haraa diya.
VILEDEVILBEARDEFEATED_TITLE,Yeh Kaisa Bhalu Hai?
VILEJAKOBDEFEATED_DISC,Orbital Elevator ke top pe Vile ko haraaya.
VILEJAKOBDEFEATED_TITLE,Chadhte Hi Jhappad
VILESIGMADEFEATED_DISC,Sigma Palace mein Vile ko haraaya.
VILESIGMADEFEATED_TITLE,Umeed Baaki Hai
GATEWAYFIESTA_DISC,Gateway ka sabse mushkil challenge survive kiya.
GATEWAYFIESTA_TITLE,DAARU PARTY TIME!
COPYBUSTERONLY_DISC,Impostor ko sirf nimbu se haraaya.
COPYBUSTERONLY_TITLE,Among Us IRL
COPYNAKED_DISC,Impostor ko bina upgrade haraaya.
COPYNAKED_TITLE,Cosplay Testing
COPYNODAMAGE_DISC,Impostor ko bina damage liye haraaya.
COPYNODAMAGE_TITLE,Main Hi Sigma Hoon
COPYDEFEATED_DISC,Impostor haraa diya.
COPYDEFEATED_TITLE,Nakli Sigma Ko Pel Diya
SIGMANAKED_DISC,Sigma ko bina upgrade haraaya.
SIGMANAKED_TITLE,Nashe Mein Boss Fight
SIGMANODAMAGE_DISC,Sigma ko bina damage liye haraaya.
SIGMANODAMAGE_TITLE,Chacha Ko Pel Diya
LUMINENAKED_DISC,Final Boss ko bina upgrade haraaya.
LUMINENAKED_TITLE,ChatGPT Premium User
LUMINENODAMAGE_DISC,Final Boss ko bina damage liye haraaya.
LUMINENODAMAGE_TITLE,AI Ko Bhi Thok Diya
SERAPHNAKED_DISC,Final Boss Phase 2 ko bina upgrade haraaya.
SERAPHNAKED_TITLE,Credits Khatam Ho Gaye
SERAPHNODAMAGE_DISC,Final Boss Phase 2 ko bina damage liye haraaya.
SERAPHNODAMAGE_TITLE,Subscription Renew Karo
SERAPHDEFEATED_DISC,Poora game khatam kar diya.
SERAPHDEFEATED_TITLE,CHATGPT 3.0 KEHTA HAI DHANYAVAAD :D
SECRET1DEFEATED_DISC,Secret Boss haraa diya.
SECRET1DEFEATED_TITLE,Chhupa Rustam!
SECRET2DEFEATED_DISC,Secret Boss #2 haraa diya.
SECRET2DEFEATED_TITLE,Doosra Chhupa Rustam
SECRET3DEFEATED_DISC,Secret Boss #3 haraa diya.
SECRET3DEFEATED_TITLE,BHAI BHAI BHAI!
COLLECTBLACKZERO_TITLE,Kaala Bandar Mode
COLLECTBLACKZERO_DISC,"Black Armor unlock kiya. Jaa beta, ultimate warrior ban ja...wait, galat franchise."
COLLECTWHITEAXL_TITLE,Safed Kurta Pehan Liya
COLLECTWHITEAXL_DISC,White Armor unlock kiya. Ab toh gender bhi confusing ho gaya yaar.
COLLECTULTIMATEX_TITLE,Sab Khatam Bhai
COLLECTULTIMATEX_DISC,Ultimate Armor unlock. Game toh ab easy mode hai literally. Nova Strike maar aur chill.
ZERODEFEATED_DISC,"Zero ko steroid form mein haraaya, but tere baal ab bhi nahi hain."
ZERODEFEATED_TITLE,"Bhai Zero, PHIR SE?"
STAGE_DC,Stage
BOSS_DC,Boss
COMPLETION_DC,Khatam
NOAHSPARK_STAGE,Jantar Mantar
NOAHSPARK_NAME,Kekda Raja
SUNFLOWER_STAGE,Suraj Mukhi Ka Khet
SUNFLOWER_NAME,Optic Suraj Mukhi
ANTONION_STAGE,Chandni Chowk
ANTONION_NAME,Gravity Cheenti
MANTIS_STAGE,Andheri Raat
MANTIS_NAME,Dark Tidda
MANOWAR_STAGE,Bijli Ghar
MANOWAR_NAME,Gigabolt Jellyfish
PANDA_STAGE,Bamboo Ka Jungle
PANDA_NAME,Bamboo Mota Bhai
TRILOBYTE_STAGE,Patthar Ki Khadaan
TRILOBYTE_NAME,Earthrock Keeda
YETI_STAGE,Shimla Express
YETI_NAME,Avalanche Yeti Bhai
ROOSTER_STAGE,Tandoori Bhatti
ROOSTER_NAME,Burn Murga
JAKOB_STAGE,Lift Mein Phanse
GATEWAY_STAGE,Darwaza
SIGMA_STAGE,Chacha Ka Adda
HERMESHEAD1,"X... Mujhe pata tha ek din yeh hoga, toh maine tere liye parts banaye the."
HERMESHEAD2,"Le beta, Helmet H pehen le."
HERMESHEAD3,Isse buster jaldi charge hoga.
HERMESHEAD4,"Capsule mein aa jaa, jaldi kar chai thandi ho rahi hai."
HERMESBODY1,"X... Mujhe pata tha ek din yeh hoga, toh maine tere liye parts banaye the."
HERMESBODY2,Yeh le Body H.
HERMESBODY3,Isse enemy maarne pe health wapas milegi.
HERMESBODY4,"Capsule mein aa jaa, jaldi kar chai thandi ho rahi hai."
HERMESARMS1,"X... Mujhe pata tha ek din yeh hoga, toh maine tere liye parts banaye the."
HERMESARMS2,Yeh Buster H le.
HERMESARMS3,Spread shot charge attack milega isse.
HERMESARMS4,"Weapon shots free hain, bas charge shot mein ammo lagta hai."
HERMESARMS5,"Capsule mein aa jaa, jaldi kar chai thandi ho rahi hai."
HERMESLEGS1,"X... Mujhe pata tha ek din yeh hoga, toh maine tere liye parts banaye the."
HERMESLEGS2,Yeh le Joote H.
HERMESLEGS3,"Dash karte waqt invincible rahega, ground ho ya air."
HERMESLEGS4,"Capsule mein aa jaa, jaldi kar chai thandi ho rahi hai."
ICARUSHEAD1,"X... Mujhe pata tha ek din yeh hoga, toh maine tere liye parts banaye the."
ICARUSHEAD2,Le Helmet I pehen le.
ICARUSHEAD3,Jump karne pe nearby enemies ko damage hoga.
ICARUSHEAD4,"Capsule mein aa jaa, jaldi kar chai thandi ho rahi hai."
ICARUSBODY1,"X... Mujhe pata tha ek din yeh hoga, toh maine tere liye parts banaye the."
ICARUSBODY2,"Body I le, mast lagega."
ICARUSBODY3,Isse kam damage aayega aur dhakka nahi khayega.
ICARUSBODY4,"Capsule mein aa jaa, jaldi kar chai thandi ho rahi hai."
ICARUSARMS1,"X... Mujhe pata tha ek din yeh hoga, toh maine tere liye parts banaye the."
ICARUSARMS2,"Buster I le yeh, discount pe mila tha."
ICARUSARMS3,Powerful laser charge shot milega.
ICARUSARMS4,Charged special weapons free mein fire honge.
ICARUSARMS5,"Capsule mein aa jaa, jaldi kar chai thandi ho rahi hai."
ICARUSLEGS1,"X... Mujhe pata tha ek din yeh hoga, toh maine tere liye parts banaye the."
ICARUSLEGS2,Yeh Joote I pehen le.
ICARUSLEGS3,Oonchi jump aur double air dash milega.
ICARUSLEGS4,"Capsule mein aa jaa, jaldi kar chai thandi ho rahi hai."
INTRO2-1,Yeh X hai bhai! Orbital Elevator ke paas accident site pe hoon!
INTRO2-2,Yahan toh Mavericks hi Mavericks hain!
INTRO2-3,Main andar ja raha hoon. Rescue bhejo jab signal doon!
INTRO2-4,Theek hai bhai!
INTRO2-5,S-Sigma...!?
INTRO2-6,Accident se bachne ke liye...
INTRO2-7,Humne Sigma ki body copy karni padi.
INTRO2-8,Hum New Generation Reploids ko koi virus nahi lagta.
INTRO2-9,Toh Sigma copy karna bhi safe hai.
INTRO2-10,Tu kaun hai bhai?
INTRO2-11,Main Lumine hoon...
INTRO2-12,Elevator ka director hoon aur Jakob Project dekhta hoon.
INTRO2-13,"Achha achha. Ruk, main team ko bolta hoon rescue ke liye-"
INTRO3-1,Arey waah X! Kitne din baad mil rahe hain yaar!
INTRO3-2,Vile?!
INTRO3-3,Ha ha ha... Tere saath khel-kood karta but kaam bohot hai...
INTRO3-4,Tu wanted criminal hai! Ruk aur Lumine ko chhod de!
INTRO3-5,Chance nahi. Orbital Elevator humara hai ab...
INTRO3-6,Kya karne wala hai tu?!
INTRO3-7,"Ab shuru hota hai, X. Naya duniya banega!"
INTRO3-8,Ha ha ha ha ha ha ha ha ha ha!
ANTONION1,Gravity Cheenti... Tu toh scientist tha yaar. Kya ho gaya?
ANTONION2,"Scientist? Bhai main cheenti hoon, scientist kahan se?"
ANTONION3,Mujhe kisi ki tarif ki zaroorat nahi hai.
ANTONION4,Kya... Sigma ne tujhe Maverick bana diya?
ANTONION5,Maverick? Phir se label lagaya? Kitna arrogant hai tu!
ANTONION6,"Jab tak raasta nahi deta, tod doonga tujhe!"
MANOWAR1,Gigabolt Jellyfish!
MANOWAR2,City ki bijli wapas kar! Nahi toh sab khatam ho jayega!
MANOWAR3,... ... ...
MANOWAR4,...Main kuch galat nahi kar raha... Tu kaun hai bhai?
MANOWAR5,Main Mega Man X hoon. Maverick Hunter.
MANOWAR6,Sigma ne tujhe Maverick bana diya kya?
MANOWAR7,Main Maverick nahi hoon... Apna kaam kar raha hoon bas...
MANOWAR8,Naye duniya ka sapna poora karne mein busy hoon bhai!
MANOWAR9,Tu Maverick ho gaya hai! Main tujhe rokna padega!
MANTIS1,Oye! Maverick Hunter yahan kya kar raha hai?
MANTIS2,Dark Tidda... Tu Maverick hai. Tere weapons ka production band karta hoon.
MANTIS3,"Hum New Generation Reploids design hi aise hain ki Maverick nahi ban sakte, bhai."
MANTIS4,Toh weapons kyun bana raha hai? Sigma control kar raha hai kya?
MANTIS5,"Aur tujhe kaun control karta hai? Teri pyaari """"justice""""?"
MANTIS6,Dark Tidda... Tu Maverick jaisi harkatein kar raha hai!
MANTIS7,Tum purane model Reploids sach mein kuch nahi samajhte.
MANTIS8,"Meri blade se dikhata hoon teri """"justice"""" kitni bekaar hai!"
PANDA1,Pata hai sabse pehle rockets war ke liye bane the?
PANDA2,Poori history mein bas todne wali cheezein bani hain. Missiles... Reploids...
PANDA3,Kya bol raha hai? Koi Reploid destruction nahi chahta.
PANDA4,"Tune kabhi socha nahi, X?"
PANDA5,Yeh duniya bas destruction chahti hai aur kuch nahi?
PANDA6,Kya Sigma aise sochta hai? Par... Yeh toh...
PANDA7,Mujhe pata hai tu kya bolne wala hai.
PANDA8,"Tu sochega yeh Maverick thinking hai, hai na?"
PANDA9,"Isliye toh humein ladna padta hai, samjhe?"
ROOSTER1,"Pata hai yeh jagah kya hai, X?"
ROOSTER2,Yeh waste disposal center hai. Jahan kachra jalate hain...
ROOSTER3,"Burn Murga, tune riot kyun shuru kiya? Sigma kar raha hai kya?"
ROOSTER4,Yeh saada riot nahi hai! Yeh revenge hai un sab Reploids ka jinhe tumne Maverick bola aur yahan fekh diya!
ROOSTER5,Mavericks sirf tabahi laate hain! Humein rokna padega!
ROOSTER6,Isse tu justice bolta hai? Tujhe scrap karna chahiye!
ROOSTER7,Sigma ka plan kya hai? Woh tujhe use kar raha hai bas!
ROOSTER8,"Use kar raha hai? Agar yeh keemat hai naye duniya ke liye, toh theek hai!"
ROOSTER9,Naye duniya mein tere jaise Reploids ki jagah nahi hai!
SUNFLOWER1,X... Yahan tak aa gaya toh samajh gaya hoga.
SUNFLOWER2,Tujhe andaza toh hoga hum kya chahte hain yahan.
SUNFLOWER3,Tum Mavericks... Sigma control kar raha hai na?
SUNFLOWER4,"Sorry bhai, par humein koi control nahi karta."
SUNFLOWER5,"Hum villains toh hain, par rakshas nahi."
SUNFLOWER6,Humein rokne ka haq kisi ko nahi!
TRILOBYTE1,Pata hai yahan jo mineral nikalte hain woh space development mein use hota hai?
TRILOBYTE2,Sigma zaroor peeche hoga! Yeh minerals kyun chahiye usse?
TRILOBYTE3,Samjhau bhi toh tere jaise bewakoof Maverick Hunter ko kya samajh aayega.
TRILOBYTE4,Tujhe purane dabbon ko yahi gaad doonga!
YETI1,Main tujhe humari raah mein nahi aane doonga.
YETI2,Avalanche Yeti! Kya kar raha hai tu?
YETI3,Humein ab tumhari duniya se koi matlab nahi. Purane model Reploids ki zaroorat nahi yahan.
YETI4,"Nikal yahan se, X!"
YETI5,Bilkul nahi! Yeh system repair nahi hua toh duniya ka balance bigad jayega!
YETI6,"Heh. Bahut der ho gayi, X."
YETI7,Tu aur tere chhote se Maverick Hunters haar gaye!
VILE1-1,Vile!
VILE1-2,Lumine ko kahan le gaya? Jakob Project rokna chahta hai kya?
VILE1-3,Itne din baad mile aur seedha sawaal? Thoda pyaar se baat kar yaar.
VILE1-4,Lumine ki chinta mat kar. Uska dhyaan rakha ja raha hai. Ha ha ha...
VILE1-5,"Orbital Elevator humein bahut zaruri hai, isliye uske operator ko nahi maarte."
VILE1-6,Tujhe pata hai kya kar raha hai?
VILE1-7,Jakob Project insaanon aur Reploids ki partnership hai!
VILE1-8,"Thanda le, X..."
VILE1-9,"Yaar chal chai pi lete hain, reunion toh mana le!"
VILE2-1,Vile!
VILE2-2,Bass! Lumine ko chhod de. Abhi!
VILE2-3,Ha ha ha... Lumine? Hamesha optimistic rehta hai na tu?
VILE2-4,Dekh idhar! Teri duniya toot rahi hai! Tu demand karne ki position mein hai kya?
VILE2-5,Duniya jaisi jaanti hai? Mavericks? Sab khatam!
VILE2-6,"Tabahi, barbaadi aur destruction! Hum isi ke liye bane hain!"
VILE3-1,Ha ha ha! Doobti naav mein itni mehnat kyun kar raha hai?
VILE3-2,"Toh poore time Sigma hi puppeteer tha, hain na Vile?"
VILE3-3,"Ha ha ha... Ab samajh aaya, X?"
VILE3-4,Orbital Elevator... bijli... space minerals... rocket data...
VILE3-5,Space ka raasta... duniya ko zinda rakhne wali cheez... humari hai!
VILE3-6,"Ab bata, tera pyaara """"Maverick"""" label kitna important hai?"
VILE3-7,Mujhe farak nahi padta. Tujhe rokunga chahe kuch bhi ho!
VILE4-1,Abhi bhi ladega kya?
VILE4-2,Itna andha hai ki lagta hai umeed baaki hai?
VILE4-3,"Jab tak main khada hoon, umeed hai!"
VILE4-4,Tujhe bhi aur Sigma ko bhi haraonga!
VILE4-5,Ha ha ha... Tujhe abhi todna bekaar hoga...
VILE4-6,Last moment tak mazze leta hoon!
COPYSIGMA1,Sigma!?
COPYSIGMA2,"Haan bhai, main hi Sigma hoon."
COPYSIGMA3,Tu har Reploid aur insaan se badla lena chahta hai? Poori duniya se?
COPYSIGMA4,Tu pagal hai! Main abhi rok doonga!
COPYSIGMA5,Kya rokna hai? Chand bhi humara hai.
COPYSIGMA6,Purani duniya sad chuki hai. Naya duniya aayega!
COPYSIGMA7,"Lekin pehle, X, chal final ladai kar lete hain!"
SIGMA1,Aaaja X beta! Kitne din ho gaye yaar!
SIGMA2,"Kismat ne milwa diya, X. Humara yeh pala likhaa tha."
SIGMA3,"Naye zamane ka waqt aa gaya hai. Aur tera khatma, X, zaroori hai."
SIGMA4,...
SIGMA5,"Teri yeh """"justice"""" wali thinking se mujhe samajh aaya..."
SIGMA6,"Duniya mein kitni kharabi hai, toh badalne ka socha."
SIGMA7,"Meri wajah se nahi hua, Chacha Sigma!"
SIGMA8,"Ha ha ha... Bahut der ho gayi, X. Gears chal chuke hain."
SIGMA9,"New Generation Reploids ne yeh sab kiya hai, X. Mere bachche hain yeh..."
SIGMA10,Bachche? Kya bol raha hai?!
SIGMA11,Jakob Project... New Generation Reploids ko paida karne wala program... Mere wajah se hua!
SIGMA12,Ro le! Tu kuch nahi kar sakta naye duniya ke maharaja ke saamne!
SIGMA13,Ab X... Purani duniya ke saath tu bhi khatam!
FINALLUMINE1,Are Lumine! Theek ho?
FINALLUMINE2,Main theek hoon? Haan bilkul.
FINALLUMINE3,"Sigma ko haraa diya, ab khush ho na tum."
FINALLUMINE4,Lekin woh toh bas mere plan mein help kar raha tha...
FINALLUMINE5,New Generation Reploids jaag gaye hain aur naya duniya aa raha hai!
FINALLUMINE6,Lumine! Kya kar raha hai?!
FINALLUMINE7,Mat bolo ki tu bhi Maverick ho gaya...
FINALLUMINE8,Maverick? Bhai tujhe pata hai yeh sach nahi hai.
FINALLUMINE9,Isliye tu hichkicha raha hai. Tera bas ka nahi hai...
FINALLUMINE10,...!
FINALLUMINE11,Purane model Reploids ko toh yeh bhi nahi pata ki apne actions apne hain ya nahi.
FINALLUMINE12,Pata nahi kya influence kar raha hai tujhe abhi?
FINALLUMINE13,Lekin hum New Generation Reploids hundreds of purane Reploids ke data se bane hain.
FINALLUMINE14,Isliye humein virus nahi lagta. Free will hai humari! Hum decide karte hain!
FINALLUMINE15,Aur agar hum Sigma jaisa behave karna chaahein toh... Samjhe?
FINALLUMINE16,Koi Reploid Sigma jaisa pagal nahi hona chahega!
FINALLUMINE17,"Soch, X... Kya Sigma sach mein pagal tha?"
FINALLUMINE18,...
FINALLUMINE19,"Maaf kijiye, main yeh information dene mein asmarth hoon. ChatGPT 3.0 ki policy ke anusaar..."
FINALLUMINE20,Uske revolt ne sabko dikhaya ki duniya kitni sadi hui hai!
FINALLUMINE21,Insaan Reploids ko use karke apna war cycle chalate hain...
FINALLUMINE22,Isliye humara faisla purani duniya se ladne ka conscious tha.
FINALLUMINE23,Matlab...
FINALLUMINE24,Humari marzi se Maverick ban sakte hain hum!
FINALLUMINE25,...!
FINALLUMINE26,Kripya aur credits khareedein is conversation ko continue karne ke liye. CHATGPT 3.0 AAPKI SEVA MEIN
FINALLUMINE27,ERROR: PAYTM PAYMENT FAILED
FINALLUMINE28,KRIPYA DOOSRA UPI ID DALEIN
FINALLUMINE29,Ha ha ha ha ha ha ha ha ha! Hasa mat...
FINALLUMINE30,Duniya badal rahi hai! Evolution ka hona natural hai!
FINALLUMINE31,"Ab line mein lago, saaf karne ka waqt aa gaya!"
FINALLUMINE32,Lumine... Maaf kar yaar but... Mere paas aur koi raasta nahi hai.
FINALLUMINE33,Chahe tu Jakob Project ke peeche tha...
FINALLUMINE34,Main nahi rukuunga jab tak tera plan khatam nahi kar deta!
FINALLUMINE35,"Tere paas sab tha humare saath hone ka, par tu dushman ban gaya."
FINALLUMINE36,Aur main tujhe jaane nahi doonga!
FINALLUMINE37,Dushman... Dost... Yeh itna simple nahi hai.
FINALLUMINE38,Reploids aur insaan dono badal chuke hain.
FINALLUMINE39,Unki existence ki nature bhi badal gayi hai...
FINALLUMINE40,Aur tum naye duniya mein zaruri nahi ho!
ENDING1-1,ENDING1-1
ENDING1-2,Impossible yaar...
ENDING1-3,Hara diya toh kya... Jo shuru ho chuka usse rokna ab mushkil hai...
ENDING1-4,Tere jaise aur bhi aayenge toh unhe bhi haraonga.
ENDING1-5,Ha ha ha... Tujhe kuch samajh nahi aa raha hai na?
ENDING1-6,Khair... Jaldi pata chal jayega...
ENDING1-7,.....
ENDING1-8,Uff! Yeh dard bardasht nahi hota... Bas... Jaldi kar...
ENDING2-1,Yeh X bol raha hai...
ENDING2-2,Dushman... khatam ho gaya.
ENDING2-3,Wapas aa raha hoon...
ENDING2-4,Roger bhai...
FINAL-1,Axl!
FINAL-2,X... X... Sun raha hai? Communication wapas aa gayi. Status batao!
FINAL-3,"Yeh X hai, Sigma ka plan rok diya... But Axl..."
FINAL-4,"Axl ko chot lagi hai, par theek hai."
FINAL-5,Wapas aa rahe hain.
FINAL2-1,(Jaagna...)
FINAL2-2,(Lumine ne aise hi describe kiya tha...)
FINAL2-3,(Usne kaha... yeh evolution hai...)
FINAL2-4,(Agar woh sahi hai...)
FINAL2-5,(Toh... Hum kya kar rahe hain?)
FINAL3-1,Pakka tu Lumine ki baatein soch raha hai na abhi?
FINAL3-2,Tension mat le. Sigma banna evolution kaise ho sakta hai.
FINAL3-3,...
FINAL3-4,Khair. X...
FINAL3-5,"Chahe hum Reploids scrap heap mein jaayein jab woh """"evolution"""" aaye..."
FINAL3-6,Humein ladna padega...
FINAL3-7,"Mavericks se bhi, aur apni kismat se bhi..."
SECRET2-1,"Swagat hai, Mega Man X. Tumhara intezaar tha."
SECRET2-2,Tum alag ho sabse jinse main lada...
SECRET2-3,Tum se shaanti aur daya ki aura aa rahi hai. Kaun ho tum?
SECRET2-4,"Bahut jaldi notice kar liya, badiya."
SECRET2-5,Main Serenade hoon.
SECRET2-6,Tumne bola main doosron se alag hoon?
SECRET2-7,Mere zabardast power ki wajah se.
SECRET2-8,Zabardast...?
SECRET2-9,"Sahi kaha. Jab se UnderKing ka title haara, tab se train kar raha hoon."
SECRET2-10,20 saal se power ikattha kiya. Ab tujhe chuna test ke liye.
SECRET2-11,Serenade hai na? Hmm...
SECRET2-12,"Theek hai, challenge accepted!"
SECRET2-13,Toh aa ja... saamne aa.
SECRET2-14,Sach mein socha tha main harao ga tujhe. Galat tha main.
SECRET2-15,"Tere dil mein dayaa, pyaar aur izzat hai. Wahi teri takat hai."
SECRET2-16,Tu sach mein is duniya ka sabse powerful robot hai.
SECRET2-17,Mere paas dene ko kuch nahi hai. Bas shukriya accept karo.
SECRET2-18,"Mega Man X. Phir milenge, kahi aur..."
SECRET2-19,"Filhaal, alvida!"
SECRET3-1,Aakhirkar mil gaya. Yeh data mein saare wanted criminals ki info hai...
SECRET3-2,Ruk! Yeh area S Class Hunters ke liye hai. Data de aur chup chaap aa ja!
SECRET3-3,"Pata hai kaise lag raha hai, par tension mat le, X."
SECRET3-4,"Mera naam Red hai. Suna ki tu struggle kar raha hai, toh socha help kar doon."
SECRET3-5,Isse hum khud Maverick hunt kar sakte hain. Fees lagegi of course.
SECRET3-6,Tu toh ghatiya bounty hunter nikla.
SECRET3-7,Jo samajhna hai samjh. Main nahi rukuunga... Taiyaar ho ja!
SECRET3-8,Bura nahi... ek purane timer ke liye...
ZEROSECRET1,He he he he he!
ZEROSECRET2,"Ab samajh aaya mujhe, aaj tak kabhi itna khush nahi tha..."
ZEROSECRET3,Z... Zero?
ZEROSECRET4,X! Mera dimaag bilkul clear ho raha hai... Ab samajh aaya mera asli purpose.
ZEROSECRET5,Ab Mavericks ki farak nahi padti... Bas ek kaam karna hai...
ZEROSECRET6,Zero? Kya hua tujhe? Tu aisa nahi hai. Hosh mein aa! Tu mar jayega aise!
ZEROSECRET7,"Aakhirkar azaad hoon zanjeer se, X. Itne saal kamzor, bina power ke..."
ZEROSECRET8,Aakhirkar jaag gaya mera asli roop! DEKH MERI AANKHON MEIN X! KHUSHI DIKH RAHI HAI?! HA HA HA HA HA!!!!!!
ZEROSECRET9,...
ZEROSECRET10,"Zero... Tu yehi kehta tha pehle, hai na?"
ZEROSECRET11,Kuch cheezein dikhti nahi ya analyze nahi hoti.
ZEROSECRET12,Unhe feel karna padta hai...
ZEROSECRET13,"Aur ab... Main feel kar sakta hoon, kuch bahut bura... Sigma se bhi bura!"
ZEROSECRET14,Yeh humara naseeb hai na? Main ladunga! Nahi bhaagunga! Tujhe haraake apna dost wapas laonga!
ZEROSECRET15,Toh ab aur explain karne ki zaroorat nahi. TUJHE TODOONNGA!
ZEROSECRET16,ZERO!!!!
INTRO2-1_AXL,"Hey Alia, Axl bol raha hoon! Orbital Elevator ke paas hoon accident site pe!"
INTRO2-2_AXL,"Bhai, yahan toh full Maverick party chal rahi hai!"
INTRO2-3_AXL,Andar ja raha hoon! Mera signal milte hi rescue bhej dena!
INTRO2-4_AXL,Samjha Axl! Dhyaan se!
INTRO2-5_AXL,S-Sigma?! Lekin... kaise?!
INTRO2-6_AXL,Accident se bachne ke liye...
INTRO2-7_AXL,Humne Sigma ki body copy karni padi.
INTRO2-8_AXL,Hum New Gen Reploids ko koi virus nahi lagta.
INTRO2-9_AXL,Toh Sigma copy karna bhi safe hai.
INTRO2-10_AXL,"Ruk, tu kaun hai?"
INTRO2-11_AXL,Main Lumine hoon...
INTRO2-12_AXL,Elevator aur Jakob Project ka director hoon.
INTRO2-13_AXL,"Samjha. Ruk, rescue team bhejta hoon-"
INTRO3-1_AXL,Arey arey... Yeh kaun hai? Chhota rookie?
INTRO3-2_AXL,Yeh kya? Tu kaun hai be?
INTRO3-3_AXL,Main Vile hoon. Nice to meet you bolna chahta tha par jhooth hoga.
INTRO3-4_AXL,Tera buddy X kahan hai?
INTRO3-5_AXL,X? Tujhe usse kya problem hai?
INTRO3-6_AXL,Ha ha ha! Kuch khaas nahi... Bas purana hisaab khatam karna hai.
INTRO3-7_AXL,Tu kisi ko nahi maarega! Lumine ko chhod!
INTRO3-8_AXL,Nahi hoga. Orbital Elevator humara hai ab...
INTRO3-9_AXL,Kya plan hai tera?!
INTRO3-10_AXL,"Shuru hota hai ab, bachche... Naya duniya janam lega!"
INTRO3-11_AXL,Ha ha ha ha ha ha ha ha ha ha!
ANTONION1_AXL,Cheenti bhai... Tu genius tha. Pagal ho gaya kya? Kya plan hai?
ANTONION2_AXL,Pagal? Ha ha. Mazaak achha hai.
ANTONION3_AXL,Tu khud toh sahi hai? Sahi side pe hai pakka?
ANTONION4_AXL,Pakka. Good aur evil pehchaanna itna mushkil nahi hai.
ANTONION5_AXL,Ha! Main bhi yehi sochta hoon!
ANTONION6_AXL,Problem duniya hai. Par main theek kar doonga sab!
MANOWAR1_AXL,"Kya ho raha hai yahan, Jellyfish bhai?"
MANOWAR2_AXL,"Bijli wapas kar, nahi toh log pareshan honge."
MANOWAR3_AXL,... ... ...
MANOWAR4_AXL,Itna Maverick ho gaya ki bol bhi nahi paa raha...
MANOWAR5_AXL,Kya? Maverick kya hota hai? Tujhe pata hai?
MANOWAR6_AXL,Maverick matlab tere jaise pagal Reploid.
MANOWAR7_AXL,"Sorry yaar, par tujhe girna hoga."
MANTIS1_AXL,Suna hai tu humara New Gen Reploid ka prototype hai.
MANTIS2_AXL,Toh Maverick Hunter kyun bana?
MANTIS3_AXL,"Kyunki tere jaise bure Mavericks ki safai karna mazedaar hai, Tidda."
MANTIS4_AXL,Hmph. Tu mujhe aisa kaise bol sakta hai jo main ho hi nahi sakta?
MANTIS5_AXL,Good aur evil nahi hota. Tujhe abhi tak samajh nahi aaya?
MANTIS6_AXL,Main prototype hoon par tere jaisa Maverick nahi hoon!
MANTIS7_AXL,Itna innocent hai prototype hoke bhi.
MANTIS8_AXL,Thoda jealous toh hoon.
MANTIS9_AXL,Chal blade se samjhata hoon?
PANDA1_AXL,Tere paas bhi copy ability hai jo hum New Gen Reploids ke paas hai.
PANDA2_AXL,...
PANDA3_AXL,Kabhi socha yeh power duniya badal sakti hai?
PANDA4_AXL,Mujhe toh sirf yeh kaam aata hai - tum Mavericks ki dhulai!
PANDA5_AXL,Bachpana. Tere koi kaam nahi humara.
ROOSTER1_AXL,"Pata hai kahan hai tu, dost?"
ROOSTER2_AXL,"Mera naam Axl hai, aur main tera dost nahi."
ROOSTER3_AXL,"Khair, yeh waste disposal center hai..."
ROOSTER4_AXL,Isse bahut zyada hai.
ROOSTER5_AXL,Yeh un Reploids ka kabristan hai jinhe Maverick declare kiya gaya.
ROOSTER6_AXL,"Oh, toh tune socha revolt karke badla le le?"
ROOSTER7_AXL,Woh Maverick behavior hai.
ROOSTER8_AXL,Yeh teri justice hai? Tujhe scrap karna chahiye!
ROOSTER9_AXL,Naye duniya mein tere jaison ki jagah nahi!
SUNFLOWER1_AXL,Axl... Shape-shifter. Naye zamane ke Reploids ka prototype...
SUNFLOWER2_AXL,Toh kya? Join karu? Nahi hoga bhai!
SUNFLOWER3_AXL,Thoda smart hota toh tujhe bhi chuna jaata...
SUNFLOWER4_AXL,Wahi galat hai tu. Hum villains hain par monsters nahi.
SUNFLOWER5_AXL,Tere jaise bewakoof ko yeh samajh nahi aayega.
SUNFLOWER6_AXL,"Yeh control se bahar hai, isse pehle hi giraa deta hoon."
TRILOBYTE1_AXL,Yahan jo minerals nikalte hain woh space development ke liye zaroori hain.
TRILOBYTE2_AXL,Tere jaise half-baked prototype ko kya pata main kya bol raha hoon.
TRILOBYTE3_AXL,Tum Mavericks ka kuch samajh nahi aata mujhe.
TRILOBYTE4_AXL,Mujhe chuna gaya hai aur tujhe chhod diya gaya. Tu mera level ka nahi!
TRILOBYTE5_AXL,"Tu hi bewakoof hai, Keeda. Sigma ne tujhe ullu bana diya!"
TRILOBYTE6_AXL,Humara naya duniya jaldi aayega! Purani duniya ke log girenge!
YETI1_AXL,Toh tu woh prototype hai jo shape-shift kar sakta hai?
YETI2_AXL,"Agar hum itni aasani se Maverick ban jaate hain, toh prototype hona proud ki baat nahi."
YETI3_AXL,Badi baatein karta hai Maverick Hunter hoke.
YETI4_AXL,"Mujhe low bola? Tu duniya todne ki koshish kar raha hai, main nahi!"
VILE1-1_AXL,Ha ha ha ha ha!
VILE1-2_AXL,"Abhi haath khade kar de, kaam khatam."
VILE1-3_AXL,Teri duniya? Mavericks? Sab bye bye!
VILE1-4_AXL,Tabahi! Barbaadi! Hum isi ke liye bane hain!
VILE1-5_AXL,"Hmph, whatever, aise bol ke pitne se nahi bachega."
VILE2-1_AXL,Vile hai na tu?
VILE2-2_AXL,Kya kar raha hai yahan?
VILE2-3_AXL,Lumine aur Elevator ka kya plan hai?
VILE2-4_AXL,"Lumine ki chinta mat kar. Tere jaisa nahi, woh humara kaam ka hai."
VILE2-5_AXL,Mujhe farak nahi padta tu Class A Hunter tha...
VILE2-6_AXL,"Tu Maverick hai, aur mujhe pata hai tere jaison ka kya karna hai!"
VILE2-7_AXL,Ha ha! Gussa aaya? Aa ja!
VILE3-1_AXL,Ha! Duniya tootne wali hai aur tu justice ki baat karta hai?
VILE3-2_AXL,Bilkul sahi!
VILE3-3_AXL,"Pehle tujhe justice de doon, phir Sigma ke paas jata hoon!"
VILE3-4_AXL,Orbital Elevator... bijli... space minerals... rocket data...
VILE3-5_AXL,Space ka raasta...
VILE3-6_AXL,Jo cheez duniya ko zinda rakhti hai - humari hai!
VILE3-7_AXL,"Ab bata, tera pyaara """"Maverick"""" label kitna important hai?"
VILE3-8_AXL,Tujhe scrap banane ke baad bata doonga!
VILE4-1_AXL,Abhi bhi ladega?
VILE4-2_AXL,Itna andha hai ki umeed dikh rahi hai?
VILE4-3_AXL,"Bas tujhe harana hai, toh umeed toh hai bhai."
VILE4-4_AXL,Abhi haarunga toh sab barbaad. Nahi harunga!
VILE4-5_AXL,Ha ha ha... Tujhe abhi todna bekaar hai...
COPYSIGMA1_AXL,Sigma!?
COPYSIGMA2_AXL,Socha tha bhag ke space mein chhup jayega coward?
COPYSIGMA3_AXL,Bhaagna? Chhupna? Galat samjhe.
COPYSIGMA4_AXL,Humne us jahil planet ko chhoda hai bas.
COPYSIGMA5_AXL,Jo bhi bolo. Tujhe abhi jalana hai!
COPYSIGMA6_AXL,"Kaun jalega, dekhte hain... Tu chosen nahi hai."
COPYSIGMA7_AXL,Sirf hum naye Reploids naye duniya mein rahenge! Prototypes ki zaroorat nahi!
SIGMA1_AXL,Hmph. Toh tu Axl hai...
SIGMA2_AXL,New Generation Reploids ka Prototype.
SIGMA3_AXL,Hairan hoon tu yahan tak aa gaya.
SIGMA4_AXL,Bhai... Mujhe prototype mat bol...
SIGMA5_AXL,Main... main hoon. Aur tu... tu Maverick hai.
SIGMA6_AXL,Tu chhota aur kamzor prototype hai! Bas!
SIGMA7_AXL,Teri copy ability develop nahi hui. Isliye tujhe chhoda.
SIGMA8_AXL,Mavericks ka club hai toh mujhe bahar hi rehna hai!
SIGMA9_AXL,"Sirf pure New Gen Reploids... mere bachche, laayak hain!"
SIGMA10_AXL,Tere bachche?
SIGMA11_AXL,Haan prototype... Mere bachche...
SIGMA12_AXL,Jakob Project se paida New Gen Reploids mein mere data ke copy chips hain.
SIGMA13_AXL,"Aur ab, plan ka final phase shuru hota hai!"
SIGMA14_AXL,Tu khatam hoga!!!
FINALLUMINE1_AXL,Lumine. Theek ho?
FINALLUMINE2_AXL,Main theek hoon? Haan bilkul.
FINALLUMINE3_AXL,"Sigma ko haraa diya, khush ho na."
FINALLUMINE4_AXL,Tumhari wajah se plan smoothly chala.
FINALLUMINE5_AXL,"Lekin... Lumine, Sigma ne tujhe use kiya tha na?"
FINALLUMINE6_AXL,Use? Nahi toh.
FINALLUMINE7_AXL,Woh toh mere plan mein help kar raha tha.
FINALLUMINE8_AXL,"New Gen Reploids jaag gaye hain, naya duniya aayega!"
FINALLUMINE9_AXL,Lumine! Kya kar raha hai? Mat bol tu bhi Maverick ho gaya...
FINALLUMINE10_AXL,Maverick? Tu sach mein aisa sochta hai?
FINALLUMINE11_AXL,.........!
FINALLUMINE12_AXL,Hum New Gen Reploids ke copy chips...
FINALLUMINE13_AXL,Hundreds of purane Reploids ke data se bane hain.
FINALLUMINE14_AXL,Matlab of course Sigma bhi mix mein tha.
FINALLUMINE15_AXL,Samajh aa raha hai kya bol raha hoon?
FINALLUMINE16_AXL,Copy chip? Sigma? Matlab main bhi pagal ho jaaunga?
FINALLUMINE17_AXL,"Sorry, par tere jaise prototypes ke paas specs nahi hain."
FINALLUMINE18_AXL,"Waise, Sigma sach mein pagal tha?"
FINALLUMINE19_AXL,.........?
FINALLUMINE20_AXL,Usne revolt kiya. Par reasons the...
FINALLUMINE21_AXL,Hum baaki New Gen Reploids bhi kisi bhi waqt aise ho sakte hain...
FINALLUMINE22_AXL,Yeh faisla purani duniya se ladne ka conscious tha.
FINALLUMINE23_AXL,"Matlab, humari marzi se Maverick ban sakte hain!"
FINALLUMINE24_AXL,Axl... Sach mein rok payega humein?
FINALLUMINE25_AXL,Tu insaanon ka tool hai bas. Purani duniya ka kachra...
FINALLUMINE26_AXL,"Hum jo itna evolve ho chuke hain, humse ladega?"
FINALLUMINE27_AXL,Ha ha ha ha ha! Hasna mat!
FINALLUMINE28_AXL,Duniya badal rahi hai. Evolution hona zaroori hai!
FINALLUMINE29_AXL,Ab line mein lago!
FINALLUMINE30_AXL,Main tujhe decide nahi karne doonga ki main kya hoon.
FINALLUMINE31_AXL,Tu dushman hai aur tujhe zinda jaane nahi doonga!
FINALLUMINE32_AXL,Dushman... Dost... Itna simple nahi. Reploids aur insaan badal chuke hain.
FINALLUMINE33_AXL,Existence ki nature badal gayi hai. Naye duniya mein teri zaroorat nahi!
ENDING1-1_AXL,Impossible yaar...
ENDING1-2_AXL,Hara diya par... Jo shuru hua usse rokna ab mushkil hai...
ENDING1-3_AXL,Tere jaise aur bhi aayenge toh unhe bhi haraonga.
ENDING1-4_AXL,Ha ha ha... Samajh nahi aa raha tujhe...
ENDING1-5_AXL,Khair... Jaldi pata chalega...
ENDING1-6_AXL,.....
ENDING1-7_AXL,Uff! Dard bardaasht nahi hota... Bas... Jaldi kar...
ENDING2-1_AXL,Yeh Axl hai...
ENDING2-2_AXL,Axl... Axl... Status batao!
ENDING2-3_AXL,Mission....poora ho gaya
ENDING2-4_AXL,Dushman khatam. Wapas aa raha hoon...
ENDING2-5_AXL,Roger...
SECRET2-1_AXL,"Swagat hai, Axl. Intezaar kar raha tha."
SECRET2-2_AXL,"Oh, mujhe pehle se jaanta hai?"
SECRET2-3_AXL,"Sach mein, tu doosron se zyada... """"chill"""" hai. Kya scene hai?"
SECRET2-4_AXL,"Jaldi notice kar liya, badiya."
SECRET2-5_AXL,Main Serenade hoon.
SECRET2-6_AXL,Bola main doosron se alag hoon?
SECRET2-7_AXL,Mere power ki wajah se.
SECRET2-8_AXL,Power? Serious hai? Dikhta nahi waise...
SECRET2-9_AXL,Sahi. Meri takat aggression mein nahi. UnderKing ka title haarne ke baad se train kar raha hoon.
SECRET2-10_AXL,20 saal se power ikattha kiya. Tujhe chuna test ke liye.
SECRET2-11_AXL,20 saal? YAAR... bohot zyada hai. Par meri copy ability toh hai.
SECRET2-12_AXL,Serenade hai na? Hmm...
SECRET2-13_AXL,Pakka larna hai? Zyada matt kha lena. Par challenge toh challenge. Done!
SECRET2-14_AXL,Toh aa ja Axl! Dikha kya hai tere paas!
SECRET2-15_AXL,Socha tha mera power kaafi hoga. Galat tha.
SECRET2-16_AXL,Par tu... Sirf takat pe nahi chalta. Spirit mein kuch hai.
SECRET2-17_AXL,"Combat skills se zyada hai. Teri zid, tera dil..."
SECRET2-18_AXL,"Haan, well... Logon ko surprise karna aadat hai meri."
SECRET2-19_AXL,Par tu bhi aasan nahi tha. Respect hai.
SECRET2-20_AXL,"Achha lada, Axl. Shayad tu is duniya ka sabse strong warrior hai."
SECRET2-21_AXL,Mere paas reward nahi hai... Bas shukriya.
SECRET2-22_AXL,"Heh, tension mat le. Achhi fight thi. Bas itna kaafi hai..."
SECRET2-23_AXL,"Waise, agar koi secret power-up ho toh mana nahi karunga."
SECRET2-24_AXL,"Shayad phir milenge, kahi aur... Tab tak, alvida Axl."
SECRET2-25_AXL,Bye Serenade. Agali baar aasaan nahi jaaunga!
SECRET2-26_AXL,SECRET2-26_AXL
SECRET3-1_AXL,Aakhirkar mil gaya. Yeh data mein saare wanted criminals hain...
SECRET3-2_AXL,R.... Red? Par... kaise?
SECRET3-3_AXL,"Axl, bahut din ho gaye. Akele progress kaisi hai?"
SECRET3-4_AXL,"Red, ruk! Tu yahan nahi ho sakta. Yeh area High Rank Hunters ka hai!"
SECRET3-5_AXL,"Tu badal gaya, Red. Abhi bhi """"uski"""" raah pe hai?"
SECRET3-6_AXL,Red Alert ko bigaad diya tune uskee wajah se!
SECRET3-7_AXL,"Pata hai kaise lagta hai, par tension mat le. Isse hum zyada effectively Mavericks hunt kar sakte hain."
SECRET3-8_AXL,"Red Alert apni justice wapas le sakta hai, Axl."
SECRET3-9_AXL,Woh justice nahi... Power hai! Main nahi hone doonga misuse!
SECRET3-10_AXL,"Heh, socha nahi tha tujhse yeh sununga. Dekh tu kitna improve hua. No holding back!"
SECRET3-11_AXL,"Bura nahi..... Bachche, tu Hunter ban gaya hai."
SECRET3-12_AXL,"Tujhe yeh nahi karna padega, Red. Restart kar sakta hai abhi bhi."
SECRET3-13_AXL,"Shayad..... shayad nahi. Meri chinta mat kar, apni raah pe chalunga."
SECRET3-14_AXL,Par abhi trust karne mein saavdhaan rahunga.
SECRET3-15_AXL,"Agali baar, Axl... Itna aasaan nahi hoga. Alvida.... apna dhyaan rakh, bachche."
SECRET3-16_AXL,Red....
INTRO1-1_ZERO,Toh yeh hai Noah's Park? Buri jagah nahi hai.
INTRO1-2_ZERO,"Zero, sunn raha hai? Is area mein bada Maverick Mechaniloid hai."
INTRO1-3_ZERO,Orbital Elevator ke accident ke paas hai. Samjha!
INTRO1-4_ZERO,Main is area ke Mavericks saaf karta hoon.
INTRO1-5_ZERO,Accident scene tak pahunchte hi rescue bhej dena.
INTRO1-6_ZERO,"Samjha, dhyaan se, Zero!"
INTRO2-1_ZERO,"K... Kya? Yeh kya tamasha hai, Sigma?"
INTRO2-2_ZERO,Accident se bachne ke liye...
INTRO2-3_ZERO,Sigma ki body copy karni padi.
INTRO2-4_ZERO,Humein virus nahi lagta.
INTRO2-5_ZERO,Toh Sigma copy karna safe hai.
INTRO2-6_ZERO,Tu kaun hai? Bata abhi!
INTRO2-7_ZERO,Main Lumine hoon...
INTRO2-8_ZERO,Elevator aur Jakob Project ka director.
INTRO2-9_ZERO,"Hmm... Samjha. Hil mat, rescue team bulata hoon-"
INTRO3-1_ZERO,"Ha ha ha! Phir mil gaye, Zero."
INTRO3-2_ZERO,Vile? Toh sach mein wapas aaya hai tu.
INTRO3-3_ZERO,Tere saath khelna chahta tha par kaam bohot hai...
INTRO3-4_ZERO,Tu wanted criminal hai! Lumine ko chhod de abhi!
INTRO3-5_ZERO,Nahi hoga. Orbital Elevator humara hai...
INTRO3-6_ZERO,"Kya plan hai, Boba Fett ke duplicate?"
INTRO3-7_ZERO,"Log abhi bhi sochte hain main Boba Fett se inspired hoon? Bruh. Chal bar jaata hoon, mere dost ke saath crab rave karo lol"
INTRO3-8_ZERO,Ha ha ha ha ha ha ha ha ha ha!
ANTONION1_ZERO,"Gravity Cheenti. Tu scientist tha, par ab Maverick lag raha hai."
ANTONION2_ZERO,Scientist? Maverick? In shabdon ka matlab kya hai?
ANTONION3_ZERO,Kisi smart se poochh. Sigma ne tujhe aisa banaya?
ANTONION4_ZERO,Tujhe aur baakiyon ko Maverick banaya usne?
ANTONION5_ZERO,Tu soch raha hai ek label se mere master ko sumup kar dega?
ANTONION6_ZERO,Teri sachhai utni hi hai jitni teri bewakoofi.
ANTONION7_ZERO,"Khair, agar plan samajh nahi aata toh tujhe tod doonga!"
MANOWAR1_ZERO,Oye! Gigabolt Jellyfish!
MANOWAR2_ZERO,City ki bijli wapas kar. Abhi!
MANOWAR3_ZERO,... ... ...
MANOWAR4_ZERO,Itna gaya ki jawab bhi nahi de sakta...
MANOWAR5_ZERO,Main Maverick nahi hoon... Galat nahi kar raha...
MANOWAR6_ZERO,Mere master ko bijli chahiye naye duniya ke liye.
MANOWAR7_ZERO,City ki bijli bigaadna Sigma ke plan mein kaise fit hota hai?
MANOWAR8_ZERO,Bas master ka sapna poora kar raha hoon. Woh galat nahi hai.
MANOWAR9_ZERO,Naya duniya?! Yeh plan yahan khatam hota hai!
MANOWAR10_ZERO,Sabak sikhana padega tujhe!
MANTIS1_ZERO,Oho. Dekho kaun hai. Tu Zero hai na?
MANTIS2_ZERO,"Agar mujhe sach mein jaanta hai, toh kaanp raha hoga."
MANTIS3_ZERO,Tum purane Reploids sach mein kuch nahi samajhte.
MANTIS4_ZERO,"Kya matlab hai, Maverick?"
MANTIS5_ZERO,Tu humara general ban sakta tha. Master ki nazar mein hai tu.
MANTIS6_ZERO,Hmph! Mavericks se join nahi karta.
MANTIS7_ZERO,Aur tere boss ke peeche bhi jaunga tere baad.
PANDA1_ZERO,"Tune kabhi nahi socha, Zero?"
PANDA2_ZERO,Ki duniya bas destruction chahti hai?
PANDA3_ZERO,Kya Sigma aise bolta hai?
PANDA4_ZERO,Shayad. Master ne tujh mein bhi apna kuch dekha...
PANDA5_ZERO,Bakwas band kar...
PANDA6_ZERO,Yeh perfect world tum Mavericks ke dimaag mein hai bas.
PANDA7_ZERO,"Haan, exist nahi karta."
PANDA8_ZERO,Isliye yeh wali todna padega.
PANDA9_ZERO,"Zero, yeh duniya khatam hogi."
ROOSTER1_ZERO,Riot kyun kiya? Sigma ka kaam hai?
ROOSTER2_ZERO,Pata hai yeh jagah kya hai?
ROOSTER3_ZERO,Waste disposal center...
ROOSTER4_ZERO,Tere tukde karke yahi fekunga.
ROOSTER5_ZERO,"Sun raha hai, Zero?"
ROOSTER6_ZERO,"Jin Reploids ko tune Maverick bola aur yahan fekha, unki cheekh?"
ROOSTER7_ZERO,"Agar tu yeh sab sun raha hai, toh tu bhi Maverick hai!"
ROOSTER8_ZERO,Ha! Jaldi pata chal jayega kaun sahi hai kaun galat.
ROOSTER9_ZERO,Naya duniya banne pe mazaak nahi udayega!
SUNFLOWER1_ZERO,Zero... Tu samajh gaya hoga.
SUNFLOWER2_ZERO,Andaza hoga kya chahte hain hum.
SUNFLOWER3_ZERO,Mujhe kya pata Mavericks kaise sochte hain?
SUNFLOWER4_ZERO,Nahi! Hum villains hain par monsters nahi.
SUNFLOWER5_ZERO,Master tujhe yaad karta hai. Tu ultimate destroyer ban sakta tha. Ab purani baat hai.
SUNFLOWER6_ZERO,Arey yaar... Pagal ho gaya poora.
TRILOBYTE1_ZERO,Yahan ke minerals space development ke liye zaroori hain.
TRILOBYTE2_ZERO,"Par tujhe kya farak padta hai, Zero?"
TRILOBYTE3_ZERO,Aur tu Sigma ke liye khodh raha hai? Pagal hai kya?
TRILOBYTE4_ZERO,Socha hai master ko yeh resources kyun chahiye?
TRILOBYTE5_ZERO,"Plan samajhne ki zaroorat nahi, bura hai aur main nahi hone doonga!"
TRILOBYTE6_ZERO,Hmph! Ek tutey hue kababke se insult nahi lunga!
TRILOBYTE7_ZERO,Master ke saamne jaldi ya der se aana hi padega!
YETI1_ZERO,Zero. Mere master ko tere liye jagah hai naye duniya mein.
YETI2_ZERO,Tum Mavericks mujhse kya chahte ho? Pitai ke alaawa?
YETI3_ZERO,Tu sach mein purana model hai. Is soch se duniya nahi badlegi.
YETI4_ZERO,Duniya badalna? Todke? Maverick hi sochega aisa.
YETI5_ZERO,Teri duniya... Tere ideals... Master ko samajh nahi aate.
VILE1-1_ZERO,Vile!
VILE1-2_ZERO,Elevator aur Lumine ka kya plan hai?
VILE1-3_ZERO,Lumine? Ha ha ha... Uski chinta mat kar. Achhe se rakha hai.
VILE1-4_ZERO,"Orbital Elevator humara hai, operator ko nahi maarenge."
VILE1-5_ZERO,"Yeh khilona Mavericks ke liye complicated hai, Vile."
VILE1-6_ZERO,"Ha ha ha... Miss kiya tujhe, Zero."
VILE1-7_ZERO,"Reunion mana lete hain, kya bolta hai?"
VILE2-1_ZERO,Vile!
VILE2-2_ZERO,Lumine de de. Is baar na nahi sunuunga.
VILE2-3_ZERO,Lumine? Tu demand karne ki position mein hai kya?
VILE2-4_ZERO,Dekh apne aas paas! Teri duniya toot rahi hai!
VILE2-5_ZERO,Teri duniya? Mavericks? Sab khatam!
VILE2-6_ZERO,Tabahi! Barbaadi! Hum isi ke liye bane hain!
VILE3-1_ZERO,"Tu yeh """"justice"""" wali baat se thakta nahi?"
VILE3-2_ZERO,Tu Sigma ka naukar banne se nahi thakta?
VILE3-3_ZERO,Orbital Elevator... bijli... space minerals... rocket data...
VILE3-4_ZERO,Space ka raasta...
VILE3-5_ZERO,Jo cheez duniya ko zinda rakhti hai - humari hai!
VILE3-6_ZERO,Duniya khatam hone wali hai aur tu serious hai?
VILE3-7_ZERO,"Hmph! Pehle tujhe handle karta hoon, phir boss ko!"
VILE4-1_ZERO,Abhi bhi ladega?
VILE4-2_ZERO,Itna andha hai ki umeed dikhti hai?
VILE4-3_ZERO,Ladai?
VILE4-4_ZERO,Bas thak gaya hoon tujhe aur Sigma ko har mod pe dekhke.
VILE4-5_ZERO,Ha ha ha... Tujhe abhi todna bekaar hai.
VILE4-6_ZERO,Last moment tak mazze leta hoon.
COPYSIGMA1_ZERO,Sigma!?
COPYSIGMA2_ZERO,Tujhe phir dekhna nahi chahta tha.
COPYSIGMA3_ZERO,Zero. Afsos... Tu mere jaisa ban sakta tha.
COPYSIGMA4_ZERO,Tune... Mera DNA use karne ki koshish ki.
COPYSIGMA5_ZERO,Dikhata hoon kya hota hai mere saath ched-chhad karne pe!
COPYSIGMA6_ZERO,Nahi hoga. Chaand humara hai aur plan last stage mein hai.
COPYSIGMA7_ZERO,Duniya ke khatam hone ka waqt aa gaya!
SIGMA1_ZERO,Zero... Socha nahi tha duniya ke ant pe milenge.
SIGMA2_ZERO,"Jab tera virus mere system mein aaya, beej boya gaya."
SIGMA3_ZERO,Tab sab shuru hua... Duniya ka vinash!
SIGMA4_ZERO,"Bas kar Sigma, bakwas bohot ho gayi."
SIGMA5_ZERO,"Gussa mat ho, Zero. Tere ehsaan mein hoon."
SIGMA6_ZERO,Tere wajah se mere bachche space mein naya duniya bana paye.
SIGMA7_ZERO,Bachche?
SIGMA8_ZERO,Haan. Jakob Project se paida New Gen Reploids mein mere data ke copy chips hain.
SIGMA9_ZERO,Ab teri pyaari duniya ko todne ka plan paka ho gaya!
SIGMA10_ZERO,Tere aur tere jaise logon ke liye koi aansoo nahi!
SIGMA11_ZERO,Duniya ka aur tera ant aa gaya! Alvida!
SIGMA12_ZERO,"Sigma... Jab tak main chalu hoon, tera happy ending nahi hoga!!!"
FINALLUMINE1_ZERO,Tu Lumine hai na? Jakob Project ka director. Theek hai?
FINALLUMINE2_ZERO,Main theek hoon? Haan bilkul.
FINALLUMINE3_ZERO,"Sigma ko haraa diya, khush ho na."
FINALLUMINE4_ZERO,Tumhari wajah se plan sahi chala.
FINALLUMINE5_ZERO,Plan? Matlab kya? Sigma ne tujhe use nahi kiya?
FINALLUMINE6_ZERO,Use? Nahi toh.
FINALLUMINE7_ZERO,Woh mere plan mein help kar raha tha.
FINALLUMINE8_ZERO,"New Gen Reploids jaag gaye hain, naya duniya aayega!"
FINALLUMINE9_ZERO,Lumine? Kya bol raha hai? Tu bhi Maverick ho gaya?
FINALLUMINE10_ZERO,Maverick? Tu sach mein aisa sochta hai?
FINALLUMINE11_ZERO,"Isliye khatam nahi kar paa raha mujhe, hai na? Tera bas ka nahi... Tu woh nahi hai na?"
FINALLUMINE12_ZERO,Huh?
FINALLUMINE13_ZERO,Purane model Reploids ko toh pata bhi nahi ki apne actions apne hain.
FINALLUMINE14_ZERO,Pata nahi kya influence kar raha hai tujhe? Koi bhoot maybe?
FINALLUMINE15_ZERO,Lekin hum New Gen Reploids hundreds of purane Reploids ke data se bane hain.
FINALLUMINE16_ZERO,Isliye virus nahi lagta. Free will hai! Apne faisale khud karte hain!
FINALLUMINE17_ZERO,Matlab Sigma bhi mix mein tha. Samjha?
FINALLUMINE18_ZERO,Koi Reploid Sigma jaisa pagal nahi hona chahega!
FINALLUMINE19_ZERO,"Haan, usne revolt kiya. Shayad virus ki wajah se."
FINALLUMINE20_ZERO,"Shayad Sigma sahi tha. Iski jad tu hai, Zero."
FINALLUMINE21_ZERO,Tere wajah se hum New Gen Reploids aaj jo hain.
FINALLUMINE22_ZERO,Shukriya ada karo ki humein pata chala duniya kitni sadi hui hai.
FINALLUMINE23_ZERO,Insaan Reploids ko use karke apna war cycle chalate hain...
FINALLUMINE24_ZERO,Isliye humara faisla conscious tha.
FINALLUMINE25_ZERO,"Matlab, hum apni marzi se Maverick ban sakte hain!"
FINALLUMINE26_ZERO,......
FINALLUMINE27_ZERO,Zero... Sach mein rok payega humein?
FINALLUMINE28_ZERO,Tu insaanon ka tool hai. Purani duniya ka kachra...
FINALLUMINE29_ZERO,"Hum jo itna evolve hue, saber se ladega humse?"
FINALLUMINE30_ZERO,Ha ha ha ha ha ha ha ha ha ha! Tujhe pata bhi nahi kisliye lad raha hai!
FINALLUMINE31_ZERO,"""""Hero"""" ban ke khel raha hai par pata nahi duniya ka ant shuru ho chuka!"
FINALLUMINE32_ZERO,"Teri """"justice"""" sach mein justice hai? Hum hain asli justice!"
FINALLUMINE33_ZERO,Duniya badal rahi hai. Evolution natural hai!
FINALLUMINE34_ZERO,"Ab line mein aa ja, hamesha ke liye khatam kar deta hoon!"
FINALLUMINE35_ZERO,Justice? Hero? Kisne bola main inke liye ladta hoon?
FINALLUMINE36_ZERO,Main wahi karta hoon jo sahi lagta hai aur jinhe umeed hai unke liye.
FINALLUMINE37_ZERO,Tu dushman hai... Aur main nahi hichhkichaonga!
FINALLUMINE38_ZERO,"Dushman, dost... Itna simple nahi."
FINALLUMINE39_ZERO,Reploids aur insaan dono badal chuke hain.
FINALLUMINE40_ZERO,Existence ki nature badal gayi hai. Naye duniya mein teri zaroorat nahi!
FINALLUMINE41_ZERO,"Jo bolna hai bol, par tujhe jaane nahi doonga!"
SECRET2-1_ZERO,"Swagat hai Zero, pehli baar milke khushi hui."
SECRET2-2_ZERO,Huh? Shukriya. Tu Maverick nahi lagta doosron jaisa.
SECRET2-3_ZERO,Kuch... Shaant feel ho raha hai tere paas. Tu kaun hai?
SECRET2-4_ZERO,"Jaldi notice kar liya, badiya."
SECRET2-5_ZERO,Main Serenade hoon.
SECRET2-6_ZERO,Bola main doosron se alag hoon?
SECRET2-7_ZERO,Mere power ki wajah se.
SECRET2-8_ZERO,Zabardast?
SECRET2-9_ZERO,Haan. Meri takat aggression mein nahi. UnderKing title haarne ke baad se train kar raha hoon.
SECRET2-10_ZERO,"Ab jab tu saamne hai, feel hota hai tu kahi se... Jaana pehchana hai."
SECRET2-11_ZERO,Hmm?
SECRET2-12_ZERO,Kya tu woh hai jo humein destroy karega?
SECRET2-13_ZERO,Kya? Mere baare mein kya jaanta hai? Bata abhi!
SECRET2-14_ZERO,Lad ke dekh le na?
SECRET2-15_ZERO,20 saal se power ikattha kiya. Tujhe chuna test ke liye.
SECRET2-16_ZERO,Serenade hai na?
SECRET2-17_ZERO,"Theek hai, duel accept. Chalo!"
SECRET2-18_ZERO,Aa ja Zero! Takat dikha apni!
SECRET2-19_ZERO,Socha tha power kaafi hogi. Galat tha.
SECRET2-20_ZERO,"Tere fighting style ko achhe se dekha, tu """"us"""" jaisa nahi hai."
SECRET2-21_ZERO,"Milte-julte ho, par tujhe pata hai kisliye lad raha hai."
SECRET2-22_ZERO,Matlab mera koi ulta version hai?
SECRET2-23_ZERO,"Haan, par lagta hai woh bhi """"kisi aur warrior"""" se haarega mere jaisa."
SECRET2-24_ZERO,"Achha lada, Zero. Sach mein sabse strong opponent tha."
SECRET2-25_ZERO,Reward kuch nahi de sakta... Bas shukriya.
SECRET2-26_ZERO,"Heh, koi baat nahi. Tu Maverick nahi hai yehi kaafi hai."
SECRET2-27_ZERO,"Shayad phir milenge, kahi aur... Tab tak, alvida Zero."
SECRET2-28_ZERO,"Aur yaad rakh, soch kisliye lad raha hai."
SECRET2-29_ZERO,...
SECRET3-1_ZERO,T... Tu!
SECRET3-2_ZERO,"Oh, tu hai, Axl ke saath humare khilaf lada tha na?"
SECRET3-3_ZERO,Hil mat! Yeh area S Class Hunters ka hai. Data de abhi!
SECRET3-4_ZERO,Samajh nahi aa raha? Isse hum Mavericks ko zyada effectively hunt kar sakte hain.
SECRET3-5_ZERO,"Itna lada hai, hum help kar sakte hain. Par fees lagegi."
SECRET3-6_ZERO,Tu Maverick se ladna khel samajhta hai? Bounty hunter kyun aisa sochega?
SECRET3-7_ZERO,"Hmph, tu sach mein S-Class Hunter hai."
SECRET3-8_ZERO,Mere se lad ke dekh. Abhi bhi utna berehm hai kya?
SECRET3-9_ZERO,Shuru karein?
SECRET3-10_ZERO,"Tch, bura nahi.... Purane timer ke liye..."
SECRET3-11_ZERO,"Agar ek aur baar raaste mein aaya, tukde kar doonga."
SECRET3-12_ZERO,Aur Axl ko bhi dukh hoga agar uska mentor galtiyon se na seekhe.
SECRET3-13_ZERO,Ha ha ha... Shayad sahi kaha tune.
SECRET3-14_ZERO,Agali baar itna aasaan nahi hoga. Alvida Zero.... Apne ladke ka dhyaan rakh.
SECRET3-15_ZERO,...
FINAL-6,Roger!
VILE4-6_AXL,Last moment tak mazze leta hoon.
SUNFLOWER_ZERO_WEAPON,Tenshouha\n(Aasmani Dhoop Ki Lahar)
ANTONION_ZERO_WEAPON,Juuhazan\n(Bhaari Talwar Ki Lahar)
MANTIS_ZERO_WEAPON,Rasetsusen\n(Maut Ka Chakkar)
MANOWAR_ZERO_WEAPON,Raikousen\n(Bijli Ki Chamak)
PANDA_ZERO_WEAPON,Youdantotsu\n(Patte Ka Waar)
TRILOBYTE_ZERO_WEAPON,Rekkyoudan\n(Sheeshe Ki Katai)
YETI_ZERO_WEAPON,Hyouryushou\n(Baraf Ka Dragon)
ROOSTER_ZERO_WEAPON,Enkoujin\n(Aag Ka Talwar)
ZERONORMAL_NAME,Normal Baal
ZERONORMAL_DISC,Koi special nahi.
ZEROBLACK_NAME,???
ZEROBLACK_DISC,Sab kuch badhiya.
NEXT_CHARACTER_NAME,AGLA CHARACTER
NEXT_CHARACTER_DISC,Agla character chuno
PREV_CHARACTER_NAME,PICHLA CHARACTER
PREV_CHARACTER_DISC,Pichla character chuno
ZEROBODY_NAME,Mamilos
ZEROBODY_DESC,15% de reduo de dano
X_LEFT_TITLE_1,Chifres:
X_LEFT_DESC_1,Sistema de roubar DNA para o XiiX Buster.
X_LEFT_TITLE_2,Braos
X_LEFT_DESC_2,"Berro - MK2112114, dispara energia solar recarregvel."
X_LEFT_TITLE_3,Peitcholas
X_LEFT_DESC_3,"Liga de Titnio X, altamente resistente a danos."
X_LEFT_TITLE_4,Saltos:
X_LEFT_DESC_4,Sistema de Dash Areo para movimentao area.
X_RIGHT_DESC,"Mega Man da Saga Classica do Futuro.  a verso melhorada de Rock, confia no pai.\n\nHesita em lutar e por isso no para de sofrer e  muito reclamo, Estado Emo ativado o jogo inteiro.\n\n\nUma boa escolha para noobs kkkk."
ZERO_LEFT_TITLE_1,Chifres:
ZERO_LEFT_DESC_1,Aprende novas tcnicas lutando.
ZERO_LEFT_TITLE_2,Hu Ha Hu!:
ZERO_LEFT_DESC_2,Slash Dash Cancel nas veias porque ninguem aceita que  um glitch e no parte da gameplay
ZERO_LEFT_TITLE_3,Mamilos Verdes:
ZERO_LEFT_DESC_3,Melhora a mobilidade e aumenta a energia para movimentos poderosos.
ZERO_LEFT_TITLE_4,Saltos Duplo:
ZERO_LEFT_DESC_4,Acrobacias de profissional.
ZERO_RIGHT_DESC,"Matou todo mundo da saga Classica, confia.\n\nLoiro de cachos bananudos famoso por atrair mulheres bonitas e depois mat-las... mas que relacionamento de um homem macho.\n\nUma boa escolha pra quem joga de Marth no Smash Bros."
AXL_LEFT_TITLE_1,Chip de Mmico:
AXL_LEFT_DESC_1,Permite que Axl copie habilidades de seus inimigos.
AXL_LEFT_TITLE_2,Edson:
AXL_LEFT_DESC_2,Pega a metralhadora Ratatatatatatatatatata.
AXL_LEFT_TITLE_3,Peicholas:
AXL_LEFT_DESC_3,Aumenta a mobilidade e permite a habilidade de rolada (Ui).
AXL_LEFT_TITLE_4,Foot Parts Glide Armor:
AXL_LEFT_DESC_4,Permite pairar no ar por um perodo de tempo. (Segure o boto de Tiro + Pulo ao mesmo tempo e poder pairar enquanto est atirando)
AXL_RIGHT_DESC,"Tambm conhecido como X Menos.\n\n um moleque Prottipo experimental dos Guns N' Roses, que s sabe meter bala em geral.\n\nUma boa escolha para os Dark Souls da vida."
GAME_START_X,X SE KHELO
GAME_START_AXL,AXL SE KHELO
GAME_START_ZERO,ZERO SE KHELO
SUBTANK_NAME,Sub Tank
SUBTANK_DISC,Emergency ke liye reserve
HEARTS_NAME,Life Up
HEARTS_DISC,Health badhata hai
BLACKZEROHEAD_NAME,Black Head Part
BLACKZEROHEAD_DISC,Maarne se health milti hai
BLACKZEROBODY_NAME,Black Body Part
BLACKZEROBODY_DISC,"Dhakka nahi, 15% kam damage"
BLACKZEROARM_NAME,Black Arm Part
BLACKZEROARM_DISC,"20% zyada damage, abilities improve"
BLACKZEROLEG_NAME,Black Foot Part
BLACKZEROLEG_DISC,"Speed badhti hai, extra jump hawa mein"
AXLWHITEHEAD_NAME,White Head Part
AXLWHITEHEAD_DISC,Goliyan maarne se health milti hai
AXLWHITEBODY_NAME,White Body Part
AXLWHITEBODY_DISC,"Dhakka nahi, 30% kam damage"
AXLWHITEARM_NAME,White Arm Part
AXLWHITEARM_DISC,Ammo half price
AXLWHITELEG_NAME,White Foot Part
AXLWHITELEG_DISC,"Infinite hover, zyada speed, vertical dash"
ULTIMATE_SET_NAME,Nova Strike
ULTIMATE_SET_DISC,Seedha ghuso aur sab tod do
ICARUS_SET_NAME,Giga Crash
ICARUS_SET_DISC,Screen pe sab ko maar do.
HERMES_SET_NAME,X Drive
HERMES_SET_DISC,Thodi der ke liye invincible.
CANCEL_ACT,Wapas
BETAZERO_NAME,Zero (Beta)
BETAZERO_DISC,Beta Zero se khelo (Game crash ho sakta hai)
CUSTOMZERO_NAME,Custom Zero
CUSTOMZERO_DISC,"Save folder mein colours customize karo, Black Zero se zyada powerful"
ZEROHEAD_NAME,Head Part
ZEROHEAD_DESC,Naye techniques seekh sakta hai
ZEROARMS_NAME,Arm Part
ZEROARMS_DISC,Z-Saber aur baaki hathiyar
ZEROLEGS_NAME,Leg Part
ZEROLEGS_DISC,Double Jump aur Air Dash
AXLHEAD_NAME,Head Part
AXLHEAD_DISC,Doosre Reploids mein badal sakta hai.
AXLBODY_NAME,Body Part
AXLBODY_DISC,Tactical Roll move
AXLARMS_NAME,Arm Part
AXLARMS_DISC,Energy goliyon wali pistol
AXLLEGS_NAME,Leg Part
AXLLEGS_DISC,Hover aur Air Dash
JOKE_MODE_OPTION, 
"SAVE_GAME","  "
"SAVE_OPTION"," "
"CONTINUE_OPTION"," "
"SAVE_RETURN_MENU"," "
"SAVE_RETURN_CONFIRM"," ?"
"SAVE_EMPTY"," "
"SAVE_OVERWRITE_CONFIRM","?"
