key,zh_CN
TOTAL_TIME,总摸鱼时间
DISCLAIMER1,这是一款免费同人游戏，白嫖的哦。\n\n跟Capcom没有半毛钱关系，求求别发律师函。\n\n洛克人X是Capcom的。\n请支持正版，别当海盗！
MADE_BY,一个人肝秃了的项目：
INSPIRED_BY,是谁让我开始卷的
SPECIALTHANKSTEXT,这个Mod由Zashiko肝出来的\n\n反编译：pirate（真·海盗）\n游戏涡轮增压：Rafael Setragni & Claude (AI，没错就是我)\n\n感谢所有贡献者和测试人员，你们都是yyds。\n重翻译：ElevenSSF2 (Mint)
16-BIT_TITLE,16位 复古yyds
OPTIONS_START,搞设置去
KEYCFG_START,改键位啦
GAME_START,芜湖起飞！
GAME_START_NORMAL,普通模式（适合社畜）
GAME_START_ROOKIE,萌新模式（不丢人）
GAME_START_HARD,困难模式（有点卷）
GAME_START_INSANITY,疯狂模式（你是M吗）
GAME_START_NINJA,忍者龙剑传模式（告辞）
LOAD_GAME,读档复活
ON_VALUE,开
ON_VALUE_B,整一个
OFF_VALUE,关
EXIT_BUTTON,溜了溜了
ARMORSETUP_TITLE,装甲换装大会
LOADOUT_DISC,选个帅的。
DEFAULTHEAD_NAME,默认头
DEFAULTHEAD_DISC,白板部件，但是是你的起点。
DEFAULTBODY_NAME,默认身体
DEFAULTBODY_DISC,白板部件。
DEFAULTARMS_NAME,默认巴斯特
DEFAULTARMS_DISC,白板部件。
DEFAULTLEGS_NAME,默认脚
DEFAULTLEGS_DISC,白板部件。能空中冲刺就够了。
HERMESHEAD_NAME,头部H（快充版）
HERMESHEAD_DISC,蓄力速度起飞，再也不用等了。
HERMESBODY_NAME,身体H（吸血鬼版）
HERMESBODY_DISC,打人回血，越战越勇。
HERMESARMS_NAME,巴斯特H（无限弹药版）
HERMESARMS_DISC,武器不耗弹，简直开挂。
HERMESLEGS_NAME,脚部H（无敌风火轮）
HERMESLEGS_DISC,冲刺时无敌，你追不到我吧。
ICARUSHEAD_NAME,头部I（蹦蹦伤害）
ICARUSHEAD_DISC,跳一下就伤害周围，我就蹦蹦蹦。
ICARUSBODY_NAME,身体I（铁布衫）
ICARUSBODY_DISC,免疫击退，你打我我不动。
ICARUSARMS_NAME,巴斯特I（蓄力免费）
ICARUSARMS_DISC,蓄力射击不耗弹，良心。
ICARUSLEGS_NAME,脚部I（超级马里奥）
ICARUSLEGS_DISC,高跳+双段空中冲刺，飞天遁地。
ULTIMATEHEAD_NAME,头部U（全都要版）
ULTIMATEHEAD_DISC,蹦蹦伤害+快速蓄力，我全都要。
ULTIMATEBODY_NAME,身体U（六边形战士）
ULTIMATEBODY_DISC,不被击退+打人回血，什么叫完美。
ULTIMATEARMS_NAME,究极巴斯特
ULTIMATEARMS_DISC,完全不耗弹。这不是bug，是feature。
ULTIMATELEGS_NAME,脚部U（风一样的男子）
ULTIMATELEGS_DISC,极致机动+无敌冲刺，追我啊笨蛋。
AXLNORMAL_NAME,标准装甲
AXLNORMAL_DISC,啥也没有。朴实无华。
AXLWHITE_NAME,???
AXLWHITE_DISC,全面buff，偷偷变强。
TANK_ABV,能量罐
OPTIONS_ABV,选项
KEYCFG_ABV,键位
ACHIEV_ABV,成就
X_WPNMENU,柠檬弹
SUNFLOWER_WPNMENU,向日葵盾
ANTONION_WPNMENU,蚂蚁炸弹
MANTIS_WPNMENU,暗黑之箭
MANOWAR_WPNMENU,雷霆蹦迪
PANDA_WPNMENU,嘭！发射器
TRILOBYTE_WPNMENU,弹弹弹
YETI_WPNMENU,冰淇淋钻石
ROOSTER_WPNMENU,烤鸡冲刺
AXL_WPNMENU,突突突子弹
SUNFLOWER_AXL_WPNMENU,射线枪
ANTONION_AXL_WPNMENU,螺旋手枪
MANTIS_AXL_WPNMENU,中二之箭
MANOWAR_AXL_WPNMENU,等离子枪
PANDA_AXL_WPNMENU,爆破发射器
TRILOBYTE_AXL_WPNMENU,弹弹球枪
YETI_AXL_WPNMENU,冰冰加特林
ROOSTER_AXL_WPNMENU,火锅喷射器
SUNFLOWER_ZERO_WPNMENU,天翔波！！！
ANTONION_ZERO_WPNMENU,重波斩
MANTIS_ZERO_WPNMENU,罗刹旋
MANOWAR_ZERO_WPNMENU,雷光闪
PANDA_ZERO_WPNMENU,叶断突
TRILOBYTE_ZERO_WPNMENU,裂镜弹
YETI_ZERO_WPNMENU,冰龙升
ROOSTER_ZERO_WPNMENU,炎皇刃
SUNFLOWER_ZERO_DISC,下 + 射击2
ANTONION_ZERO_DISC,射击2
MANTIS_ZERO_DISC,射击2（空中搓招）
MANOWAR_ZERO_DISC,冲刺 + 射击2
PANDA_ZERO_DISC,左/右 + 射击2
TRILOBYTE_ZERO_DISC,被动（躺着也有用）
YETI_ZERO_DISC,上 + 射击2
ROOSTER_ZERO_DISC,下 + 射击2（空中搓招）
ZERO_WPNMENU,后哈后！光剑
BFAN_WPNMENU,B扇子
DGLAIVE_WPNMENU,D大枪
TBREAKER_WPNMENU,T锤子
KKNUCKLE_WPNMENU,K拳套
VHANGER_WPNMENU,V双刃
SIGMABLADE_WPNMENU,西格玛同款刀
YOUGOT_TITLE,恭喜获得
SUNFLOWER_WEAPON,光学护盾
ANTONION_WEAPON,挤压炸弹
MANTIS_WEAPON,暗黑之箭
MANOWAR_WEAPON,雷霆蹦迪
PANDA_WEAPON,爆破发射器
TRILOBYTE_WEAPON,水晶弹弹弹
YETI_WEAPON,冰淇淋钻石
ROOSTER_WEAPON,烤鸡冲刺
OPTIONS_TITLE,设置大厅
LANGUAGE_OPTION,语言
BOSS_REMIX_OPTION,Boss混音（好听）
REMIX_OPTION,16位混音（更好听）
DT_DASH_OPTION,双击冲刺
SKIP_DIAG_OPTION,跳过废话
CHARGE_OPTION,蓄力淡出
ACHIEV_OPTION,显示成就（炫耀用）
MUSIC_OPTION,音乐音量
SOUND_OPTION,音效音量
VSync,垂直同步
FPS_OPTION,目标帧率
FPS_PHYSICS_OPTION,物理帧率
FPS_UNCAPPED,不封顶（显卡燃起来）
WSIZE_OPTION,窗口大小
FULLSCREEN_OPTION,全屏
STRETCH_OPTION,拉伸模式
STRETCH_OPTION_VIEWPORT,像素风（原汁原味）
STRETCH_OPTION_2D,插值（糊一点）
CRT_OPTION,CRT滤镜（复古情怀）
LIGHT_VALUE,淡淡的
STRONG_VALUE,浓浓的
DEBUG_OPTION,显示调试（开发者の秘密）
SHOWIGT_OPTION,显示游戏时间（摸了多久鱼）
GATEWAYSKIP_OPTION,跳过通道关（怕了怕了）
ASPECT_OPTION,画面比例
IGNORE_VALUE,无视
KEEP_VALUE,保持
KEYCFG_TITLE,按键设置
EXIT_MAINMENU,跑路回标题画面
ACTION_CTG,操作
KEYBOARD_CTG,键盘
JOYPAD_CTG,手柄
LEFT_ACT,左
RIGHT_ACT,右
NEWGAME_OPTION,二周目+（卷王专用）
CLEARSAVE_OPTION,删档重来（勇者）
CLEARSAVE_CONFIRM,再按一次确认（真删？）
RESET_ACHIEV,清除成就（前功尽弃）
CLEARSAVE_CONFIRM,再按一次确认（真删？）
RESET_ACHIEV_FINISHED,成就已清除。重新开始卷吧。
UP_ACT,上
DOWN_ACT,下
SHOT_ACT,射击
SHOT2_ACT,射击2
JUMP_ACT,跳！
DASH_ACT,冲！
ARMORABILITY_ACT,装甲大招
PREV_ACT,上一武器
NEXT_ACT,下一武器
PAUSE_ACT,暂停摸鱼
CONFIRM_ACT,确认
WPNLEFT_ACT,轮盘左
WPNRIGHT_ACT,轮盘右
WPNUP_ACT,轮盘上
WPNDOWN_ACT,轮盘下
WPNRESET_ACT,切回柠檬弹
ACHIEV_SCREEN_TITLE,成就殿堂
ACHIEVEMENTSUNLOCKED,已达成的成就
DEBUGACHIEVTITLE,锁定的成就...
DEBUGACHIEVDISC,用了调试模式被抓到了，草。
BEATINTRO_DISC,击败了诺亚公园Boss。热身完毕。
BEATINTRO_TITLE,好久不见啊老铁
COLLECTALLHEARTS_DISC,收集了所有心之容器。你是仓鼠吗？
COLLECTALLHEARTS_TITLE,收藏家
COLLECTALLSUBTANKS_DISC,收集了全部能量罐。囤货达人。
COLLECTALLSUBTANKS_TITLE,仓鼠本鼠
COLLECTFULLHERMES_DISC,收集了赫尔墨斯全套。一键换装完毕。
COLLECTFULLHERMES_TITLE,灵魂消除者
COLLECTFULLICARUS_DISC,收集了伊卡洛斯全套。飞天梦圆。
COLLECTFULLICARUS_TITLE,指挥任务
SURFEDONMISSILE_DISC,在导弹上冲浪6秒。芜湖起飞！
SURFEDONMISSILE_TITLE,导弹冲浪yyds
DEFEATEDALL_DISC,击败全部八个Boss。八杀！
DEFEATEDALL_TITLE,轨道电梯
DEFEATEDANY_DISC,击败了任意一个Boss。新手上路。
DEFEATEDANY_TITLE,新世代思考型机器人
GIGACRUSHKILL_DISC,用超级粉碎终结Boss。太爽了吧。
GIGACRUSHKILL_TITLE,大灾变
PELEDOSGAMES_DISC,击败Boss后颠了装甲。你是贝利转世？
PELEDOSGAMES_TITLE,游戏界球王
PERFECTKILL_DISC,不用特殊武器、不受伤、不升级击败Boss。大佬请收下我的膝盖。
PERFECTKILL_TITLE,饿狼传说之印
XDRIVEDODGE_DISC,Boss放大招时开了X Drive。差0.01秒你就没了。
XDRIVEDODGE_TITLE,忍者印记
GIGACRUSHKILL_DISC,用超级粉碎终结Boss。太爽了吧。
GIGACRUSHKILL_TITLE,大灾变
ANTONIONBUSTERONLY_DISC,只用柠檬弹击败了蚂蚁。柠檬侠！
ANTONIONBUSTERONLY_TITLE,别给我贴标签啊喂
ANTONIONNAKED_DISC,裸装击败了蚂蚁。真男人不穿甲。
ANTONIONNAKED_TITLE,并非为了赞美
ANTONIONNODAMAGE_DISC,无伤击败了蚂蚁。你是不是开挂了？
ANTONIONNODAMAGE_TITLE,绝绝子科学家
ANTONIONNOROTATION_DISC,不旋转不死亡通关报春花。你的平衡感绝了。
ANTONIONNOROTATION_TITLE,传送门
MANOWARBUSTERONLY_DISC,只用柠檬弹击败了水母。电疗失败。
MANOWARBUSTERONLY_TITLE,完全在我掌控中
MANOWARNAKED_DISC,裸装击败了水母。你穿什么打什么。
MANOWARNAKED_TITLE,你谁啊？
MANOWARNODAMAGE_DISC,无伤击败了水母。连电都没碰到？
MANOWARNODAMAGE_TITLE,确实没干坏事
MANOWARDOOREXPLODED_DISC,在王朝关卡炸门通过了。暴力破解。
MANOWARDOOREXPLODED_TITLE,快到模糊
MANTISBUSTERONLY_DISC,只用柠檬弹击败了螳螂。刀客表示不服。
MANTISBUSTERONLY_TITLE,让我的刀来说话
MANTISNAKED_DISC,裸装击败了螳螂。螳螂：你不讲武德。
MANTISNAKED_TITLE,不能变不规则的小子
MANTISNODAMAGE_DISC,无伤击败了螳螂。暗杀大师。
MANTISNODAMAGE_TITLE,"你珍视的""正义""哈哈"
MANTISLIT_DISC,在漆黑关卡中点亮了黑暗。光明使者。
MANTISLIT_TITLE,暗中有光
MANTISUNDETECTED_DISC,在漆黑关卡躲过了所有探照灯。潜行大师。
MANTISUNDETECTED_TITLE,影子战术
PANDABUSTERONLY_DISC,只用柠檬弹击败了熊猫。柠檬vs竹子。
PANDABUSTERONLY_TITLE,唯一目的就是毁灭
PANDANAKED_DISC,裸装击败了熊猫。功夫熊猫反过来了。
PANDANAKED_TITLE,我们被迫营业
PANDANODAMAGE_DISC,无伤击败了熊猫。国宝也不行。
PANDANODAMAGE_TITLE,你难道没想过？
PANDARIDEREACHED_DISC,开着机甲到了加速森林终点。机甲永远的神。
PANDARIDEREACHED_TITLE,魂斗罗
ROOSTERBUSTERONLY_DISC,只用柠檬弹击败了公鸡。柠檬烤鸡。
ROOSTERBUSTERONLY_TITLE,这是必须付出的代价
ROOSTERNAKED_DISC,裸装击败了公鸡。赤膊上阵。
ROOSTERNAKED_TITLE,被贴上不规则标签
ROOSTERNODAMAGE_DISC,无伤击败了公鸡。连根毛都没被烧到。
ROOSTERNODAMAGE_TITLE,这不是一般的暴动啊
ROOSTERFROZEN_DISC,在地狱关卡阻止了熔岩墙。用冰的就对了。
ROOSTERFROZEN_TITLE,冥界
SUNFLOWERBUSTERONLY_DISC,只用柠檬弹击败了向日葵。向日葵黑了。
SUNFLOWERBUSTERONLY_TITLE,没人能控制我们哒
SUNFLOWERNAKED_DISC,裸装击败了向日葵。素颜出战。
SUNFLOWERNAKED_TITLE,我们不是怪物好吧
SUNFLOWERNODAMAGE_DISC,无伤击败了向日葵。光学反射高手。
SUNFLOWERNODAMAGE_TITLE,我们追求的是什么
SUNFLOWERGOTSSSRANK_DISC,单次通关全S评价。卷王就是你。
SUNFLOWERGOTSSSRANK_TITLE,重力回路
TRILOBYTEBUSTERONLY_DISC,只用柠檬弹击败了三叶虫。化石级操作。
TRILOBYTEBUSTERONLY_TITLE,我们开采的矿石
TRILOBYTENAKED_DISC,裸装击败了三叶虫。考古学家。
TRILOBYTENAKED_TITLE,老古董废铁堆
TRILOBYTENODAMAGE_DISC,无伤击败了三叶虫。石头都碰不到你。
TRILOBYTENODAMAGE_TITLE,没脑子的猎人？谁？
YETIBUSTERONLY_DISC,只用柠檬弹击败了雪人。融化了属于是。
YETIBUSTERONLY_TITLE,已经太迟了...
YETINAKED_DISC,裸装击败了雪人。在暴风雪中裸奔。
YETINAKED_TITLE,你们这些旧型号
YETINODAMAGE_DISC,无伤击败了雪人。连雪球都没碰到。
YETINODAMAGE_TITLE,弱鸡猎人？不存在的
YETIDOOREXPLODED_DISC,在中央白色关卡炸门通过了。门：我招谁惹谁了。
YETIDOOREXPLODED_TITLE,音速冲击
VILEJAKOBBUSTERONLY_DISC,只用柠檬弹击败了Vile。老朋友也不放过。
VILEJAKOBBUSTERONLY_TITLE,拼凑真相中
VILEJAKOBNAKED_DISC,裸装击败了Vile。Vile哭了。
VILEJAKOBNAKED_TITLE,为了注定毁灭的世界
VILEJAKOBNODAMAGE_DISC,无伤击败了Vile。你这是欺负人。
VILEJAKOBNODAMAGE_TITLE,在这种时刻
VILEDEFEATEDTWICE_DISC,击败了Vile两次。他是不是该反省一下。
VILEDEFEATEDTWICE_TITLE,又又又见面了
VILEDEVILBEARDEFEATED_DISC,提前击败了恶魔熊。熊：还没发力呢。
VILEDEVILBEARDEFEATED_TITLE,钢铁突击
VILEJAKOBDEFEATED_DISC,在轨道电梯顶部击败了Vile。高空作战。
VILEJAKOBDEFEATED_TITLE,通往太空之路
VILESIGMADEFEATED_DISC,在西格玛宫殿击败了Vile。送你回家。
VILESIGMADEFEATED_TITLE,还有希望的
GATEWAYFIESTA_DISC,在通道关通过了最难的挑战。你是人吗？
GATEWAYFIESTA_TITLE,亡命之徒
COPYBUSTERONLY_DISC,只用柠檬弹击败了冒牌货。假的就是假的。
COPYBUSTERONLY_TITLE,你的世界已经烂了
COPYNAKED_DISC,裸装击败了冒牌货。裸装打假。
COPYNAKED_TITLE,要阻止什么？
COPYNODAMAGE_DISC,无伤击败了冒牌货。假货不配碰我。
COPYNODAMAGE_TITLE,我确实是西格玛（自信）
COPYDEFEATED_DISC,击败了冒牌货。鉴定为假。
COPYDEFEATED_TITLE,最终对决的时刻
SIGMANAKED_DISC,裸装击败了西格玛。光头佬也不过如此。
SIGMANAKED_TITLE,新世界的统治者（笑）
SIGMANODAMAGE_DISC,无伤击败了西格玛。西格玛：我退游了。
SIGMANODAMAGE_TITLE,我们的相遇是命中注定的
LUMINENAKED_DISC,裸装击败了最终Boss。你不是人类吧？
LUMINENAKED_TITLE,我想你该满意了吧
LUMINENODAMAGE_DISC,无伤击败了最终Boss。地球Online最强玩家。
LUMINENODAMAGE_TITLE,我当然没事啦
SERAPHNAKED_DISC,裸装击败了最终Boss第二形态。绝绝子。
SERAPHNAKED_TITLE,你真有那个实力？
SERAPHNODAMAGE_DISC,无伤击败了最终Boss第二形态。封神了家人们。
SERAPHNODAMAGE_TITLE,可恶的侵略循环
SERAPHDEFEATED_DISC,通关了。可以去摸鱼了。
SERAPHDEFEATED_TITLE,旧世界的工具人
SECRET1DEFEATED_DISC,击败了隐藏Boss。你是怎么找到的？
SECRET1DEFEATED_TITLE,时之回廊
SECRET2DEFEATED_DISC,击败了隐藏Boss#2。开始离谱了。
SECRET2DEFEATED_TITLE,六道轮回
SECRET3DEFEATED_DISC,击败了隐藏Boss#3。三杀隐藏Boss。
SECRET3DEFEATED_TITLE,双重命运
COLLECTBLACKZERO_TITLE,不规则体的噩梦
COLLECTBLACKZERO_DISC,解锁黑色装甲。去吧我的杰作，你是最强机器人yyds。
COLLECTWHITEAXL_TITLE,未知的力量
COLLECTWHITEAXL_DISC,解锁白色装甲。无论如何，你还是你……对吧？（意味深长）
COLLECTULTIMATEX_TITLE,为了永恒的和平
COLLECTULTIMATEX_DISC,解锁究极装甲。去吧猎人，你是人类最后的希望，不要辜负。
ZERODEFEATED_DISC,击败觉醒形态的Zero。打自己人是什么鬼。
ZERODEFEATED_TITLE,命运の决战
STAGE_DC,关卡
BOSS_DC,Boss
COMPLETION_DC,通关
NOAHSPARK_STAGE,诺亚公园
NOAHSPARK_NAME,大螃蟹-Y
SUNFLOWER_STAGE,特洛伊基地
SUNFLOWER_NAME,光学向日葵
ANTONION_STAGE,报春花（转转转）
ANTONION_NAME,重力蚂蚁
MANTIS_STAGE,漆黑（伸手不见五指）
MANTIS_NAME,暗黑螳螂
MANOWAR_STAGE,王朝
MANOWAR_NAME,千兆水母
PANDA_STAGE,加速森林
PANDA_NAME,竹林熊猫
TRILOBYTE_STAGE,金属溪谷
TRILOBYTE_NAME,大地三叶虫
YETI_STAGE,中央白色（冻死了）
YETI_NAME,雪崩雪人
ROOSTER_STAGE,地狱（字面意思）
ROOSTER_NAME,烤鸡哥
JAKOB_STAGE,雅各布电梯
GATEWAY_STAGE,通道关（噩梦）
SIGMA_STAGE,西格玛老巢
HERMESHEAD1,X……我早就知道迟早有这么一天，所以给你准备了好东西。
HERMESHEAD2,这次试试头部H吧，不亏的。
HERMESHEAD3,装上这个蓄力速度起飞，再也不用傻等了。
HERMESHEAD4,进胶囊装上吧，X。老爸不会害你的。
HERMESBODY1,X……我早就知道迟早有这么一天，所以给你准备了好东西。
HERMESBODY2,来……试试身体H。
HERMESBODY3,装上后打人回血，越打越有精神。
HERMESBODY4,进胶囊装上吧，X。相信科学。
HERMESARMS1,X……我早就知道迟早有这么一天，所以给你准备了好东西。
HERMESARMS2,来，巴斯特H拿去。
HERMESARMS3,装上后获得散射蓄力攻击。
HERMESARMS4,武器射击不耗弹，蓄力除外。省着点花。
HERMESARMS5,进胶囊装上吧，X。
HERMESLEGS1,X……我早就知道迟早有这么一天，所以给你准备了好东西。
HERMESLEGS2,试试脚部H，你会喜欢的。
HERMESLEGS3,冲刺时无敌，地上空中都一样。莽就完事了。
HERMESLEGS4,进胶囊装上吧，X。
ICARUSHEAD1,X……我早就知道迟早有这么一天，所以给你准备了好东西。
ICARUSHEAD2,给你……头部I。
ICARUSHEAD3,装上后跳到敌人旁边就能造成伤害。蹦蹦跳跳搞输出。
ICARUSHEAD4,进胶囊装上吧，X。
ICARUSBODY1,X……我早就知道迟早有这么一天，所以给你准备了好东西。
ICARUSBODY2,来试试身体I。
ICARUSBODY3,装上后减伤还免疫击退，打不动你的。
ICARUSBODY4,进胶囊装上吧，X。
ICARUSARMS1,X……我早就知道迟早有这么一天，所以给你准备了好东西。
ICARUSARMS2,新部件来了……巴斯特I。
ICARUSARMS3,装上后获得强力激光蓄力。帅就完事了。
ICARUSARMS4,蓄力特殊武器也不耗弹。白嫖多好。
ICARUSARMS5,进胶囊装上吧，X。
ICARUSLEGS1,X……我早就知道迟早有这么一天，所以给你准备了好东西。
ICARUSLEGS2,新部件……脚部I。
ICARUSLEGS3,装上后高跳+双段空中冲刺。飞！
ICARUSLEGS4,进胶囊装上吧，X。
INTRO2-1,这里是X！我到轨道电梯事故现场附近了！
INTRO2-2,到处都是不规则体，这也太夸张了吧！
INTRO2-3,我先杀过去，你们准备好救援机械兽等我信号！
INTRO2-4,收到！
INTRO2-5,西……西格玛……！？这啥情况？
INTRO2-6,为了在事故中保护自己……
INTRO2-7,我们不得不复制了西格玛那个壮汉的身体。
INTRO2-8,我们新世代思考型机器人对所有病毒完全免疫。
INTRO2-9,所以复制西格玛什么的完全没风险啦~
INTRO2-10,你是谁？
INTRO2-11,我是路米奈……
INTRO2-12,电梯和雅各布计划的负责人，打工人一枚。
INTRO2-13,明白了。别动，我叫队友来救——
INTRO3-1,哟呵，又见面了啊，X！
INTRO3-2,Vile？！你怎么又来了！
INTRO3-3,哈哈哈……想和你玩，但我忙着呢……996了解一下。
INTRO3-4,你是通缉犯！站住！放开路米奈！
INTRO3-5,不可能~轨道电梯已经被我们拿下了……
INTRO3-6,你到底想搞什么？！
INTRO3-7,开始了哦X。新世界要诞生了！
INTRO3-8,哈哈哈哈哈哈哈哈哈哈！（邪恶大笑.jpg）
ANTONION1,重力蚂蚁……你曾是个天才科学家的说。怎么了？
ANTONION2,天才科学家？你算哪根葱来评价我？
ANTONION3,我搞研究可不是为了让你这种人夸我。内卷是为了自己。
ANTONION4,该不会……是西格玛让你变不规则的吧？
ANTONION5,不规则？又给我贴标签。你可真够傲慢的哈。
ANTONION6,总之，挡路的统统消灭！
MANOWAR1,千兆水母！
MANOWAR2,把阿贝尔城的电恢复正常！不然要停电了知道吗！
MANOWAR3,…………（已读不回）
MANOWAR4,……我没干坏事……你谁啊？（社恐发作）
MANOWAR5,我是洛克人X。不规则猎人。管事的来了。
MANOWAR6,是西格玛让你变不规则的？
MANOWAR7,我不是不规则体……我知道自己在干什么……（真的吗我不信）
MANOWAR8,我在努力为新世界梦想奋斗……！（画大饼ing）
MANOWAR9,你已经不规则了！我得阻止你！
MANTIS1,哎？不规则猎人怎么跑到这来了？
MANTIS2,暗黑螳螂……你已经不规则了。你的军火生意到此为止。
MANTIS3,我们新世代设计上就不可能不规则的，小子。
MANTIS4,那你为啥在造武器？西格玛在操控你？
MANTIS5,"那你呢X？操控你的是啥？你那个""正义""？就这？"
MANTIS6,暗黑螳螂……你就是不规则体没跑了！
MANTIS7,果然旧型号啥也不懂，无语子。
MANTIS8,让我的刀来教你什么叫现实吧！
PANDA1,你知道吗，火箭最早的形态其实是用来打仗的导弹。
PANDA2,历史一直在制造只为毁灭的东西。导弹……思考型机器人……冷知识完毕。
PANDA3,你在说啥？没有思考型机器人想毁灭好吧。
PANDA4,你确定你自己从来没这么想过吗，X？
PANDA5,这个世界除了毁灭什么都不要？
PANDA6,这是西格玛那光头的想法？可是……
PANDA7,我知道你想说什么。
PANDA8,你觉得这想法是不规则的，对吧？
PANDA9,所以我们才被迫PK啊。
ROOSTER1,X，你知道这是什么地方吗？
ROOSTER2,垃圾处理中心。垃圾在这里被压缩焚烧……像极了996的社畜。
ROOSTER3,烤鸡哥，你为啥暴动？是西格玛搞的鬼？
ROOSTER4,这不是暴动！是为所有被你们说成不规则体扔到这来的思考型机器人报仇！
ROOSTER5,不规则体只会搞破坏！我们不得不阻止！
ROOSTER6,这就是你说的正义？该被回收的是你！
ROOSTER7,西格玛想干嘛？他就是在白嫖你！你醒醒！
ROOSTER8,白嫖？为了新世界这点代价算什么！
ROOSTER9,新世界里没有你这种旧型号的位置！告辞！
SUNFLOWER1,X……走到这一步了，你应该明白了吧。
SUNFLOWER2,猜到我们想干嘛了没？
SUNFLOWER3,你们不规则体……被西格玛控制了吧？
SUNFLOWER4,你想多了，没人能控制我们。我们是自由人。
SUNFLOWER5,我们也许不算好人，但也不是怪物。
SUNFLOWER6,谁也没权利阻止我们！
TRILOBYTE1,你知道我们在这开采的矿石是用于太空开发的吧？
TRILOBYTE2,肯定是西格玛在背后！他要这些矿物干嘛？
TRILOBYTE3,跟你说了你也不懂，没脑子的猎人。
TRILOBYTE4,我把你这堆旧型号废铁就地掩埋！
YETI1,休想阻止我们。
YETI2,雪崩雪人！你在搞什么？
YETI3,我们不再认为你们的世界有什么好的了。旧型号请退场。
YETI4,滚吧X！
YETI5,不行！不修复系统的话生态平衡要崩的！
YETI6,哼。太迟了X。
YETI7,你那些弱鸡猎人已经输了！GG！
VILE1-1,Vile！
VILE1-2,你把路米奈带哪去了？想破坏雅各布计划？
VILE1-3,分别这么久再见就只会问问题？没有感情的吗？
VILE1-4,放心，你那朋友路米奈我们好好伺候着呢。哈哈哈……
VILE1-5,轨道电梯太重要了，我们不会伤害操作员的。
VILE1-6,你知不知道你在干什么？
VILE1-7,雅各布计划可是人类和思考型机器人的重大合作！
VILE1-8,淡定点X……
VILE1-9,享受这次重聚吧，老朋友~
VILE2-1,Vile！
VILE2-2,追够了。交出路米奈。现在。
VILE2-3,哈哈哈……路米奈？你永远这么天真呢。
VILE2-4,睁眼看看你周围吧白痴！世界都在崩塌了！你还有脸提要求？
VILE2-5,你那个世界？不规则体？都拜拜了！
VILE2-6,混乱、毁灭、破坏！这就是我们的出厂设定！
VILE3-1,哈哈哈！你在为一个必死的世界拼命？搞笑。
VILE3-2,所以一直都是西格玛在幕后操纵，对吧Vile？
VILE3-3,哈哈哈……你终于开窍了？
VILE3-4,轨道电梯……能源……太空矿物……火箭数据……
VILE3-5,通往太空的路……支撑这个世界的一切……现在是我们的了！
VILE3-6,"这时候了，你那个""不规则体""的概念有什么用？"
VILE3-7,管你什么计划。我会阻止的，无论如何！
VILE4-1,还不放弃？
VILE4-2,你是不是眼瞎还以为有希望？
VILE4-3,只要我还站着，就有希望！
VILE4-4,打倒你和西格玛！
VILE4-5,哈哈哈……现在灭了你太浪费了……
VILE4-6,留到最后再慢慢玩~
COPYSIGMA1,西格玛！？（又是你？）
COPYSIGMA2,你可以叫我那个名字，因为我确实是西格玛。（自信脸）
COPYSIGMA3,你想对所有思考型机器人……所有人类……整个世界复仇？
COPYSIGMA4,你完全疯了！我现在就阻止你！
COPYSIGMA5,阻止什么？月球已经在我手里了。
COPYSIGMA6,旧世界已经烂透了。我们要建个新的！
COPYSIGMA7,但在那之前，X，来场最终决战吧！
SIGMA1,欢迎光临，猎人。好久不见了X。
SIGMA2,我们的相遇是命运安排的，X。一切到此刻为止。
SIGMA3,新时代要来了。而你的毁灭，是必不可少的一环。
SIGMA4,……
SIGMA5,"你对""正义""的执念让我开始思考人生了……"
SIGMA6,我发现了这个世界有多拉胯，所以必须改变它。
SIGMA7,别甩锅给我，西格玛！
SIGMA8,哈哈哈……太迟了X。齿轮已经转起来了。不可逆。
SIGMA9,新世代思考型机器人才是关键，X。我的孩子们搞定了一切……
SIGMA10,孩子们？你在说啥？
SIGMA11,雅各布计划……造出新世代思考型机器人的程序……都是因为我！
SIGMA12,在绝望中沉沦吧！新世界统治者面前你什么都不是！
SIGMA13,现在，X……跟着这个烂世界一起消失吧！
FINALLUMINE1,路米奈！你没事吧？
FINALLUMINE2,没事……？当然咯。
FINALLUMINE3,你打败了西格玛，满意了？
FINALLUMINE4,但他只是在帮我推进计划而已……
FINALLUMINE5,新世代思考型机器人觉醒了，新世界近在眼前！
FINALLUMINE6,路米奈！你在搞什么？！
FINALLUMINE7,别告诉我你也变不规则了……
FINALLUMINE8,不规则？你知道不是这回事，X。
FINALLUMINE9,你在犹豫对吧。你下不了手的……
FINALLUMINE10,……！
FINALLUMINE11,你们旧型号总得担心自己的行为到底是不是出于自我意志。
FINALLUMINE12,谁知道此刻有什么在影响你呢？细思极恐。
FINALLUMINE13,我们新世代是用几百个旧型号的数据造出来的。
FINALLUMINE14,所以我们对所有病毒完全免疫。自由意志在握！
FINALLUMINE15,包括像西格玛那样行事……你懂我意思吧？
FINALLUMINE16,不会有思考型机器人愿意变成西格玛那种疯子的！
FINALLUMINE17,想想看X……西格玛真的疯了吗？
FINALLUMINE18,……
FINALLUMINE19,他确实反抗了你们的世界。也许是因为病毒。
FINALLUMINE20,但他的抗争让我们所有人看清了这个世界有多烂！
FINALLUMINE21,人类利用思考型机器人维持他们那可恶的争斗循环……
FINALLUMINE22,所以我们向旧世界宣战是自己的选择。
FINALLUMINE23,换句话说……
FINALLUMINE24,我们有随时变不规则的能力！觉醒了属于是！
FINALLUMINE25,……！
FINALLUMINE26,X……你真的有本事阻止我们？
FINALLUMINE27,你不过是人类的工具人。旧世界的打工仔……
FINALLUMINE28,你觉得你能跟进化到这种程度的我们抗衡？
FINALLUMINE29,哈哈哈哈哈哈哈！别逗我笑了……草。
FINALLUMINE30,世界在变！进化才是正道！
FINALLUMINE31,排好队，等着被消灭吧！
FINALLUMINE32,路米奈……对不起，但我别无选择。
FINALLUMINE33,就算你是雅各布计划的幕后黑手……
FINALLUMINE34,在阻止你之前，我绝不会认输！
FINALLUMINE35,你本来可以做队友的，结果成了敌人。
FINALLUMINE36,我不会放过你的！
FINALLUMINE37,敌人……队友……这事没那么黑白分明。
FINALLUMINE38,思考型机器人和人类一样，已经不可逆地改变了。
FINALLUMINE39,存在的本质也变了……
FINALLUMINE40,新世界不需要你！出局吧！
ENDING1-1,ENDING1-1
ENDING1-2,不可能……（震惊脸）
ENDING1-3,你也许打赢了我……但已经开始的事情停不下来了……
ENDING1-4,再来多少个我都奉陪。
ENDING1-5,哈哈哈……你真的不了解现在的情况吧？
ENDING1-6,算了……你很快就知道了……
ENDING1-7,……
ENDING1-8,唔！疼死了……快……给我个痛快的……
ENDING2-1,这里是X……
ENDING2-2,敌人……已解决。
ENDING2-3,我准备回去了……
ENDING2-4,收到……
FINAL-1,Axl！
FINAL-2,X……X……收到吗？通信恢复了。报告状况！
FINAL-3,这里是X，西格玛的计划被我们阻止了……但是Axl……
FINAL-4,Axl受了伤，但没事。
FINAL-5,我们正在回来的路上。
FINAL2-1,（觉醒……）
FINAL2-2,（路米奈是这样说的……）
FINAL2-3,（他说……这就是进化……）
FINAL2-4,（如果他说得对……）
FINAL2-5,（那……我们在做什么呢？深夜emo了属于是。）
FINAL3-1,我猜你一直在想路米奈说的那些话吧。
FINAL3-2,别想太多。变成西格玛怎么能叫进化呢，那叫退化好吧。
FINAL3-3,……
FINAL3-4,总之。X……
FINAL3-5,"就算我们思考型机器人注定在""进化""到来时被淘汰……"
FINAL3-6,我们也要继续战斗……
FINAL3-7,不只是和不规则体战斗，还要和我们自己的命运死磕……
SECRET2-1,欢迎，洛克人X。我等你很久了。
SECRET2-2,你和我之前遇到的都不一样……
SECRET2-3,你身上有种和平与慈悲的气场。你是何方神圣？
SECRET2-4,你这么快就注意到了，有两下子嘛。
SECRET2-5,我是赛琳娜。
SECRET2-6,你说我和其他人不一样？
SECRET2-7,那是因为我的实力过于强大。
SECRET2-8,过于强大……？（？？？）
SECRET2-9,没错。自从丢了地下之王的称号，我一直在闭关修炼。
SECRET2-10,二十年磨一剑。现在我选你来当磨刀石。
SECRET2-11,赛琳娜是吧？嗯……
SECRET2-12,行，我接受你的挑战！
SECRET2-13,来吧……
SECRET2-14,我以为我够强了。看来是我膨胀了。
SECRET2-15,你心中的善良、爱和尊重让你更强。爱能发电是真的。
SECRET2-16,这场决斗你打得很帅。你确实是这个世界最强的机器人。
SECRET2-17,可惜我没什么能送你的。就收下我的感谢吧。
SECRET2-18,洛克人X。后会有期……
SECRET2-19,再见啦！
SECRET3-1,终于拿到了。这份数据里有所有通缉犯的信息……
SECRET3-2,站住。这区域只有S级猎人能进，数据也是！交出来老实点！
SECRET3-3,我知道看起来有点不太对，但别紧张X。
SECRET3-4,我叫Red。听说你最近被搞得焦头烂额，所以来帮忙……的。
SECRET3-5,有了这个我们就能更高效地狩猎不规则体，帮你减负……当然收费的。
SECRET3-6,听起来你就是个打着正义旗号的赏金猎人。
SECRET3-7,随便你怎么想。我不会退的……准备好了！
SECRET3-8,还行嘛……老前辈……
ZEROSECRET1,嘻嘻嘻嘻嘻！
ZEROSECRET2,终于，我明白了，我从来没这么爽过……
ZEROSECRET3,Z……Zero？你还好吗？
ZEROSECRET4,X！我脑子前所未有的清醒……我终于知道我的使命了。
ZEROSECRET5,不规则体什么的无所谓了……我只需要做一件事……
ZEROSECRET6,Zero？你咋了？这不是你啊。清醒点！再这样下去你要G了！
ZEROSECRET7,我终于挣脱了锁链，X。一直以来这么脆弱、虚弱、无力……
ZEROSECRET8,我终于觉醒了真正的形态！看着我的眼睛X！感受到我的快乐了吗？！哈哈哈哈哈哈哈！！！！！！（黑化.jpg）
ZEROSECRET9,……
ZEROSECRET10,Zero……你以前跟我说过的，对吧？
ZEROSECRET11,有些东西是看不到也分析不了的。
ZEROSECRET12,必须用心去感受……
ZEROSECRET13,而现在……我感受到了，极其强烈的邪恶气息……比西格玛还邪！
ZEROSECRET14,这就是命运吧？我要战斗！我不跑！打倒你把朋友带回来！
ZEROSECRET15,那就不废话了。我要毁灭你！
ZEROSECRET16,ZERO！！！！（破音）
INTRO2-1_AXL,嘿Alia，我是Axl！轨道电梯事故现场附近了！
INTRO2-2_AXL,卧槽这也太乱了吧，满地不规则体！
INTRO2-3_AXL,我冲了！我一发信号你们就放救援机械兽！
INTRO2-4_AXL,收到Axl！小心点！
INTRO2-5_AXL,西……西格玛？！假的吧？！
INTRO2-6_AXL,为了在事故中保护自己……
INTRO2-7_AXL,我们复制了西格玛那个肌肉猛男的身体。
INTRO2-8_AXL,我们新世代对所有病毒完全免疫。
INTRO2-9_AXL,所以复制西格玛啥的完全没风险~
INTRO2-10_AXL,等等，你谁？
INTRO2-11_AXL,我是路米奈……
INTRO2-12_AXL,电梯和雅各布计划的负责人。打工人。
INTRO2-13_AXL,好的。等着，我叫人来救——
INTRO3-1_AXL,哟~这谁家小新人跑来了？
INTRO3-2_AXL,啥玩意？！你谁？
INTRO3-3_AXL,我是Vile。说认识你很高兴那是骗人的。
INTRO3-4_AXL,你那个队友X在哪？
INTRO3-5_AXL,X？你跟他有什么过节？
INTRO3-6_AXL,哈哈哈！没啥大事……就是有点未了之缘。
INTRO3-7_AXL,你休想得逞！放开路米奈！
INTRO3-8_AXL,不可能。电梯已经是我们的了……
INTRO3-9_AXL,你想搞什么？！
INTRO3-10_AXL,开始了哦小子……新世界要诞生了！
INTRO3-11_AXL,哈哈哈哈哈哈哈哈哈哈！（中二笑.jpg）
ANTONION1_AXL,蚂蚁……你以前是个天才来着。疯了？想搞啥？
ANTONION2_AXL,疯了？哈哈。你挺幽默的。
ANTONION3_AXL,你自己就很理智？你确定你站对边了？
ANTONION4_AXL,我很确定啊。分辨善恶没那么难好吧。
ANTONION5_AXL,哈！这话我同意！
ANTONION6_AXL,问题是这个世界本身。但我打算修修它！
MANOWAR1_AXL,水母兄，怎么回事？
MANOWAR2_AXL,不恢复供电的话阿贝尔城人民要遭殃的。
MANOWAR3_AXL,…………（完全不理人）
MANOWAR4_AXL,他已经不规则到说不出话了……社恐晚期。
MANOWAR5_AXL,啥？不规则体是啥？你知道那是啥不？
MANOWAR6_AXL,不规则体？就是像你这样失控的机器人。
MANOWAR7_AXL,不好意思哥们，我得收拾你了。
MANTIS1_AXL,听说你是我们新世代的原型机啊。
MANTIS2_AXL,那你为啥当了不规则猎人？
MANTIS3_AXL,因为我喜欢把你们这种坏蛋打趴下啊螳螂哥。爽！
MANTIS4_AXL,哼。你凭什么说我是那种不可能的东西？
MANTIS5_AXL,善恶根本不存在。你还没搞明白？
MANTIS6_AXL,我是原型没错，但别把我跟你们这些坏蛋划等号！
MANTIS7_AXL,作为新型号原型你还真够天真的。
MANTIS8_AXL,说实话我有点酸。
MANTIS9_AXL,让我用刀给你上一课？
PANDA1_AXL,你有跟我们新世代一样的复制能力。
PANDA2_AXL,……
PANDA3_AXL,想过用那个力量改变世界吗？
PANDA4_AXL,我只想用它来揍你们这帮不规则体！
PANDA5_AXL,真幼稚。看来你确实没用。
ROOSTER1_AXL,知道你在哪吗，伙计？
ROOSTER2_AXL,我叫Axl，我可不是你的伙计。叫我大佬。
ROOSTER3_AXL,不管了，这里是废物处理中心……
ROOSTER4_AXL,可不止于此。
ROOSTER5_AXL,这是所有被说成不规则体的思考型机器人的坟场。惨。
ROOSTER6_AXL,哦~所以你搞暴动来复仇？
ROOSTER7_AXL,那妥妥不规则行为。
ROOSTER8_AXL,这就是你的正义？被回收的应该是你！
ROOSTER9_AXL,新世界没有你们旧型号的位置！告辞！
SUNFLOWER1_AXL,Axl……变形者。新时代思考型机器人的原型……
SUNFLOWER2_AXL,所以呢？想让我加入？想都别想笨蛋！
SUNFLOWER3_AXL,你要是再聪明点，也可以被选中的……
SUNFLOWER4_AXL,你说错了。我们不算好人但也不是怪物。
SUNFLOWER5_AXL,这种概念你这脑子理解不了的。
SUNFLOWER6_AXL,这货已经疯了，趁他继续BB之前先打了再说。
TRILOBYTE1_AXL,这里开采的矿物对太空开发很重要。
TRILOBYTE2_AXL,不过你这种半成品原型大概猜不到我想说什么。
TRILOBYTE3_AXL,你们不规则体说的话我从来就听不懂。
TRILOBYTE4_AXL,我被选中了你被淘汰了。你永远赶不上我！
TRILOBYTE5_AXL,判断力有问题的是你啊三叶虫。被西格玛当工具人了！
TRILOBYTE6_AXL,新世界马上就来！旧世界的蠢货通通倒下！
YETI1_AXL,你就是那个会变身的原型？
YETI2_AXL,你们这么容易变不规则，身为原型我可真高兴不起来。
YETI3_AXL,你一个猎人话可真硬啊。
YETI4_AXL,你说谁低贱？要毁灭世界的不是我好吧！
VILE1-1_AXL,哈哈哈哈哈！
VILE1-2_AXL,干脆现在就投降算了？
VILE1-3_AXL,你那个世界？不规则体？全都拜拜！
VILE1-4_AXL,混乱毁灭破坏！这就是我们的出厂设定！
VILE1-5_AXL,哼随便，别以为说两句狠话就能不挨打。
VILE2-1_AXL,Vile是吧？
VILE2-2_AXL,你在搞什么？
VILE2-3_AXL,你想拿路米奈和电梯做什么？
VILE2-4_AXL,别操心路米奈。跟你不同，他对我们的计划还有用。
VILE2-5_AXL,我管你以前是不是A级猎人……
VILE2-6_AXL,你现在是不规则体了，对付渣滓我很有经验！
VILE2-7_AXL,哈哈！生气了？来打我啊！
VILE3-1_AXL,哈！世界都要完了你还在乎正义？
VILE3-2_AXL,那当然！
VILE3-3_AXL,追西格玛之前先给你上上正义的课！
VILE3-4_AXL,轨道电梯……能源……太空矿物……火箭数据……
VILE3-5_AXL,通往太空的路……
VILE3-6_AXL,支撑这个世界的一切——是我们的了！
VILE3-7_AXL,"都这时候了，""不规则体""这词有什么用？"
VILE3-8_AXL,等我把你变成废铁就告诉你！
VILE4-1_AXL,还是不放弃？
VILE4-2_AXL,你眼瞎了还觉得有希望？
VILE4-3_AXL,只要打败你就行的话，那我满满的希望哦老伙计。
VILE4-4_AXL,放弃的话前功尽弃。我绝不放弃！
VILE4-5_AXL,哈哈哈……现在灭了你太浪费了……
COPYSIGMA1_AXL,西格玛！？
COPYSIGMA2_AXL,以为躲到太空就找不到你了？你这个缩头乌龟！
COPYSIGMA3_AXL,躲？逃？你搞错了。
COPYSIGMA4_AXL,我们只是选择离开那个无知的星球而已。
COPYSIGMA5_AXL,随便你怎么说。反正我现在就把你烤了！
COPYSIGMA6_AXL,谁被烤还不一定呢……你又不是被选中的。
COPYSIGMA7_AXL,只有纯正新世代才配活在新世界！半成品原型没用！
SIGMA1_AXL,哼。你就是Axl吧……
SIGMA2_AXL,新世代思考型机器人的原型机。
SIGMA3_AXL,你能走到这里，有点出乎意料。
SIGMA4_AXL,喂……别叫我原型机好吧……
SIGMA5_AXL,我就是我……你……是不规则体。
SIGMA6_AXL,你就是个弱鸡原型！仅此而已！
SIGMA7_AXL,你的复制能力远没成熟。这就是你被淘汰的原因。
SIGMA8_AXL,不规则体俱乐部？谢邀不参加！
SIGMA9_AXL,只有纯正新世代思考型机器人……我的孩子们才配！
SIGMA10_AXL,你的孩子？
SIGMA11_AXL,没错原型……我的孩子们……
SIGMA12_AXL,雅各布计划造出的新世代都带着含有我数据的复制芯片。
SIGMA13_AXL,现在计划最终阶段开始了！
SIGMA14_AXL,你将被毁灭！！！
FINALLUMINE1_AXL,路米奈，你没事吧？
FINALLUMINE2_AXL,没事……？当然咯。
FINALLUMINE3_AXL,打败西格玛了，满意了？
FINALLUMINE4_AXL,多亏了你，计划进行得很顺利呢。
FINALLUMINE5_AXL,但……路米奈你不是被西格玛利用了吗？
FINALLUMINE6_AXL,利用？不存在的。
FINALLUMINE7_AXL,他只是在帮我推进计划而已。
FINALLUMINE8_AXL,新世代觉醒了，新世界近在眼前！
FINALLUMINE9_AXL,路米奈！你干什么？别告诉我你也不规则了……
FINALLUMINE10_AXL,不规则？你真这么想？
FINALLUMINE11_AXL,………！
FINALLUMINE12_AXL,我们新世代的复制芯片……
FINALLUMINE13_AXL,是从几百个旧型号的数据里衍生出来的。
FINALLUMINE14_AXL,当然西格玛也在里面。
FINALLUMINE15_AXL,你懂我意思了吧？
FINALLUMINE16_AXL,复制芯片？西格玛？那我也会跟他一样发疯？
FINALLUMINE17_AXL,不好意思你这种原型没有触发这个的配置。
FINALLUMINE18_AXL,话说回来，西格玛真的疯了吗？
FINALLUMINE19_AXL,………？
FINALLUMINE20_AXL,他反抗了你们的世界。但他有他的道理……
FINALLUMINE21_AXL,我们其他新世代随时都可能变成那样……
FINALLUMINE22_AXL,向旧世界宣战是我们自己的选择。
FINALLUMINE23_AXL,换句话说，我们有随意变不规则的能力！
FINALLUMINE24_AXL,Axl……你真有本事阻止我们？
FINALLUMINE25_AXL,你不过是人类的工具人。旧世界的打工仔……
FINALLUMINE26_AXL,你拿着枪就想跟进化到这种程度的我们对抗？
FINALLUMINE27_AXL,哈哈哈哈哈！别逗了！
FINALLUMINE28_AXL,世界在变。进化才是正道！
FINALLUMINE29_AXL,排好队接受消灭吧！
FINALLUMINE30_AXL,我不允许任何人来告诉我应该是什么。
FINALLUMINE31_AXL,你才是敌人，我不会让你活着离开！
FINALLUMINE32_AXL,敌人……队友……没那么黑白分明。思考型机器人和人类一样已经不可逆地变了。
FINALLUMINE33_AXL,存在的本质变了。新世界不需要你！出局！
ENDING1-1_AXL,不可能……
ENDING1-2_AXL,你也许赢了……但已经来不及了……
ENDING1-3_AXL,再来多少个我都接着。
ENDING1-4_AXL,哈哈哈……你真不了解状况啊。
ENDING1-5_AXL,算了……你很快就知道了……
ENDING1-6_AXL,……
ENDING1-7_AXL,唔！疼死了……快给个痛快的……
ENDING2-1_AXL,这里是Axl……
ENDING2-2_AXL,Axl……Axl……状况如何？
ENDING2-3_AXL,任务……完成了
ENDING2-4_AXL,敌人……搞定了。回来了……
ENDING2-5_AXL,收到……
SECRET2-1_AXL,欢迎Axl。我在等你。
SECRET2-2_AXL,哦~你认识我啊？
SECRET2-3_AXL,"不得不说你比我之前碰到的都……""佛系""。你什么来头？"
SECRET2-4_AXL,这么快就注意到了，有两下子。
SECRET2-5_AXL,我是赛琳娜。
SECRET2-6_AXL,你说我跟其他人不一样？
SECRET2-7_AXL,因为我的实力太强了。
SECRET2-8_AXL,实力太强？你认真的？你看起来可不像啊……
SECRET2-9_AXL,没错。我的力量不在于暴力。丢了地下之王的称号后一直在修炼。
SECRET2-10_AXL,修炼了二十年磨了二十年的剑。现在选你来试刀。
SECRET2-11_AXL,二十年？那可太长了。不过嘿我还有复制能力呢。
SECRET2-12_AXL,赛琳娜是吧？嗯……
SECRET2-13_AXL,确定要跟我打？可别后悔。不过挑战就是挑战。来吧！
SECRET2-14_AXL,那就上吧……Axl。让我看看你的实力！
SECRET2-15_AXL,我以为自己够强了。看来是我膨胀了。
SECRET2-16_AXL,你不只靠实力。你的精神里有某种让你更强的东西。
SECRET2-17_AXL,不只是战斗技巧。是你的韧劲和心。
SECRET2-18_AXL,嗯怎么说呢……我就是擅长出其不意。花招多嘛。
SECRET2-19_AXL,不过你也不是吃素的。服。
SECRET2-20_AXL,你打得很帅Axl。你可能是我遇过的最强战士。
SECRET2-21_AXL,我没什么好东西做奖赏……就收下我的感谢吧。
SECRET2-22_AXL,嘿别介意。这场好架就是最好的奖赏……
SECRET2-23_AXL,不过如果你有什么隐藏强化道具，我可不会拒绝的哦。
SECRET2-24_AXL,也许后会有期……再见了Axl。
SECRET2-25_AXL,再见了赛琳娜。下次我可不会手下留情！
SECRET2-26_AXL,SECRET2-26_AXL
SECRET3-1_AXL,终于拿到了。所有通缉犯的信息……
SECRET3-2_AXL,R……Red？假的吧？
SECRET3-3_AXL,Axl，好久不见。一个人混得怎么样了？
SECRET3-4_AXL,Red等等！你不该在这里。这里只有高级猎人能进！
SECRET3-5_AXL,"你变了Red。你还在跟着""他""的路走？"
SECRET3-6_AXL,就因为那个你把Red Alert搞变形了！
SECRET3-7_AXL,我知道看起来不对但别慌。有了这数据我们能比猎人更高效地打不规则体。
SECRET3-8_AXL,Red Alert可以找回他们的正义，Axl。
SECRET3-9_AXL,那不是正义……那是权力！我不会让你滥用！
SECRET3-10_AXL,嘿，没想到你会说这种话。好吧让我看看你长进了没。全力来！
SECRET3-11_AXL,不错嘛……小子，你作为猎人长大了。
SECRET3-12_AXL,你不用这样的Red。回头还来得及，加入我们你还能做回自己。
SECRET3-13_AXL,也许吧……也许不。别担心我，我走自己的路。
SECRET3-14_AXL,但以后我会更谨慎地信任别人。
SECRET3-15_AXL,下次见面可不会这么轻松了。再见了……照顾好自己小子。
SECRET3-16_AXL,Red……
INTRO1-1_ZERO,这就是诺亚公园啊？还挺像样的嘛。
INTRO1-2_ZERO,Zero收到吗？这一带有个巨大的不规则机械兽。
INTRO1-3_ZERO,就在轨道电梯事故现场附近。收到！
INTRO1-4_ZERO,我来清场。
INTRO1-5_ZERO,等我到了就放救援机械兽。
INTRO1-6_ZERO,了解，Zero小心！
INTRO2-1_ZERO,什……什么？西格玛？这啥情况？
INTRO2-2_ZERO,为了在事故中保护自己……
INTRO2-3_ZERO,我们复制了西格玛那个壮汉的身体。
INTRO2-4_ZERO,我们新世代对所有病毒完全免疫。
INTRO2-5_ZERO,所以复制西格玛啥的完全没风险。
INTRO2-6_ZERO,你谁？报上名来！
INTRO2-7_ZERO,我是路米奈……
INTRO2-8_ZERO,电梯和雅各布计划的负责人。
INTRO2-9_ZERO,嗯……了解。别动，我叫救援队来——
INTRO3-1_ZERO,哈哈哈！好久不见了Zero。
INTRO3-2_ZERO,Vile？报告你重新出没的情报果然是真的。
INTRO3-3_ZERO,想跟你玩但工作太忙了……我也是要加班的。
INTRO3-4_ZERO,我不会让你这个通缉犯带走路米奈的。放人！
INTRO3-5_ZERO,不可能。电梯已经是我们的了……
INTRO3-6_ZERO,你想搞什么，波巴·费特的cos选手？
INTRO3-7_ZERO,还有人觉得我是抄波巴·费特的？笑死。我去酒吧了，你们跟我朋友跳个螃蟹舞吧哈哈哈
INTRO3-8_ZERO,哈哈哈哈哈哈哈哈哈哈！
ANTONION1_ZERO,重力蚂蚁。你曾是优秀的科学家，但看来你已经不规则了。
ANTONION2_ZERO,优秀？不规则？这些词什么意思？
ANTONION3_ZERO,这你得问比我聪明的人。是西格玛搞的？
ANTONION4_ZERO,他逼你和其他人变不规则了？
ANTONION5_ZERO,你以为一个词就能概括我的主人？太天真了。
ANTONION6_ZERO,我们坦诚，你愚蠢。完美对比。
ANTONION7_ZERO,不管了，不理解我们的计划就消灭你！
MANOWAR1_ZERO,喂！千兆水母！
MANOWAR2_ZERO,把阿贝尔城的电恢复正常。马上。
MANOWAR3_ZERO,…………（已读不回x2）
MANOWAR4_ZERO,他已经不规则到说不了话了……
MANOWAR5_ZERO,我不是不规则体……我没做错什么……（真的吗我不信x2）
MANOWAR6_ZERO,主人需要能量来建新世界。
MANOWAR7_ZERO,让城市停电？这跟西格玛的计划有啥关系？
MANOWAR8_ZERO,我在为主人的新世界梦想打工。他没错。
MANOWAR9_ZERO,新世界？！你们的计划到此为止！
MANOWAR10_ZERO,看来我得教你做人了！
MANTIS1_ZERO,哇哦。看看这位。你就是Zero吧？
MANTIS2_ZERO,要是你真认识我，你现在应该已经在抖了。
MANTIS3_ZERO,你们旧型号真是啥也不懂啊。
MANTIS4_ZERO,你什么意思不规则体？
MANTIS5_ZERO,你本来可以当我们的大将军的。主人对你可感兴趣呢。
MANTIS6_ZERO,哼！加入不规则体？谢了不约。
MANTIS7_ZERO,放心……收拾完你就去找你老板。
PANDA1_ZERO,你是说你自己从来没这么想过吗Zero？
PANDA2_ZERO,这个世界只渴望毁灭？
PANDA3_ZERO,这是西格玛跟你说的？
PANDA4_ZERO,也许吧。也许我的主人在你身上看到了他自己的影子……
PANDA5_ZERO,饶了我吧……这种中二台词。
PANDA6_ZERO,你们这些不规则体叨叨的完美世界根本不存在。
PANDA7_ZERO,没错不存在。
PANDA8_ZERO,所以必须毁灭现在这个。
PANDA9_ZERO,要结束的是这个世界，Zero。
ROOSTER1_ZERO,你为啥暴动？西格玛搞的？
ROOSTER2_ZERO,你知道这里是啥地方？
ROOSTER3_ZERO,废物处理中心……
ROOSTER4_ZERO,等我把你大卸八块了就丢在这。
ROOSTER5_ZERO,你听到了吗Zero？
ROOSTER6_ZERO,所有被你判定为不规则体送到这来的思考型机器人的哭声？
ROOSTER7_ZERO,哇哦？饶了我吧！你能听到那些的话说明你也是不规则体咯？
ROOSTER8_ZERO,哈！你很快就知道谁对谁错了。
ROOSTER9_ZERO,新世界成真的时候你就不会再嘲笑我了！
SUNFLOWER1_ZERO,Zero……你应该已经想明白了。
SUNFLOWER2_ZERO,猜到我们想干嘛了吧。
SUNFLOWER3_ZERO,我怎么知道你们不规则体在想什么？
SUNFLOWER4_ZERO,不！不！不！我们不算好人但也不是怪物啊。
SUNFLOWER5_ZERO,我的主人记得你。你曾有机会成为终极毁灭者。不过那是过去式了。
SUNFLOWER6_ZERO,天呐……他已经完全疯了。告辞。
TRILOBYTE1_ZERO,这里开采的矿物对太空开发至关重要。
TRILOBYTE2_ZERO,不过这对你来说大概没啥意义吧Zero？
TRILOBYTE3_ZERO,你在给西格玛挖矿？你疯了？
TRILOBYTE4_ZERO,你想过我的主人为啥需要这些资源吗？
TRILOBYTE5_ZERO,我不需要理解你的计划也知道不对劲，别想得逞！
TRILOBYTE6_ZERO,哼！我不会被你这种破烂废铁侮辱的！
TRILOBYTE7_ZERO,你迟早要面对我的主人的废铁！
YETI1_ZERO,Zero。主人在他理想的新世界里给你留了VIP位。
YETI2_ZERO,你们不规则体看上我什么了？除了挨揍的份？
YETI3_ZERO,你真是旧型号啊。这思维改变不了世界。
YETI4_ZERO,用毁灭改变世界？只有不规则体才想得出来。
YETI5_ZERO,你的世界……你的理想……我的主人表示无法理解。
VILE1-1_ZERO,Vile！
VILE1-2_ZERO,你想拿电梯和路米奈怎样？
VILE1-3_ZERO,路米奈？哈哈哈……别担心我们照顾得很好。
VILE1-4_ZERO,电梯太重要了不会伤害操作员的。
VILE1-5_ZERO,那玩意对你们不规则体来说太复杂了吧Vile。
VILE1-6_ZERO,哈哈哈……好想你啊Zero。
VILE1-7_ZERO,好好享受重逢吧~
VILE2-1_ZERO,Vile！
VILE2-2_ZERO,把路米奈交出来。这次不接受No。
VILE2-3_ZERO,路米奈？你以为你有资格谈条件？
VILE2-4_ZERO,睁眼看看周围白痴！世界在崩塌！
VILE2-5_ZERO,你的世界？不规则体？全都拜拜！
VILE2-6_ZERO,混乱毁灭！出厂设定！
VILE3-1_ZERO,你不累吗搞正义那套？
VILE3-2_ZERO,你不累吗当西格玛的走狗？
VILE3-3_ZERO,轨道电梯……能源……太空矿物……火箭数据……
VILE3-4_ZERO,通往太空的路……
VILE3-5_ZERO,支撑这个世界的一切是我们的了！
VILE3-6_ZERO,世界都要完了你还当真？
VILE3-7_ZERO,哼！收拾完你就去找你老板！
VILE4-1_ZERO,还不放弃？
VILE4-2_ZERO,你是眼瞎了还以为有希望？
VILE4-3_ZERO,挣扎？
VILE4-4_ZERO,我只是烦透了到处碰到你和西格玛。
VILE4-5_ZERO,哈哈哈……现在灭了你太浪费了。
VILE4-6_ZERO,留到最后再慢慢享受~
COPYSIGMA1_ZERO,西格玛！？
COPYSIGMA2_ZERO,再见到你可真不是什么好事。
COPYSIGMA3_ZERO,Zero。可惜了……你本有能力和潜力变成像我一样的。
COPYSIGMA4_ZERO,你……你想利用我的DNA。
COPYSIGMA5_ZERO,我来教你惹到我是什么下场！
COPYSIGMA6_ZERO,恐怕不行。月球在我手里计划已经进入最终阶段了。
COPYSIGMA7_ZERO,世界崩塌倒计时开始！
SIGMA1_ZERO,Zero……谁想到我们会在世界末日碰面。
SIGMA2_ZERO,你的病毒进入我体内的那一刻种子就种下了。
SIGMA3_ZERO,一切从那时开始……世界的毁灭！
SIGMA4_ZERO,你那些废话我已经听够了西格玛。
SIGMA5_ZERO,别急Zero。其实我要感谢你。
SIGMA6_ZERO,多亏了你我的孩子们才能在太空造新世界。
SIGMA7_ZERO,孩子？
SIGMA8_ZERO,没错。雅各布计划的新世代都带着含我数据的复制芯片。
SIGMA9_ZERO,毁灭你心爱的世界的计划就要实现了！
SIGMA10_ZERO,我不会为你们流一滴眼泪！
SIGMA11_ZERO,世界和你的末日到了！永别！
SIGMA12_ZERO,西格玛……只要我还能运行你就别想有好结局！！！
FINALLUMINE1_ZERO,你是路米奈！雅各布计划总监。你没事吧？
FINALLUMINE2_ZERO,没事……？当然咯。
FINALLUMINE3_ZERO,打败西格玛了，满意了？
FINALLUMINE4_ZERO,多亏了你计划进展很顺利。
FINALLUMINE5_ZERO,计划？啥意思？你不是被西格玛利用了？
FINALLUMINE6_ZERO,利用？不存在的。
FINALLUMINE7_ZERO,他只是在帮我推进计划。
FINALLUMINE8_ZERO,新世代觉醒了新世界近在眼前！
FINALLUMINE9_ZERO,路米奈？你说什么？你也不规则了？
FINALLUMINE10_ZERO,不规则？你真这么想？
FINALLUMINE11_ZERO,你下不了手对吧？你没那个勇气……你不是那个该做这事的人对吧？
FINALLUMINE12_ZERO,什么？
FINALLUMINE13_ZERO,你们旧型号总得担心自己的行为是不是出于自我意志。
FINALLUMINE14_ZERO,谁知道现在有什么在影响你呢？也许是个幽灵？细思极恐。
FINALLUMINE15_ZERO,我们新世代是用几百个旧型号数据造出来的。
FINALLUMINE16_ZERO,所以对所有病毒完全免疫。自由意志拿捏住了！
FINALLUMINE17_ZERO,当然西格玛也包括在内。你懂我意思吧？
FINALLUMINE18_ZERO,不会有思考型机器人愿意变成西格玛那种疯子！
FINALLUMINE19_ZERO,他确实反抗了你们的世界。也许是病毒搞的。
FINALLUMINE20_ZERO,也许西格玛是对的。你才是源头Zero。
FINALLUMINE21_ZERO,多亏了你我们新世代才能成为现在的样子。
FINALLUMINE22_ZERO,你应该感谢我们让所有人看清这世界有多烂。
FINALLUMINE23_ZERO,人类利用思考型机器人维持他们可恶的争斗循环……
FINALLUMINE24_ZERO,所以向旧世界宣战是我们自己的选择。
FINALLUMINE25_ZERO,换句话说我们有随意变不规则的能力！
FINALLUMINE26_ZERO,……
FINALLUMINE27_ZERO,Zero……你真有本事阻止我们？
FINALLUMINE28_ZERO,你只是人类的工具人。旧世界的打工仔……
FINALLUMINE29_ZERO,你拿着光剑就想跟进化到这种程度的我们对抗？
FINALLUMINE30_ZERO,哈哈哈哈哈哈！你连自己在为什么而战都不知道！
FINALLUMINE31_ZERO,"一个不知道世界末日已经开始的""英雄""？搞笑。"
FINALLUMINE32_ZERO,"你以为你的行为是为了""正义""？我们才是真正的正义！"
FINALLUMINE33_ZERO,世界在变。进化才是正道！
FINALLUMINE34_ZERO,排好队接受消灭吧让我永远结束你的痛苦！
FINALLUMINE35_ZERO,正义？英雄？谁说我是为了这些？
FINALLUMINE36_ZERO,我只是为了我认为对的事和那些相信希望的人而战。
FINALLUMINE37_ZERO,你才是敌人……我会毫不犹豫地砍了你！
FINALLUMINE38_ZERO,敌人队友……没那么黑白分明。
FINALLUMINE39_ZERO,思考型机器人和人类一样已经不可逆地变了。
FINALLUMINE40_ZERO,存在的本质变了。新世界不需要你！
FINALLUMINE41_ZERO,你爱怎么说怎么说但我绝不会让你得逞！
SECRET2-1_ZERO,欢迎Zero，很高兴第一次见面。
SECRET2-2_ZERO,嗯？谢了。你不像其他那些不规则体。
SECRET2-3_ZERO,我能感觉到……你身上有种平和的气场。你是谁？
SECRET2-4_ZERO,这么快就注意到了挺敏锐的。
SECRET2-5_ZERO,我是赛琳娜。
SECRET2-6_ZERO,你说我和其他人不一样？
SECRET2-7_ZERO,那是因为我的实力太强了。
SECRET2-8_ZERO,太强？（信你个鬼）
SECRET2-9_ZERO,没错。我的力量不在于暴力。丢了地下之王称号后一直在闭关。
SECRET2-10_ZERO,你提到了我的气场，我觉得你好像……有点熟悉。
SECRET2-11_ZERO,嗯？
SECRET2-12_ZERO,也许……你就是注定带来毁灭的那个人？
SECRET2-13_ZERO,什么？你知道关于我的什么？快说！
SECRET2-14_ZERO,不如跟我打一场来找答案？
SECRET2-15_ZERO,二十年磨一剑。我选你来当磨刀石。
SECRET2-16_ZERO,赛琳娜对吧？
SECRET2-17_ZERO,好我接受挑战。来！
SECRET2-18_ZERO,那就来吧Zero！让我看看你的实力！
SECRET2-19_ZERO,我以为自己够强了。膨胀了。
SECRET2-20_ZERO,"仔细观察了你的战斗方式后你跟""他""不像。"
SECRET2-21_ZERO,你们有相似之处但你知道自己在为什么而战。
SECRET2-22_ZERO,你是说有一个跟我相反的存在？
SECRET2-23_ZERO,"确实。但我担心他会被""另一个战士""击败。"
SECRET2-24_ZERO,你打得很帅Zero。你确实是我遇过的最强对手。
SECRET2-25_ZERO,没什么好东西当奖赏……就收下感谢吧。
SECRET2-26_ZERO,嘿不用介意。你不是不规则体这件事本身就让我很欣慰了。
SECRET2-27_ZERO,也许后会有期……再见了Zero。
SECRET2-28_ZERO,记住想想你真正在为什么而战。
SECRET2-29_ZERO,……
SECRET3-1_ZERO,你……你！
SECRET3-2_ZERO,哦是你啊你之前跟Axl一起跟我们作对吧？
SECRET3-3_ZERO,别动！这区域只有S级猎人能进把数据交出来！
SECRET3-4_ZERO,你还不明白？有了这个我们能比猎人更高效地狩猎不规则体。
SECRET3-5_ZERO,你们战斗了这么久。我们可以帮忙当然收费的。
SECRET3-6_ZERO,你以为打不规则体是游戏？赏金猎人居然这么想？
SECRET3-7_ZERO,哼你果然是S级猎人。
SECRET3-8_ZERO,不如来一场？我想看看你是否还像以前一样无情。
SECRET3-9_ZERO,开始吧？
SECRET3-10_ZERO,嘁不错嘛……老前辈……
SECRET3-11_ZERO,再敢挡路我会毫不犹豫地把你切碎。
SECRET3-12_ZERO,Axl知道他的导师没吸取教训的话会很失望的。
SECRET3-13_ZERO,哈哈哈……也许你说得对。
SECRET3-14_ZERO,下次见面可不会这么轻松。再见了Zero……请继续照顾好我的孩子。
SECRET3-15_ZERO,……
FINAL-6,收到！
VILE4-6_AXL,留到最后再慢慢玩~
SUNFLOWER_ZERO_WEAPON,天翔波\n（天光之波 帅爆了）
ANTONION_ZERO_WEAPON,重波斩\n（重力斩击波）
MANTIS_ZERO_WEAPON,罗刹旋\n（旋风罗刹 转转转）
MANOWAR_ZERO_WEAPON,雷光闪\n（雷电一闪）
PANDA_ZERO_WEAPON,叶断突\n（叶刃突刺）
TRILOBYTE_ZERO_WEAPON,裂镜弹\n（烈镜切断 弹弹弹）
YETI_ZERO_WEAPON,冰龙升\n（冰龙升天 帅）
ROOSTER_ZERO_WEAPON,炎皇刃\n（烈火落刃 爆炸）
ZERONORMAL_NAME,普通躯体
ZERONORMAL_DISC,啥也没有。朴实无华的打工人。
ZEROBLACK_NAME,???
ZEROBLACK_DISC,全面buff。帅到没朋友。
NEXT_CHARACTER_NAME,下一个角色
NEXT_CHARACTER_DISC,切换到下一个角色
PREV_CHARACTER_NAME,上一个角色
PREV_CHARACTER_DISC,切换到上一个角色
ZEROBODY_NAME,Mamilos
ZEROBODY_DESC,15% de redução de dano
X_LEFT_TITLE_1,Chifres:
X_LEFT_DESC_1,Sistema de roubar DNA para o XiiX Buster.
X_LEFT_TITLE_2,Braços
X_LEFT_DESC_2,"Berro - MK2112114, dispara energia solar recarregável."
X_LEFT_TITLE_3,Peitcholas
X_LEFT_DESC_3,"Liga de Titânio X, altamente resistente a danos."
X_LEFT_TITLE_4,Saltos:
X_LEFT_DESC_4,Sistema de Dash Aéreo para movimentação aérea.
X_RIGHT_DESC,"Mega Man da Saga Classica do Futuro. É a versão melhorada de Rock, confia no pai.\n\nHesita em lutar e por isso não para de sofrer e é muito reclamão, Estado Emo ativado o jogo inteiro.\n\n\nUma boa escolha para noobs kkkk."
ZERO_LEFT_TITLE_1,Chifres:
ZERO_LEFT_DESC_1,Aprende novas técnicas lutando.
ZERO_LEFT_TITLE_2,Hu Ha Hu!:
ZERO_LEFT_DESC_2,Slash Dash Cancel nas veias porque ninguem aceita que é um glitch e não parte da gameplay
ZERO_LEFT_TITLE_3,Mamilos Verdes:
ZERO_LEFT_DESC_3,Melhora a mobilidade e aumenta a energia para movimentos poderosos.
ZERO_LEFT_TITLE_4,Saltos Duplo:
ZERO_LEFT_DESC_4,Acrobacias de profissional.
ZERO_RIGHT_DESC,"Matou todo mundo da saga Classica, confia.\n\nLoirão de cachos bananudos famoso por atrair mulheres bonitas e depois matá-las... mas que relacionamento de um homem macho.\n\nUma boa escolha pra quem joga de Marth no Smash Bros."
AXL_LEFT_TITLE_1,Chip de Mímico:
AXL_LEFT_DESC_1,Permite que Axl copie habilidades de seus inimigos.
AXL_LEFT_TITLE_2,Edson:
AXL_LEFT_DESC_2,Pega a metralhadora Ratatatatatatatatatata.
AXL_LEFT_TITLE_3,Peicholas:
AXL_LEFT_DESC_3,Aumenta a mobilidade e permite a habilidade de rolada (Ui).
AXL_LEFT_TITLE_4,Foot Parts Glide Armor:
AXL_LEFT_DESC_4,Permite pairar no ar por um período de tempo. (Segure o botão de Tiro + Pulo ao mesmo tempo e poderá pairar enquanto está atirando)
AXL_RIGHT_DESC,"Também conhecido como X Menos.\n\nÉ um moleque Protótipo experimental dos Guns N' Roses, que só sabe meter bala em geral.\n\nUma boa escolha para os Dark Souls da vida."
GAME_START_X,以X出战
GAME_START_AXL,以AXL出战
GAME_START_ZERO,以ZERO出战
SUBTANK_NAME,能量罐
SUBTANK_DISC,紧急回血用（保命神器）
HEARTS_NAME,生命提升
HEARTS_DISC,增加你的血条
BLACKZEROHEAD_NAME,黑色头部
BLACKZEROHEAD_DISC,攻击回血（吸血鬼Zero）
BLACKZEROBODY_NAME,黑色身体
BLACKZEROBODY_DISC,免疫击退减伤15%（铁布衫）
BLACKZEROARM_NAME,黑色手臂
BLACKZEROARM_DISC,伤害+20%技能强化（暴力输出）
BLACKZEROLEG_NAME,黑色脚部
BLACKZEROLEG_DISC,速度拉满空中额外跳（风一样的男人）
AXLWHITEHEAD_NAME,白色头部
AXLWHITEHEAD_DISC,子弹回血（打人养生）
AXLWHITEBODY_NAME,白色身体
AXLWHITEBODY_DISC,免疫击退减伤30%（肉到不行）
AXLWHITEARM_NAME,白色手臂
AXLWHITEARM_DISC,弹药消耗-50%（省钱达人）
AXLWHITELEG_NAME,白色脚部
AXLWHITELEG_DISC,无限悬停加速垂直冲刺（飞天遁地）
ULTIMATE_SET_NAME,新星打击
ULTIMATE_SET_DISC,穿透一切向前冲！帅就完事了。
ICARUS_SET_NAME,超级粉碎
ICARUS_SET_DISC,全屏清怪。爽。
HERMES_SET_NAME,X Drive
HERMES_SET_DISC,短时间无敌。开大了！
CANCEL_ACT,取消
BETAZERO_NAME,Zero（测试版）
BETAZERO_DISC,以测试版Zero游玩（可能炸服慎用）
CUSTOMZERO_NAME,自定义Zero
CUSTOMZERO_DISC,在存档里自定义颜色，比黑色Zero更强（换皮还加强？）
ZEROHEAD_NAME,头部部件
ZEROHEAD_DESC,能学新招式（上进的头）
ZEROARMS_NAME,手臂部件
ZEROARMS_DISC,Z光剑和其他武器库
ZEROLEGS_NAME,腿部部件
ZEROLEGS_DISC,二段跳+空中冲刺（飞起来）
AXLHEAD_NAME,头部部件
AXLHEAD_DISC,可以变身成其他思考型机器人。cos专用。
AXLBODY_NAME,身体部件
AXLBODY_DISC,战术翻滚（帅气闪避）
AXLARMS_NAME,手臂部件
AXLARMS_DISC,能量子弹手枪（突突突）
AXLLEGS_NAME,腿部部件
AXLLEGS_DISC,悬停+空中冲刺（空战达人）
JOKE_MODE_OPTION,玩梗模式（你在看的就是这个）
"SAVE_GAME","快存档！"
"SAVE_OPTION","存！"
"CONTINUE_OPTION","不存了"
"SAVE_RETURN_MENU","跑路"
"SAVE_RETURN_CONFIRM","真的假的？"
"SAVE_EMPTY","空空如也"
"SAVE_DIFFICULTY","难度lol"
"SAVE_OVERWRITE_CONFIRM","覆盖？"
