"key","zh_CN"
"TOTAL_TIME","总时间"
"DISCLAIMER1","这是一款免费同人游戏。\n\n本作与卡普空及其子公司或关联公司没有任何隶属、关联、授权、认可或官方联系。\n\n洛克人X是卡普空的财产。\n请支持官方正版！"
"MADE_BY","个人独立项目"
"INSPIRED_BY","灵感来源"
"SPECIALTHANKSTEXT","本模组由Zashiko制作\n\n反编译：pirate\n项目整理：Rafael Setragni & Claude (AI)\n\n特别感谢所有模组贡献者和测试人员。\n重新翻译：ElevenSSF2 (Mint)"
"16-BIT_TITLE","16位"
"OPTIONS_START","选项模式"
"KEYCFG_START","按键设置"
"GAME_START","开始游戏"
"GAME_START_NORMAL","普通模式"
"GAME_START_ROOKIE","新手模式"
"GAME_START_HARD","困难模式"
"GAME_START_INSANITY","疯狂模式"
"GAME_START_NINJA","忍者龙剑传模式"
"LOAD_GAME","读取存档"
"ON_VALUE","开"
"ON_VALUE_B","替代"
"OFF_VALUE","关"
"EXIT_BUTTON","退出"
"ARMORSETUP_TITLE","装甲设置"
"LOADOUT_DISC","选择你的装备。"
"DEFAULTHEAD_NAME","默认头部"
"DEFAULTHEAD_DISC","默认部件。"
"DEFAULTBODY_NAME","默认躯体"
"DEFAULTBODY_DISC","默认部件。"
"DEFAULTARMS_NAME","默认手炮"
"DEFAULTARMS_DISC","默认部件。"
"DEFAULTLEGS_NAME","默认脚部"
"DEFAULTLEGS_DISC","默认部件。可以空中冲刺。"
"HERMESHEAD_NAME","头部组件H"
"HERMESHEAD_DISC","手炮蓄力速度加快。"
"HERMESBODY_NAME","躯体组件H"
"HERMESBODY_DISC","手炮命中时恢复受到的伤害。"
"HERMESARMS_NAME","手炮组件H"
"HERMESARMS_DISC","武器射击不消耗弹药。"
"HERMESLEGS_NAME","脚部组件H"
"HERMESLEGS_DISC","冲刺时无敌。"
"ICARUSHEAD_NAME","头部组件I"
"ICARUSHEAD_DISC","跳跃时产生伤害区域。"
"ICARUSBODY_NAME","躯体组件I"
"ICARUSBODY_DISC","免疫击退。"
"ICARUSARMS_NAME","手炮组件I"
"ICARUSARMS_DISC","蓄力射击不消耗弹药。"
"ICARUSLEGS_NAME","脚部组件I"
"ICARUSLEGS_DISC","高跳跃 & 双重空中冲刺。"
"ULTIMATEHEAD_NAME","头部组件U"
"ULTIMATEHEAD_DISC","跳跃时产生伤害区域并加快蓄力。"
"ULTIMATEBODY_NAME","躯体组件U"
"ULTIMATEBODY_DISC","无击退并且手炮命中时恢复伤害。"
"ULTIMATEARMS_NAME","终极手炮"
"ULTIMATEARMS_DISC","射击不消耗弹药。"
"ULTIMATELEGS_NAME","脚部组件U"
"ULTIMATELEGS_DISC","机动性增强及无敌冲刺。"
"AXLNORMAL_NAME","标准装甲"
"AXLNORMAL_DISC","无特殊能力。"
"AXLWHITE_NAME","???"
"AXLWHITE_DISC","全面强化。"
"TANK_ABV","副油箱"
"OPTIONS_ABV","选项"
"KEYCFG_ABV","按键"
"ACHIEV_ABV","成就"
"X_WPNMENU","X手炮"
"SUNFLOWER_WPNMENU","光学护盾"
"ANTONION_WPNMENU","挤压炸弹"
"MANTIS_WPNMENU","暗之箭"
"MANOWAR_WPNMENU","雷霆舞者"
"PANDA_WPNMENU","爆裂发射器"
"TRILOBYTE_WPNMENU","水晶弹跳"
"YETI_WPNMENU","漂移钻石"
"ROOSTER_WPNMENU","烈火冲刺"
"AXL_WPNMENU","艾克斯子弹"
"SUNFLOWER_AXL_WPNMENU","射线枪"
"ANTONION_AXL_WPNMENU","螺旋麦格农"
"MANTIS_AXL_WPNMENU","暗黑之箭"
"MANOWAR_AXL_WPNMENU","等离子枪"
"PANDA_AXL_WPNMENU","爆裂发射器"
"TRILOBYTE_AXL_WPNMENU","反弹爆破枪"
"YETI_AXL_WPNMENU","冰霜加特林"
"ROOSTER_AXL_WPNMENU","火焰喷射器"
"SUNFLOWER_ZERO_WPNMENU","天翔波"
"ANTONION_ZERO_WPNMENU","重波斩"
"MANTIS_ZERO_WPNMENU","罗刹旋"
"MANOWAR_ZERO_WPNMENU","雷光闪"
"PANDA_ZERO_WPNMENU","叶断突"
"TRILOBYTE_ZERO_WPNMENU","裂镜弹"
"YETI_ZERO_WPNMENU","冰龙升"
"ROOSTER_ZERO_WPNMENU","焰皇刃"
"SUNFLOWER_ZERO_DISC","下 + 射击2"
"ANTONION_ZERO_DISC","射击2"
"MANTIS_ZERO_DISC","射击2（空中）"
"MANOWAR_ZERO_DISC","冲刺 + 射击2"
"PANDA_ZERO_DISC","左/右 + 射击2"
"TRILOBYTE_ZERO_DISC","被动"
"YETI_ZERO_DISC","上 + 射击2"
"ROOSTER_ZERO_DISC","下 + 射击2（空中）"
"ZERO_WPNMENU","Z光剑"
"BFAN_WPNMENU","B扇"
"DGLAIVE_WPNMENU","D薙刀"
"TBREAKER_WPNMENU","T碎击者"
"KKNUCKLE_WPNMENU","K拳套"
"VHANGER_WPNMENU","V悬挂者"
"SIGMABLADE_WPNMENU","西格玛之刃"
"YOUGOT_TITLE","获得了"
"SUNFLOWER_WEAPON","光学护盾"
"ANTONION_WEAPON","挤压炸弹"
"MANTIS_WEAPON","暗之箭"
"MANOWAR_WEAPON","雷霆舞者"
"PANDA_WEAPON","爆裂发射器"
"TRILOBYTE_WEAPON","水晶弹跳"
"YETI_WEAPON","漂移钻石"
"ROOSTER_WEAPON","烈火冲刺"
"OPTIONS_TITLE","选项"
"LANGUAGE_OPTION","语言"
"BOSS_REMIX_OPTION","Boss混音"
"REMIX_OPTION","16位混音"
"DT_DASH_OPTION","双击冲刺"
"SKIP_DIAG_OPTION","可跳过对话"
"CHARGE_OPTION","蓄力淡出"
"ACHIEV_OPTION","显示成就"
"MUSIC_OPTION","音乐音量"
"SOUND_OPTION","音效音量"
"VSync","垂直同步"
"FPS_OPTION","目标帧率"
"FPS_PHYSICS_OPTION","物理帧率"
"FPS_UNCAPPED","无上限"
"WSIZE_OPTION","窗口大小"
"FULLSCREEN_OPTION","全屏"
"STRETCH_OPTION","拉伸模式"
"STRETCH_OPTION_VIEWPORT","无插值"
"STRETCH_OPTION_2D","插值"
"CRT_OPTION","CRT滤镜"
"LIGHT_VALUE","轻度"
"STRONG_VALUE","强烈"
"DEBUG_OPTION","显示调试"
"SHOWIGT_OPTION","显示游戏时间"
"GATEWAYSKIP_OPTION","跳过入口"
"ASPECT_OPTION","画面比例"
"IGNORE_VALUE","忽略"
"KEEP_VALUE","保持"
"KEYCFG_TITLE","按键设置"
"EXIT_MAINMENU","返回标题画面"
"ACTION_CTG","动作"
"KEYBOARD_CTG","键盘"
"JOYPAD_CTG","手柄"
"LEFT_ACT","左"
"RIGHT_ACT","右"
"NEWGAME_OPTION","新游戏+"
"CLEARSAVE_OPTION","清除存档并重置"
"CLEARSAVE_CONFIRM","再次按下确认"
"RESET_ACHIEV","清除成就进度"
"CLEARSAVE_CONFIRM","再次按下确认"
"RESET_ACHIEV_FINISHED","成就进度已清除。"
"UP_ACT","上"
"DOWN_ACT","下"
"SHOT_ACT","射击"
"SHOT2_ACT","射击2"
"JUMP_ACT","跳跃"
"DASH_ACT","冲刺"
"ARMORABILITY_ACT","装甲能力"
"PREV_ACT","上一个武器"
"NEXT_ACT","下一个武器"
"PAUSE_ACT","暂停菜单"
"CONFIRM_ACT","菜单确认"
"WPNLEFT_ACT","轮盘左"
"WPNRIGHT_ACT","轮盘右"
"WPNUP_ACT","轮盘上"
"WPNDOWN_ACT","轮盘下"
"WPNRESET_ACT","选择手炮"
"ACHIEV_SCREEN_TITLE","成就"
"ACHIEVEMENTSUNLOCKED","已获得成就"
"DEBUGACHIEVTITLE","未解锁成就..."
"DEBUGACHIEVDISC","使用了调试模式。"
"BEATINTRO_DISC","击败了诺亚公园的Boss。"
"BEATINTRO_TITLE","很高兴再次见到你"
"COLLECTALLHEARTS_DISC","收集了所有心形容器。"
"COLLECTALLHEARTS_TITLE","疾风行者"
"COLLECTALLSUBTANKS_DISC","收集了所有副油箱。"
"COLLECTALLSUBTANKS_TITLE","极限脱出"
"COLLECTFULLHERMES_DISC","收集了所有赫尔墨斯装甲部件。"
"COLLECTFULLHERMES_TITLE","灵魂擦除者"
"COLLECTFULLICARUS_DISC","收集了所有伊卡洛斯装甲部件。"
"COLLECTFULLICARUS_TITLE","指令任务"
"SURFEDONMISSILE_DISC","在空中冲浪了6秒。"
"SURFEDONMISSILE_TITLE","炸弹冲浪赛博朋克"
"DEFEATEDALL_DISC","击败了全部8位非正规Boss。"
"DEFEATEDALL_TITLE","轨道电梯"
"DEFEATEDANY_DISC","击败了任意一位非正规Boss。"
"DEFEATEDANY_TITLE","新世代思考型机器人"
"GIGACRUSHKILL_DISC","用超级粉碎击杀了Boss。"
"GIGACRUSHKILL_TITLE","大灾难"
"PELEDOSGAMES_DISC","击败Boss后巧妙地掂接了装甲。"
"PELEDOSGAMES_TITLE","游戏中的贝利"
"PERFECTKILL_DISC","在不使用特殊武器、不受伤、不升级的情况下击败了任意Boss。"
"PERFECTKILL_TITLE","狼之印记"
"XDRIVEDODGE_DISC","在必杀攻击期间使用了X驱动。"
"XDRIVEDODGE_TITLE","忍者之印记"
"GIGACRUSHKILL_DISC","用超级粉碎击杀了Boss。"
"GIGACRUSHKILL_TITLE","大灾难"
"ANTONIONBUSTERONLY_DISC","不使用特殊武器击败了重力·蚁獅王。"
"ANTONIONBUSTERONLY_TITLE","别给我贴标签"
"ANTONIONNAKED_DISC","不装备任何升级击败了重力·蚁獅王。"
"ANTONIONNAKED_TITLE","并非追求赞美"
"ANTONIONNODAMAGE_DISC","不受伤击败了重力·蚁獅王。"
"ANTONIONNODAMAGE_TITLE","不可思议的科学家"
"ANTONIONNOROTATION_DISC","在不旋转关卡且不死亡的情况下到达了报春花的终点。"
"ANTONIONNOROTATION_TITLE","传送门"
"MANOWARBUSTERONLY_DISC","不使用特殊武器击败了千兆伏特·僧帽水母。"
"MANOWARBUSTERONLY_TITLE","我完全掌控着自己"
"MANOWARNAKED_DISC","不装备任何升级击败了千兆伏特·僧帽水母。"
"MANOWARNAKED_TITLE","你到底是谁？"
"MANOWARNODAMAGE_DISC","不受伤击败了千兆伏特·僧帽水母。"
"MANOWARNODAMAGE_TITLE","我没有做错什么"
"MANOWARDOOREXPLODED_DISC","突破了王朝关。"
"MANOWARDOOREXPLODED_TITLE","全速前进"
"MANTISBUSTERONLY_DISC","不使用特殊武器击败了暗黑·螳螂。"
"MANTISBUSTERONLY_TITLE","让我的刀刃告诉你"
"MANTISNAKED_DISC","不装备任何升级击败了暗黑·螳螂。"
"MANTISNAKED_TITLE","不可能变成非正规，小子"
"MANTISNODAMAGE_DISC","不受伤击败了暗黑·螳螂。"
"MANTISNODAMAGE_TITLE","你珍视的""正义"""
"MANTISLIT_DISC","在漆黑中终结了黑暗。"
"MANTISLIT_TITLE","黑暗中的光芒"
"MANTISUNDETECTED_DISC","在漆黑中躲过了所有探照灯。"
"MANTISUNDETECTED_TITLE","影子战术"
"PANDABUSTERONLY_DISC","不使用特殊武器击败了竹林·熊猫大闹。"
"PANDABUSTERONLY_TITLE","唯一的目的就是毁灭"
"PANDANAKED_DISC","不装备任何升级击败了竹林·熊猫大闹。"
"PANDANAKED_TITLE","我们别无选择只能战斗"
"PANDANODAMAGE_DISC","不受伤击败了竹林·熊猫大闹。"
"PANDANODAMAGE_TITLE","你自己没想过吗？"
"PANDARIDEREACHED_DISC","驾驶骑乘装甲独眼巨人到达了增压森林的终点。"
"PANDARIDEREACHED_TITLE","机甲战士"
"ROOSTERBUSTERONLY_DISC","不使用特殊武器击败了烈焰·公鸡。"
"ROOSTERBUSTERONLY_TITLE","我必须付出的代价"
"ROOSTERNAKED_DISC","不装备任何升级击败了烈焰·公鸡。"
"ROOSTERNAKED_TITLE","被贴上非正规标签"
"ROOSTERNODAMAGE_DISC","不受伤击败了烈焰·公鸡。"
"ROOSTERNODAMAGE_TITLE","这不是普通的暴动"
"ROOSTERFROZEN_DISC","在地狱关阻止了岩浆墙。"
"ROOSTERFROZEN_TITLE","冥界"
"SUNFLOWERBUSTERONLY_DISC","不使用特殊武器击败了光学·向日葵。"
"SUNFLOWERBUSTERONLY_TITLE","没人能控制我们"
"SUNFLOWERNAKED_DISC","不装备任何升级击败了光学·向日葵。"
"SUNFLOWERNAKED_TITLE","我们不是怪物"
"SUNFLOWERNODAMAGE_DISC","不受伤击败了光学·向日葵。"
"SUNFLOWERNODAMAGE_TITLE","我们追求的东西"
"SUNFLOWERGOTSSSRANK_DISC","在单次通关中所有挑战都获得了S评价。"
"SUNFLOWERGOTSSSRANK_TITLE","重力回路"
"TRILOBYTEBUSTERONLY_DISC","不使用特殊武器击败了大地·三叶虫。"
"TRILOBYTEBUSTERONLY_TITLE","我们开采的矿石"
"TRILOBYTENAKED_DISC","不装备任何升级击败了大地·三叶虫。"
"TRILOBYTENAKED_TITLE","旧废铁堆"
"TRILOBYTENODAMAGE_DISC","不受伤击败了大地·三叶虫。"
"TRILOBYTENODAMAGE_TITLE","无脑的非正规猎人"
"YETIBUSTERONLY_DISC","不使用特殊武器击败了雪崩·雪人。"
"YETIBUSTERONLY_TITLE","已经太晚了……"
"YETINAKED_DISC","不装备任何升级击败了雪崩·雪人。"
"YETINAKED_TITLE","你们这些旧型号思考型机器人"
"YETINODAMAGE_DISC","不受伤击败了雪崩·雪人。"
"YETINODAMAGE_TITLE","渺小的非正规猎人"
"YETIDOOREXPLODED_DISC","突破了中央白色关。"
"YETIDOOREXPLODED_TITLE","音速冲刺"
"VILEJAKOBBUSTERONLY_DISC","不使用特殊武器击败了瓦伊尔。"
"VILEJAKOBBUSTERONLY_TITLE","拼凑真相"
"VILEJAKOBNAKED_DISC","不装备任何升级击败了瓦伊尔。"
"VILEJAKOBNAKED_TITLE","为了注定毁灭的世界"
"VILEJAKOBNODAMAGE_DISC","不受伤击败了瓦伊尔。"
"VILEJAKOBNODAMAGE_TITLE","在这种时候"
"VILEDEFEATEDTWICE_DISC","击败了瓦伊尔两次。"
"VILEDEFEATEDTWICE_TITLE","小小的重逢"
"VILEDEVILBEARDEFEATED_DISC","在战斗结束前击败了恶魔熊。"
"VILEDEVILBEARDEFEATED_TITLE","钢铁突击"
"VILEJAKOBDEFEATED_DISC","在轨道电梯顶部击败了瓦伊尔。"
"VILEJAKOBDEFEATED_TITLE","通往太空之路"
"VILESIGMADEFEATED_DISC","在西格玛宫殿击败了瓦伊尔。"
"VILESIGMADEFEATED_TITLE","希望犹存"
"GATEWAYFIESTA_DISC","在入口关中通过了最难的挑战。"
"GATEWAYFIESTA_TITLE","亡命之徒"
"COPYBUSTERONLY_DISC","不使用特殊武器击败了冒充者。"
"COPYBUSTERONLY_TITLE","你的世界已经腐朽"
"COPYNAKED_DISC","不装备任何升级击败了冒充者。"
"COPYNAKED_TITLE","阻止什么？"
"COPYNODAMAGE_DISC","不受伤击败了冒充者。"
"COPYNODAMAGE_TITLE","我确实是西格玛"
"COPYDEFEATED_DISC","击败了冒充者。"
"COPYDEFEATED_TITLE","是时候进行最终决战了"
"SIGMANAKED_DISC","不装备任何升级击败了西格玛。"
"SIGMANAKED_TITLE","新世界的统治者"
"SIGMANODAMAGE_DISC","不受伤击败了西格玛。"
"SIGMANODAMAGE_TITLE","我们的相遇是命中注定"
"LUMINENAKED_DISC","不装备任何升级击败了最终Boss。"
"LUMINENAKED_TITLE","我想你已经满意了吧"
"LUMINENODAMAGE_DISC","不受伤击败了最终Boss。"
"LUMINENODAMAGE_TITLE","我当然没事"
"SERAPHNAKED_DISC","不装备任何升级击败了最终Boss第二阶段。"
"SERAPHNAKED_TITLE","你有那个能力吗？"
"SERAPHNODAMAGE_DISC","不受伤击败了最终Boss第二阶段。"
"SERAPHNODAMAGE_TITLE","被诅咒的侵略循环"
"SERAPHDEFEATED_DISC","通关了游戏。"
"SERAPHDEFEATED_TITLE","旧世界的工具"
"SECRET1DEFEATED_DISC","击败了隐藏Boss。"
"SECRET1DEFEATED_TITLE","时间的回廊"
"SECRET2DEFEATED_DISC","击败了隐藏Boss #2。"
"SECRET2DEFEATED_TITLE","六道轮回"
"SECRET3DEFEATED_DISC","击败了隐藏Boss #3。"
"SECRET3DEFEATED_TITLE","双重命运"
"COLLECTBLACKZERO_TITLE","非正规最恐怖的噩梦"
"COLLECTBLACKZERO_DISC","解锁黑色装甲。去吧，我最伟大的杰作，你是世上最强的机器人。"
"COLLECTWHITEAXL_TITLE","未知之力"
"COLLECTWHITEAXL_DISC","解锁白色装甲。尽管经历了一切，那还是你……对吧？"
"COLLECTULTIMATEX_TITLE","为了永恒的和平"
"COLLECTULTIMATEX_DISC","解锁终极装甲。去吧，非正规猎人，你是人类最后的希望。"
"ZERODEFEATED_DISC","击败觉醒形态的杰洛。"
"ZERODEFEATED_TITLE","决定性的战斗"
"STAGE_DC","关卡"
"BOSS_DC","Boss"
"COMPLETION_DC","通关"
"NOAHSPARK_STAGE","诺亚公园"
"NOAHSPARK_NAME","螃蟹王-Y"
"SUNFLOWER_STAGE","特洛伊基地"
"SUNFLOWER_NAME","光学·向日葵"
"ANTONION_STAGE","报春花"
"ANTONION_NAME","重力·蚁獅王"
"MANTIS_STAGE","漆黑"
"MANTIS_NAME","暗黑·螳螂"
"MANOWAR_STAGE","王朝"
"MANOWAR_NAME","千兆伏特·僧帽水母"
"PANDA_STAGE","增压森林"
"PANDA_NAME","竹林·熊猫大闹"
"TRILOBYTE_STAGE","金属谷"
"TRILOBYTE_NAME","大地·三叶虫"
"YETI_STAGE","中央白色"
"YETI_NAME","雪崩·雪人"
"ROOSTER_STAGE","地狱"
"ROOSTER_NAME","烈焰·公鸡"
"JAKOB_STAGE","雅各布电梯"
"GATEWAY_STAGE","入口"
"SIGMA_STAGE","西格玛宫殿"
"HERMESHEAD1","X……我曾预料到总有一天会发生这样的事，所以为你准备了部件。"
"HERMESHEAD2","这次，你试试头部组件H。"
"HERMESHEAD3","装备这个部件后，你的武器蓄力速度会加快。"
"HERMESHEAD4","进入胶囊来装备这个新能力吧，X。"
"HERMESBODY1","X……我曾预料到总有一天会发生这样的事，所以为你准备了部件。"
"HERMESBODY2","来……试试躯体组件H。"
"HERMESBODY3","装备这个部件后，你就能通过攻击或消灭敌人来恢复受到的伤害。"
"HERMESBODY4","进入胶囊来装备这个新能力吧，X。"
"HERMESARMS1","X……我曾预料到总有一天会发生这样的事，所以为你准备了部件。"
"HERMESARMS2","来，试试这些手炮组件H。"
"HERMESARMS3","装备这个部件后，你将获得扩散蓄力射击攻击。"
"HERMESARMS4","你的武器在发射时也不会消耗能量，除了蓄力射击时。"
"HERMESARMS5","进入胶囊来装备这个新能力吧，X。"
"HERMESLEGS1","X……我曾预料到总有一天会发生这样的事，所以为你准备了部件。"
"HERMESLEGS2","试试这些脚部组件H。"
"HERMESLEGS3","它会让你的冲刺在地面和空中都免受敌人攻击。"
"HERMESLEGS4","进入胶囊来装备这个新能力吧，X。"
"ICARUSHEAD1","X……我曾预料到总有一天会发生这样的事，所以为你准备了部件。"
"ICARUSHEAD2","给你……头部组件I。"
"ICARUSHEAD3","装备这个部件后，你只需在敌人附近跳跃就能对他们造成伤害。"
"ICARUSHEAD4","进入胶囊来装备这个新能力吧，X。"
"ICARUSBODY1","X……我曾预料到总有一天会发生这样的事，所以为你准备了部件。"
"ICARUSBODY2","这次，你试试躯体组件I。"
"ICARUSBODY3","装备后，你受到的伤害会减少，而且敌人无法击退你。"
"ICARUSBODY4","进入胶囊来装备这个新能力吧，X。"
"ICARUSARMS1","X……我曾预料到总有一天会发生这样的事，所以为你准备了部件。"
"ICARUSARMS2","我为你准备了新部件……这是手炮组件I。"
"ICARUSARMS3","装备这个部件后，你将获得发射强力激光蓄力射击的能力。"
"ICARUSARMS4","另外，使用特殊武器的蓄力攻击时不会消耗能量。"
"ICARUSARMS5","进入胶囊来装备这个新能力吧，X。"
"ICARUSLEGS1","X……我曾预料到总有一天会发生这样的事，所以为你准备了部件。"
"ICARUSLEGS2","这些新部件是……脚部组件I。"
"ICARUSLEGS3","装备这个部件后，你可以跳得比平时高很多，并能进行两次空中冲刺。"
"ICARUSLEGS4","进入胶囊来装备这个新能力吧，X。"
"INTRO2-1","这里是X！我正在接近轨道电梯附近的事故现场！"
"INTRO2-2","这里到处都是非正规！"
"INTRO2-3","我将前往现场。收到我的信号后请派出救援机械体！"
"INTRO2-4","收到！"
"INTRO2-5","西……西格玛……！？"
"INTRO2-6","为了在事故中保护自己免受伤害……"
"INTRO2-7","我们不得不复制了坚固的西格玛身体。"
"INTRO2-8","我们新世代思考型机器人对所有病毒拥有完全的免疫力。"
"INTRO2-9","所以即使复制像西格玛这样危险的数据也没有任何风险。"
"INTRO2-10","你是谁？"
"INTRO2-11","我是露米涅……"
"INTRO2-12","我是电梯和雅各布计划的总负责人。"
"INTRO2-13","明白了。请稍等，我给团队发信号派救援——"
"INTRO3-1","又见面了真好，X！"
"INTRO3-2","瓦伊尔？！"
"INTRO3-3","哈哈哈……真想留下来和你玩玩，但恐怕有太多事要做……"
"INTRO3-4","你是通缉犯！站住，放了露米涅！"
"INTRO3-5","不可能。轨道电梯现在在我们的控制之下了……"
"INTRO3-6","你到底想干什么？！"
"INTRO3-7","现在开始了，X。一个新世界将要诞生！"
"INTRO3-8","哈哈哈哈哈哈哈哈哈哈！"
"ANTONION1","重力·蚁獅王……你曾是一位了不起的科学家。发生了什么？"
"ANTONION2","了不起的科学家？你有什么资格说这种话？"
"ANTONION3","我做研究不是为了获得你们这种人的称赞。"
"ANTONION4","难道……是西格玛让你变成非正规的？"
"ANTONION5","非正规？你又给我贴标签了。真是傲慢！"
"ANTONION6","不管怎样，如果你要挡我的路，我就消灭你！"
"MANOWAR1","千兆伏特·僧帽水母！"
"MANOWAR2","把阿贝尔城的能源供应恢复正常！否则这座城市将被毁灭！"
"MANOWAR3","…… …… ……"
"MANOWAR4","……我没有做错什么……你到底是谁？"
"MANOWAR5","我是洛克人X。我是非正规猎人。"
"MANOWAR6","是西格玛让你变成非正规的吗？"
"MANOWAR7","我不是非正规……我完全掌控着自己和自己的行动……"
"MANOWAR8","我正在努力实现新世界的梦想……！"
"MANOWAR9","你已经变成非正规了！我必须阻止你！"
"MANTIS1","嘿！非正规猎人在这里干什么？"
"MANTIS2","暗黑·螳螂……你已经变成非正规了。我要终结你的武器生产。"
"MANTIS3","我们新世代思考型机器人被设计成不可能变成非正规的，小子。"
"MANTIS4","那你为什么在制造武器？是西格玛在控制你吗？"
"MANTIS5","那又是什么在控制你，X？你那珍贵的""正义""？是吗？"
"MANTIS6","暗黑·螳螂……你的行为就是非正规的行为！"
"MANTIS7","果然，你们旧型号思考型机器人真的什么都不懂。"
"MANTIS8","让我用我的刀刃告诉你，你所谓的""正义""有多么误入歧途！"
"PANDA1","你知道最早的火箭技术是用于战争的导弹吗？"
"PANDA2","整个历史都在制造以毁灭为唯一目的的东西。导弹……思考型机器人……"
"PANDA3","你在说什么？没有思考型机器人渴望毁灭。"
"PANDA4","你真的从没这样想过吗，X？"
"PANDA5","这个世界只渴望毁灭，仅此而已？"
"PANDA6","这是西格玛相信的吗？但是……那是……"
"PANDA7","我知道你要说什么。"
"PANDA8","你认为这种想法是非正规的，对吧？"
"PANDA9","这就是我们不得不战斗的原因。"
"ROOSTER1","你知道这是什么地方吗，X？"
"ROOSTER2","这是边境废物处理中心。垃圾在这里被压缩焚烧……"
"ROOSTER3","烈焰·公鸡，你为什么发动暴乱？是西格玛在操控你吗？"
"ROOSTER4","这不是普通的暴乱。这是为了那些被你打上非正规标签然后扔到这个废铁堆的所有思考型机器人的复仇！"
"ROOSTER5","非正规只会带来灾难和毁灭！我们别无选择只能阻止他们！"
"ROOSTER6","这就是你所谓的正义？该被报废的是你！"
"ROOSTER7","西格玛打算做什么？你知道，他只是在利用你。仅此而已！"
"ROOSTER8","利用我？如果这是建造新世界必须付出的代价，那就付吧！"
"ROOSTER9","在我们将要创造的新世界里，没有你这种思考型机器人的容身之处！"
"SUNFLOWER1","X……既然你走到了这里，你一定已经想明白了。"
"SUNFLOWER2","你一定已经察觉到我们在这里追求什么了。"
"SUNFLOWER3","你们这些非正规……是在西格玛的控制之下，对吧？"
"SUNFLOWER4","很抱歉让你失望了，没有人能控制我们。"
"SUNFLOWER5","我们也许不是好人，但我们不是怪物。"
"SUNFLOWER6","没有人有权阻止我们的计划！"
"TRILOBYTE1","你知道我们在这里开采的矿石是用于太空开发的吗？"
"TRILOBYTE2","一定是西格玛在幕后！他想用这些矿物做什么？"
"TRILOBYTE3","就算解释了，像你这种无脑的非正规猎人也理解不了。"
"TRILOBYTE4","你们这些旧废铁就在这里长眠吧！"
"YETI1","我不会让你们妨碍我们的。"
"YETI2","雪崩·雪人！你到底在干什么？"
"YETI3","我们不再认为你们的世界是理想的了。旧型号思考型机器人在这里没有什么事。"
"YETI4","离开这里，X！"
"YETI5","不行！如果我们不修复这个系统，世界的生态平衡就会崩溃！"
"YETI6","哼。已经太晚了，X。"
"YETI7","你和你那些渺小的非正规猎人已经输了！"
"VILE1-1","瓦伊尔！"
"VILE1-2","你把露米涅带到哪里去了？你打算破坏雅各布计划吗？"
"VILE1-3","阔别重逢，你只会一个劲地问问题？"
"VILE1-4","不用担心我们的小朋友。露米涅正被好好照顾着。哈哈哈……"
"VILE1-5","轨道电梯对我们太重要了，我们不会伤害操控它的人。"
"VILE1-6","你不知道自己在做什么吗？"
"VILE1-7","雅各布计划是人类和思考型机器人的重要合作项目！"
"VILE1-8","冷静点，X……"
"VILE1-9","让我们享受这次小小的重逢吧，好吗？"
"VILE2-1","瓦伊尔！"
"VILE2-2","我不想再追了。放了露米涅。现在！"
"VILE2-3","哈哈哈……露米涅？你总是这么乐观啊，对吧？"
"VILE2-4","看看你的周围，蠢货！你的世界已经开始崩塌了！你以为你有资格提要求吗？"
"VILE2-5","你所认识的世界？非正规？都跟它们说再见吧！"
"VILE2-6","混乱、厄运和毁灭！这就是我们被制造出来的目的！"
"VILE3-1","哈哈哈！为了一个注定灭亡的世界你还真拼命啊！"
"VILE3-2","所以从一开始就是西格玛在幕后操纵，对吧，瓦伊尔？"
"VILE3-3","哈哈哈……你终于开始看清了吗，X？"
"VILE3-4","轨道电梯……能源……太空矿物……火箭数据……"
"VILE3-5","通往太空的道路……让这个世界存活至今的东西……是我们的了！"
"VILE3-6","在这种时候，你那珍贵的""非正规""一词有多重要呢？"
"VILE3-7","我不管你们打算做什么。无论如何我都会阻止的！"
"VILE4-1","所以，你还是不肯放弃挣扎？"
"VILE4-2","你是不是盲目到以为还有希望？"
"VILE4-3","只要我还站着，就有希望！"
"VILE4-4","我会打败你和西格玛！"
"VILE4-5","哈哈哈……现在就毁灭你太可惜了……"
"VILE4-6","也许我会等到最后一刻再好好玩玩！"
"COPYSIGMA1","西格玛！？"
"COPYSIGMA2","我允许你这样称呼我，因为我确实是西格玛。"
"COPYSIGMA3","你打算对每一个思考型机器人……每一个人类……全世界进行报复？"
"COPYSIGMA4","你完全疯了！我现在就要阻止你！"
"COPYSIGMA5","阻止什么？我们已经控制了月球。"
"COPYSIGMA6","那个旧世界已经腐朽不堪。我们将开创一个新世界来取代它！"
"COPYSIGMA7","但在此之前，X，也许是时候进行我们的最终决战了！"
"SIGMA1","欢迎，非正规猎人。很高兴再见到你，X。"
"SIGMA2","我们的相遇是命中注定的，X。我们的命运将在此刻决出胜负。"
"SIGMA3","开创新时代的时刻到了。而你的毁灭，X，是其中不可或缺的一部分。"
"SIGMA4","……"
"SIGMA5","你对你所谓的""正义""的执着最初让我开始思考……"
"SIGMA6","我意识到了这个世界的不完美，并决定必须改变它。"
"SIGMA7","不要把你的疯狂归咎于我，西格玛！"
"SIGMA8","哈哈哈……已经太晚了，X。齿轮已经开始转动。无法回头了。"
"SIGMA9","新世代思考型机器人就是关键，X。我的孩子们对这一切负有责任……"
"SIGMA10","孩子们？你在说什么！？"
"SIGMA11","雅各布计划……孕育新世代思考型机器人的项目……一切都因为我而成为可能！"
"SIGMA12","沉浸在绝望和无助中吧！在新世界的统治者面前你毫无力量！"
"SIGMA13","现在，X……你将和这个腐朽的世界一起被毁灭！"
"FINALLUMINE1","啊，露米涅！你没事吧？"
"FINALLUMINE2","我没事吗……？当然。"
"FINALLUMINE3","既然你已经打败了西格玛，我想你应该满意了。"
"FINALLUMINE4","但你看，他只不过是帮助了我的计划……"
"FINALLUMINE5","新世代思考型机器人已经觉醒，新世界即将到来！"
"FINALLUMINE6","露米涅！你在干什么！？"
"FINALLUMINE7","别告诉我你也变成非正规了……"
"FINALLUMINE8","非正规？你知道不是那样的，X。"
"FINALLUMINE9","这就是你在犹豫的原因。你没有那个决心……"
"FINALLUMINE10","……！"
"FINALLUMINE11","像你这样的旧型号必须担心自己的行动是否真的出于自己的意志。"
"FINALLUMINE12","谁知道此刻有什么在影响你呢？"
"FINALLUMINE13","但是，我们新世代思考型机器人是用数百个旧型号思考型机器人的数据建造的。"
"FINALLUMINE14","这赋予了我们对所有病毒的完全免疫力。我们可以随心所欲地行动，因为这保证了我们的自由意志！"
"FINALLUMINE15","这也可能包括像西格玛那样行事……你明白我在说什么吗？"
"FINALLUMINE16","没有思考型机器人会选择像西格玛那样疯狂！"
"FINALLUMINE17","想想看，X……西格玛真的疯了吗？"
"FINALLUMINE18","……"
"FINALLUMINE19","是的，他反叛了你们的世界。也许是因为病毒。"
"FINALLUMINE20","即便如此，他的抗争向我们所有人展示了这个世界有多腐烂！"
"FINALLUMINE21","人类利用思考型机器人来延续他们被诅咒的侵略循环……"
"FINALLUMINE22","这就是为什么我们向旧世界宣战的决定是有意识做出的。"
"FINALLUMINE23","换句话说……"
"FINALLUMINE24","我们拥有自愿变成非正规的力量！"
"FINALLUMINE25","……！"
"FINALLUMINE26","X……你真的有能力阻止我们吗？"
"FINALLUMINE27","你不过是人类的工具。旧世界的工具而已……"
"FINALLUMINE28","你以为你能与我们这些进化到如此程度的存在对抗？"
"FINALLUMINE29","哈哈哈哈哈哈哈哈哈！别逗了……"
"FINALLUMINE30","世界在改变！进化按照自然规律发展是理所当然的！"
"FINALLUMINE31","现在，排好队等着被消灭吧！"
"FINALLUMINE32","露米涅……对不起，但……我别无选择。"
"FINALLUMINE33","即使你是雅各布计划的幕后黑手……"
"FINALLUMINE34","在阻止你的邪恶计划之前，我不会放弃！"
"FINALLUMINE35","你本可以成为我们的盟友，但最终你成了我们的敌人。"
"FINALLUMINE36","我不会让你得逞的！"
"FINALLUMINE37","敌人……盟友……这个问题不是非黑即白的。"
"FINALLUMINE38","思考型机器人和人类一起发生了不可逆转的变化。"
"FINALLUMINE39","他们的存在本质也改变了……"
"FINALLUMINE40","而在我们的新世界里不需要你！"
"ENDING1-1","ENDING1-1"
"ENDING1-2","难以置信……"
"ENDING1-3","你也许打败了我……但要阻止已经开始的事情已经太迟了……"
"ENDING1-4","如果需要的话，我会对付更多像你这样的人。"
"ENDING1-5","哈哈哈……你真的不了解情况啊？"
"ENDING1-6","算了……你很快就会明白的……"
"ENDING1-7","……"
"ENDING1-8","呜啊！我再也受不了这种痛苦了……快……了结我吧……"
"ENDING2-1","这里是X……"
"ENDING2-2","敌人……已经被消灭了。"
"ENDING2-3","我现在回去……"
"ENDING2-4","收到……"
"FINAL-1","艾克斯！"
"FINAL-2","X……X……听得到吗？通讯已恢复。状况报告！"
"FINAL-3","这里是X，我们成功阻止了西格玛的计划……但是艾克斯……"
"FINAL-4","艾克斯受了伤，但他没事。"
"FINAL-5","我们现在回去。"
"FINAL2-1","（觉醒……）"
"FINAL2-2","（露米涅是这样描述的……）"
"FINAL2-3","（他说……这就是进化……）"
"FINAL2-4","（如果他是对的……）"
"FINAL2-5","（那么……我们在做什么？）"
"FINAL3-1","我猜你一直在想之前露米涅说的话。"
"FINAL3-2","别放在心上。仅仅变成西格玛可算不上进化。"
"FINAL3-3","……"
"FINAL3-4","不管怎样，X……"
"FINAL3-5","即使当那个""进化的跨越""到来时，我们思考型机器人注定要被丢进废铁堆……"
"FINAL3-6","我们仍然要战斗……"
"FINAL3-7","不仅要与非正规战斗，还要与我们自身的命运抗争……"
"SECRET2-1","欢迎，洛克人X。我一直在等你。"
"SECRET2-2","你和我之前面对的任何人都不一样……"
"SECRET2-3","你散发着和平与仁慈的气息。你是谁？"
"SECRET2-4","你这么快就注意到了，真敏锐。"
"SECRET2-5","我是赛丽娜。"
"SECRET2-6","你说我和你之前遇到的对手不同？"
"SECRET2-7","那是因为我的压倒性力量。"
"SECRET2-8","压倒性的……？"
"SECRET2-9","没错。自从失去地下之王的称号后，我一直在修炼。"
"SECRET2-10","二十年来我一直在积蓄力量。现在我选择你来检验我的实力。"
"SECRET2-11","赛丽娜，是吗？嗯……"
"SECRET2-12","好，我接受你的挑战！"
"SECRET2-13","那么，来吧……"
"SECRET2-14","老实说我以为自己够强能打败你。我错了。"
"SECRET2-15","你内心深处的善良、爱和尊重让你变得更加强大。"
"SECRET2-16","你打得很漂亮。你真的是这个世界上最强的机器人。"
"SECRET2-17","我希望有东西能回报你。我能给你的只有感谢。"
"SECRET2-18","洛克人X。我们会在某个地方再次相见……"
"SECRET2-19","到那时，再见！"
"SECRET3-1","终于拿到了。这份数据包含了所有当前通缉犯的信息……"
"SECRET3-2","你，站住。这个区域仅限S级猎人进入，那份数据也是！交出来，安静地跟我走！"
"SECRET3-3","别紧张，X。"
"SECRET3-4","我叫雷德。我得知你最近一直在为这些事情烦恼，所以决定……帮忙。"
"SECRET3-5","有了这个，我们就能开始自己的非正规狩猎，减轻你的负担……当然，是有代价的。"
"SECRET3-6","听起来你就是个肮脏的赏金猎人。"
"SECRET3-7","你怎么想是你的自由。我不会退缩的……准备好了！"
"SECRET3-8","不错嘛……对一个老家伙来说……"
"ZEROSECRET1","嘿嘿嘿嘿嘿！"
"ZEROSECRET2","终于，我明白方法了，从来没有这么开心过……"
"ZEROSECRET3","杰……杰洛？"
"ZEROSECRET4","X！我的头脑变得非常清晰……现在我明白了我真正的目的。"
"ZEROSECRET5","我不再在乎非正规了……现在我只需要做一件事……"
"ZEROSECRET6","杰洛？你怎么了？这不是你。清醒过来！继续这样你会死的！"
"ZEROSECRET7","我终于感到从锁链中解脱了，X。这么长时间以来一直脆弱、虚弱、无力……"
"ZEROSECRET8","我终于觉醒了真正的形态！看着我的眼睛，X！你感受不到我的喜悦吗？！哈哈哈哈哈哈哈哈哈哈哈哈哈哈哈哈！！！！！！"
"ZEROSECRET9","……"
"ZEROSECRET10","杰洛……这就是你之前告诉我的，对吧？"
"ZEROSECRET11","有些东西是看不见也分析不了的。"
"ZEROSECRET12","我们必须去感受……"
"ZEROSECRET13","而现在……我能感受到，强烈地感受到某种邪恶……比西格玛更邪恶的东西！"
"ZEROSECRET14","这就是我们的命运，对吧？我要战斗！我不会逃跑！我要打败你，把我的朋友找回来！"
"ZEROSECRET15","那我就不需要再向你解释什么了。我要毁灭你！"
"ZEROSECRET16","杰洛！！！！"
"INTRO2-1_AXL","嘿，艾莉娅，我是艾克斯！我正在接近轨道电梯附近的事故现场！"
"INTRO2-2_AXL","太糟了，这里一片混乱，到处都是非正规！"
"INTRO2-3_AXL","我这就进去！我一声令下就派那些救援机械体过来！"
"INTRO2-4_AXL","收到，艾克斯！小心！"
"INTRO2-5_AXL","西……西格玛？！怎……怎么可能？！"
"INTRO2-6_AXL","为了在事故中保护自己免受伤害……"
"INTRO2-7_AXL","我们不得不复制了坚固的西格玛身体。"
"INTRO2-8_AXL","我们新世代思考型机器人对所有病毒拥有完全的免疫力。"
"INTRO2-9_AXL","所以即使复制像西格玛这样危险的数据也没有任何风险。"
"INTRO2-10_AXL","等等，你是谁？"
"INTRO2-11_AXL","我是露米涅……"
"INTRO2-12_AXL","我是电梯和雅各布计划的总负责人。"
"INTRO2-13_AXL","知道了。别动，我给团队发信号派救援——"
"INTRO3-1_AXL","嗯嗯……这是谁？一个小菜鸟？"
"INTRO3-2_AXL","什么鬼？！你是谁？"
"INTRO3-3_AXL","我是瓦伊尔。想说见到你很高兴，但那就是说谎了。"
"INTRO3-4_AXL","你的小伙伴X在哪？"
"INTRO3-5_AXL","X？你跟他什么关系？"
"INTRO3-6_AXL","哈哈哈！没什么……只是想处理一些未了的事务。"
"INTRO3-7_AXL","你谁也打不倒！放了露米涅！"
"INTRO3-8_AXL","不可能。轨道电梯现在在我们的控制之下了……"
"INTRO3-9_AXL","你到底想干什么？！"
"INTRO3-10_AXL","现在开始了，小子……一个新世界将要诞生！"
"INTRO3-11_AXL","哈哈哈哈哈哈哈哈哈哈！"
"ANTONION1_AXL","蚁獅王……你曾经是个天才。你疯了吗？你在策划什么？"
"ANTONION2_AXL","疯了？哈哈。真有趣。"
"ANTONION3_AXL","你是说你自己完全正常吗？你确定自己站在正确的一边？"
"ANTONION4_AXL","我很确定。区分善恶并不难。这一点我很确定。"
"ANTONION5_AXL","哈！我完全同意！"
"ANTONION6_AXL","问题在于我们生活的这个世界。但我打算改变这一切！"
"MANOWAR1_AXL","这是怎么回事，僧帽水母？"
"MANOWAR2_AXL","如果你不把电力恢复正常，阿贝尔城的市民会遭殃的。"
"MANOWAR3_AXL","…… …… ……"
"MANOWAR4_AXL","他已经变成非正规变得太严重了，连话都说不了了……"
"MANOWAR5_AXL","什么？非正规是什么？你知道那是什么吗？"
"MANOWAR6_AXL","非正规？就是像你这样失控的思考型机器人。"
"MANOWAR7_AXL","抱歉了，伙计，我不得不把你干掉。"
"MANTIS1_AXL","听说你是我们新世代思考型机器人的原型。"
"MANTIS2_AXL","那你为什么成了非正规猎人？"
"MANTIS3_AXL","因为我喜欢把你这种邪恶的非正规打得落花流水，螳螂。"
"MANTIS4_AXL","哼。你竟敢指控我是我不可能成为的东西？"
"MANTIS5_AXL","善恶根本就不存在。你还没意识到吗？"
"MANTIS6_AXL","我也许是原型，但别以为我跟你们这些非正规渣滓一样！"
"MANTIS7_AXL","作为我们新型思考型机器人的原型，你还真是天真。"
"MANTIS8_AXL","说实话有点嫉妒。"
"MANTIS9_AXL","要不我用刀刃给你演示一下？"
"PANDA1_AXL","你拥有和我们新世代思考型机器人一样的复制能力。"
"PANDA2_AXL","……"
"PANDA3_AXL","你想过这种力量可以改变世界吗？"
"PANDA4_AXL","我唯一想的就是打你们这些非正规的时候有多方便！"
"PANDA5_AXL","如此无礼。看来你果然没有用处。"
"ROOSTER1_AXL","知道你在哪吗，伙计？"
"ROOSTER2_AXL","我叫艾克斯，我可不是你的伙计。"
"ROOSTER3_AXL","总之，这是废物处理中心……"
"ROOSTER4_AXL","它的意义远不止于此。"
"ROOSTER5_AXL","这是所有被判定为非正规的思考型机器人的墓地。"
"ROOSTER6_AXL","哦，所以你就为此发动暴乱作为报复？"
"ROOSTER7_AXL","那就是非正规行为。"
"ROOSTER8_AXL","这就是你所谓的正义？该被报废的是你！"
"ROOSTER9_AXL","在我们将要创造的新世界里，没有你这种思考型机器人和旧型号的容身之处！"
"SUNFLOWER1_AXL","艾克斯……变形者。将引领新时代的思考型机器人的原型……"
"SUNFLOWER2_AXL","那又怎样？你让我加入？做梦吧！"
"SUNFLOWER3_AXL","要是你再聪明一点，你也可以被选中的……"
"SUNFLOWER4_AXL","你说错了。我们也许不是好人，但我们不是怪物。"
"SUNFLOWER5_AXL","这种概念对你这种蠢货来说太深奥了。"
"SUNFLOWER6_AXL","这家伙已经失控了，趁他继续胡说八道之前赶紧解决掉。"
"TRILOBYTE1_AXL","我们在这里开采的矿物对太空发展至关重要。"
"TRILOBYTE2_AXL","一个半成品原型能猜到我在说什么吗？"
"TRILOBYTE3_AXL","你们这些非正规说的话我从来就听不懂。"
"TRILOBYTE4_AXL","我被选中了，而你被淘汰了。你永远不可能像我这么出色！"
"TRILOBYTE5_AXL","判断力差的是你，三叶虫。被西格玛欺骗和利用！"
"TRILOBYTE6_AXL","我们的全新世界即将诞生！旧世界的蠢货们将会灭亡！"
"YETI1_AXL","你就是那个能变形的原型？"
"YETI2_AXL","如果我们这么容易变成非正规，我可不高兴做你的原型。"
"YETI3_AXL","一个卑微的非正规猎人说的话还挺狠的。"
"YETI4_AXL","谁卑微了？想毁灭世界的不是我，是你！"
"VILE1-1_AXL","哈哈哈哈哈！"
"VILE1-2_AXL","你为什么不现在就放弃算了？"
"VILE1-3_AXL","你所认识的世界？非正规？都跟它们说再见吧！"
"VILE1-4_AXL","混乱、厄运和毁灭！这就是我们被制造出来的目的！"
"VILE1-5_AXL","哼，你以为说了那些就能不挨揍吗？"
"VILE2-1_AXL","瓦伊尔，对吧？"
"VILE2-2_AXL","你在这里干什么？"
"VILE2-3_AXL","你打算用露米涅和电梯做什么？"
"VILE2-4_AXL","别担心露米涅。跟你不一样，他对我们的计划很重要。"
"VILE2-5_AXL","我不在乎你曾经是A级猎人……"
"VILE2-6_AXL","你现在是非正规，我很清楚怎么对付你这种渣滓！"
"VILE2-7_AXL","哈哈！生气了？来吧！"
"VILE3-1_AXL","哈！世界都要毁灭了你还在乎正义？"
"VILE3-2_AXL","当然！"
"VILE3-3_AXL","去找西格玛之前，先给你来点正义！"
"VILE3-4_AXL","轨道电梯……能源……太空矿物……火箭数据……"
"VILE3-5_AXL","通往太空的道路……"
"VILE3-6_AXL","让这个世界存活至今的东西——是我们的了！"
"VILE3-7_AXL","在这种时候，你那珍贵的""非正规""一词有多重要呢？"
"VILE3-8_AXL","等我把你变成废铁再告诉你！"
"VILE4-1_AXL","所以，你还是不肯放弃挣扎？"
"VILE4-2_AXL","你是不是盲目到以为还有希望？"
"VILE4-3_AXL","只要打倒你就行了，所以我充满希望，混蛋。"
"VILE4-4_AXL","现在放弃的话，所有努力都白费了。我绝不放弃！"
"VILE4-5_AXL","哈哈哈……现在就毁灭你太可惜了……"
"COPYSIGMA1_AXL","西格玛！？"
"COPYSIGMA2_AXL","你以为像个懦夫一样逃到太空躲起来就能躲过我们？"
"COPYSIGMA3_AXL","逃？躲？你搞错了。"
"COPYSIGMA4_AXL","我们只是选择离开那个无知的星球。"
"COPYSIGMA5_AXL","随你怎么说。反正我现在就烤了你！"
"COPYSIGMA6_AXL","谁会被""烤""呢？让我们拭目以待……你不是被选中的。"
"COPYSIGMA7_AXL","只有我们新思考型机器人才能活在新世界！不需要脆弱的原型！"
"SIGMA1_AXL","哼。你就是那个叫艾克斯的。"
"SIGMA2_AXL","新世代思考型机器人的原型。"
"SIGMA3_AXL","你能走到这里还挺令人惊讶的。"
"SIGMA4_AXL","喂……别叫我原型……"
"SIGMA5_AXL","我就是我……而你……你是非正规。"
"SIGMA6_AXL","你不过是个渺小而虚弱的原型！仅此而已！"
"SIGMA7_AXL","你的复制能力远未开发完善。这就是你被淘汰的原因。"
"SIGMA8_AXL","非正规俱乐部可不是我想加入的！"
"SIGMA9_AXL","只有纯正的新世代思考型机器人……我的孩子们，才有资格！"
"SIGMA10_AXL","孩子们？"
"SIGMA11_AXL","没错，原型……我的孩子们……"
"SIGMA12_AXL","雅各布计划诞生的新世代思考型机器人都携带着含有我个人数据的复制芯片。"
"SIGMA13_AXL","现在，那个计划的最终阶段开始了！"
"SIGMA14_AXL","你将被毁灭！！！"
"FINALLUMINE1_AXL","啊，露米涅。你没事吧？"
"FINALLUMINE2_AXL","我没事吗……？当然。"
"FINALLUMINE3_AXL","既然你已经打败了西格玛，我想你应该满意了。"
"FINALLUMINE4_AXL","多亏了你，计划进展顺利。"
"FINALLUMINE5_AXL","但是……露米涅，你不是被西格玛利用了吗？"
"FINALLUMINE6_AXL","利用？我不这么认为。"
"FINALLUMINE7_AXL","他只不过是帮助了我的计划。"
"FINALLUMINE8_AXL","新世代思考型机器人已经觉醒，新世界即将到来！"
"FINALLUMINE9_AXL","露米涅！你在干什么？别告诉我你也变成非正规了……"
"FINALLUMINE10_AXL","非正规？你不会真这么想吧？"
"FINALLUMINE11_AXL","………！"
"FINALLUMINE12_AXL","我们新世代思考型机器人拥有的复制芯片……"
"FINALLUMINE13_AXL","是从数百个旧型号思考型机器人的数据中衍生出来的。"
"FINALLUMINE14_AXL","也就是说，西格玛的数据当然也包含在内。"
"FINALLUMINE15_AXL","你明白我在说什么吗？"
"FINALLUMINE16_AXL","复制芯片？西格玛？那是不是意味着我也会像他那样发疯？"
"FINALLUMINE17_AXL","抱歉，像你这样的原型没有造成那种事的规格。"
"FINALLUMINE18_AXL","况且，西格玛真的疯了吗？"
"FINALLUMINE19_AXL","………？"
"FINALLUMINE20_AXL","他反叛了你们的世界。但他有自己的理由……"
"FINALLUMINE21_AXL","我们其他新世代思考型机器人随时可能变成那样……"
"FINALLUMINE22_AXL","向旧世界宣战的决定是有意识做出的。"
"FINALLUMINE23_AXL","换句话说，我们拥有自愿变成非正规的力量！"
"FINALLUMINE24_AXL","艾克斯……你真的有能力阻止我们吗？"
"FINALLUMINE25_AXL","你不过是人类的工具。旧世界的工具而已……"
"FINALLUMINE26_AXL","你以为你能举着武器站在我们这些进化到如此程度的存在面前吗？"
"FINALLUMINE27_AXL","哈哈哈哈哈！别逗了！"
"FINALLUMINE28_AXL","世界在改变。因此进化按照自然规律发展是理所当然的！"
"FINALLUMINE29_AXL","现在，排好队等着被消灭吧！"
"FINALLUMINE30_AXL","我不会让你来告诉我我是什么或者应该成为什么。"
"FINALLUMINE31_AXL","你才是敌人，我绝不会让你活着离开这里！"
"FINALLUMINE32_AXL","敌人……盟友……这个问题不是非黑即白的。思考型机器人和人类一起发生了不可逆转的变化。"
"FINALLUMINE33_AXL","他们的存在本质也改变了。在我们的新世界里不需要你！"
"ENDING1-1_AXL","难以置信……"
"ENDING1-2_AXL","你也许打败了我……但要阻止已经开始的事情已经太迟了……"
"ENDING1-3_AXL","如果需要的话，我会对付更多像你这样的人。"
"ENDING1-4_AXL","哈哈哈……你真的不了解情况啊？"
"ENDING1-5_AXL","算了……你很快就会明白的……"
"ENDING1-6_AXL","……"
"ENDING1-7_AXL","呜啊！我再也受不了这种痛苦了……快……了结我吧……"
"ENDING2-1_AXL","这里是艾克斯……"
"ENDING2-2_AXL","艾克斯……艾克斯……状况报告！"
"ENDING2-3_AXL","任务……完成了"
"ENDING2-4_AXL","敌人……已经被消灭了。我现在回去……"
"ENDING2-5_AXL","收到……"
"SECRET2-1_AXL","欢迎，艾克斯。我一直在等你。"
"SECRET2-2_AXL","哦，你已经认识我了？"
"SECRET2-3_AXL","说实话，你比我之前遇到的任何人都……""淡定""多了。你是什么来头？"
"SECRET2-4_AXL","你观察力真敏锐。"
"SECRET2-5_AXL","我是赛丽娜。"
"SECRET2-6_AXL","你说我和你之前遇到的对手不同？"
"SECRET2-7_AXL","那是因为我的压倒性力量。"
"SECRET2-8_AXL","压倒性力量？你认真的吗？说实话你看起来不太像啊……"
"SECRET2-9_AXL","没错。我的力量不在于攻击性。自从失去地下之王的称号后，我一直在修炼。"
"SECRET2-10_AXL","二十年来，我一直在积蓄力量和磨练能力。现在我选择你来检验。"
"SECRET2-11_AXL","二十年？哇，那是……很长的时间。不过，我还有复制能力这回事呢。"
"SECRET2-12_AXL","赛丽娜，是吗？嗯……"
"SECRET2-13_AXL","你确定要跟我打？你可能会咬到嚼不动的。不过，挑战就是挑战。来吧！"
"SECRET2-14_AXL","那就上前来吧……艾克斯。让我看看你的本事！"
"SECRET2-15_AXL","我真的以为我的力量足以打败你。看来我错了。"
"SECRET2-16_AXL","但是你……你不仅仅依靠力量。你的精神中有某种让你更强大的东西。"
"SECRET2-17_AXL","不仅仅是战斗技巧。是你的韧性，你的内心……"
"SECRET2-18_AXL","嗯，我这个人有出人意料的习惯。可以说浑身都是绝活吧。"
"SECRET2-19_AXL","不过你也不弱。这一点我很佩服。"
"SECRET2-20_AXL","你打得很漂亮，艾克斯。你也许是我在这个世界遇到的最强战士。"
"SECRET2-21_AXL","我希望有更多东西能回报你……但我只能献上感谢。"
"SECRET2-22_AXL","嘿，别在意。这是场好战斗。这就是最好的回报了……"
"SECRET2-23_AXL","不过，如果你有什么隐藏的强化道具的话，我不会拒绝的。"
"SECRET2-24_AXL","也许我们会在别的地方再次相见……到那时，再见了，艾克斯。"
"SECRET2-25_AXL","再见了，赛丽娜。下次我可不会手下留情了！"
"SECRET2-26_AXL","SECRET2-26_AXL"
"SECRET3-1_AXL","终于拿到了。这份数据包含了所有当前通缉犯的信息……"
"SECRET3-2_AXL","雷……雷德？怎么……怎么可能？"
"SECRET3-3_AXL","艾克斯，好久不见。你一个人过得怎么样？"
"SECRET3-4_AXL","雷德，等等！你不应该在这里。这个区域只对高级猎人开放！"
"SECRET3-5_AXL","你变了，雷德。你还在追随""他""的方式吗？"
"SECRET3-6_AXL","就因为那个，你把赤色警报变成了扭曲的组织！"
"SECRET3-7_AXL","别紧张。有了这份数据，我们可以比猎人更有效地狩猎非正规。"
"SECRET3-8_AXL","赤色警报可以重新找回自己的正义，艾克斯。"
"SECRET3-9_AXL","那不是正义……那是权力！我不会让你滥用它！"
"SECRET3-10_AXL","嘿，没想到会从你嘴里听到这种话。好吧，让我看看你进步了没有。全力以赴！"
"SECRET3-11_AXL","不错嘛……小子，你作为猎人成长了。"
"SECRET3-12_AXL","你不必这样做，雷德。重新开始还不晚，如果你加入我们，你仍然可以做回自己。"
"SECRET3-13_AXL","也许……也许不行。别担心我，我会走自己的路。"
"SECRET3-14_AXL","不过现在，信任别人的时候我会更谨慎。"
"SECRET3-15_AXL","下次见面不会这么容易了。再见……好好照顾自己，小子。"
"SECRET3-16_AXL","雷德……"
"INTRO1-1_ZERO","这就是诺亚公园吗？环境还不错。"
"INTRO1-2_ZERO","杰洛，听到了吗？这个区域有一个巨大的非正规机械体。"
"INTRO1-3_ZERO","而且靠近轨道电梯附近的事故现场。明白了！"
"INTRO1-4_ZERO","我会清理这个区域的非正规。"
"INTRO1-5_ZERO","我到达事故现场后立即派救援机械体过来。"
"INTRO1-6_ZERO","明白了，小心，杰洛！"
"INTRO2-1_ZERO","什……什么？这是什么意思，西格玛？"
"INTRO2-2_ZERO","为了在事故中保护自己免受伤害……"
"INTRO2-3_ZERO","我们不得不复制了坚固的西格玛身体。"
"INTRO2-4_ZERO","我们新世代思考型机器人对所有病毒拥有完全的免疫力。"
"INTRO2-5_ZERO","所以即使复制像西格玛这样危险的数据也没有任何风险。"
"INTRO2-6_ZERO","你是谁？报上名来！"
"INTRO2-7_ZERO","我是露米涅……"
"INTRO2-8_ZERO","我是电梯和雅各布计划的总负责人。"
"INTRO2-9_ZERO","嗯……明白了。别动，我叫救援队来带你——"
"INTRO3-1_ZERO","哈哈哈！又见面了，杰洛。"
"INTRO3-2_ZERO","瓦伊尔？看来你重新出现的报告是真的。"
"INTRO3-3_ZERO","真想留下来和你玩玩，但恐怕有太多事要做……"
"INTRO3-4_ZERO","我不会让你这个通缉犯带走露米涅。现在就放了他！"
"INTRO3-5_ZERO","不可能。轨道电梯现在在我们的控制之下了……"
"INTRO3-6_ZERO","你打算干什么，非正规渣滓！"
"INTRO3-7_ZERO","现在开始了，杰洛。一个新世界将要诞生！"
"INTRO3-8_ZERO","哈哈哈哈哈哈哈哈哈哈！"
"ANTONION1_ZERO","重力·蚁獅王。你曾是一位了不起的科学家，但看来你已经变成非正规了。"
"ANTONION2_ZERO","了不起？非正规？这些词有什么意义？"
"ANTONION3_ZERO","你得问比我聪明的人。是西格玛把你变成这样的吗？"
"ANTONION4_ZERO","他是不是强迫你和其他人变成非正规的？"
"ANTONION5_ZERO","你竟然觉得可以用那个词概括我的主人？"
"ANTONION6_ZERO","我们的坦诚只与你的愚蠢相匹配。"
"ANTONION7_ZERO","不管怎样，如果你不能理解我们的伟大计划，那我就消灭你！"
"MANOWAR1_ZERO","喂！千兆伏特·僧帽水母！"
"MANOWAR2_ZERO","把阿贝尔城的电力恢复正常。立刻！"
"MANOWAR3_ZERO","…… …… ……"
"MANOWAR4_ZERO","他已经变成非正规变得太严重了，连回应都做不到了……"
"MANOWAR5_ZERO","我不是非正规……我没有做错什么……"
"MANOWAR6_ZERO","主人需要能源来实现他的新世界。"
"MANOWAR7_ZERO","让阿贝尔城的电力失控？这跟西格玛的邪恶计划有什么关系？"
"MANOWAR8_ZERO","我只是在努力实现主人新世界的梦想。他没有错。"
"MANOWAR9_ZERO","新世界？！那个计划到这里就结束了！"
"MANOWAR10_ZERO","看来我得给你上一课！"
"MANTIS1_ZERO","哇。看看这家伙。你是杰洛，对吧？"
"MANTIS2_ZERO","如果你真的了解我，你现在应该已经在发抖了。"
"MANTIS3_ZERO","你们旧型号思考型机器人真的什么都不懂，是吧？"
"MANTIS4_ZERO","你这是什么意思，非正规？"
"MANTIS5_ZERO","你本可以成为我们阵营中伟大的将军。我的主人对你非常感兴趣。"
"MANTIS6_ZERO","哼！我对加入非正规没兴趣，谢谢了。"
"MANTIS7_ZERO","别担心……收拾完你之后我就去找你的老板。"
"PANDA1_ZERO","你真的从没这样想过吗，杰洛？"
"PANDA2_ZERO","这个世界只渴望毁灭，仅此而已？"
"PANDA3_ZERO","这是西格玛告诉你的？"
"PANDA4_ZERO","也许吧。也许主人在你身上也看到了自己的影子……"
"PANDA5_ZERO","得了吧……"
"PANDA6_ZERO","你们这些非正规整天嚷嚷的完美世界根本不存在。"
"PANDA7_ZERO","没错，不存在。"
"PANDA8_ZERO","所以我们必须毁灭这个世界。"
"PANDA9_ZERO","将要终结的是这个世界，杰洛。"
"ROOSTER1_ZERO","你为什么发动暴乱？是西格玛的指使吗？"
"ROOSTER2_ZERO","你知道这是什么地方吗？"
"ROOSTER3_ZERO","废物处理中心……"
"ROOSTER4_ZERO","等我把你切成碎片后，就把残骸扔到这里。"
"ROOSTER5_ZERO","你听不到吗，杰洛？"
"ROOSTER6_ZERO","那些被你判定为非正规然后送到这里的所有思考型机器人的哀号？"
"ROOSTER7_ZERO","什么？别逗了！如果你能听到那些，我猜那说明你也是非正规吧？"
"ROOSTER8_ZERO","哈！你很快就会明白在这场斗争中谁对谁错。"
"ROOSTER9_ZERO","等新世界变为现实的时候，你就不会嘲笑我了！"
"SUNFLOWER1_ZERO","杰洛……你一定已经想明白了。"
"SUNFLOWER2_ZERO","你一定已经察觉到我们在这里追求什么了。"
"SUNFLOWER3_ZERO","你们这些非正规怎么想的我怎么会知道？"
"SUNFLOWER4_ZERO","不！不！不！我们也许不是好人，但我们不是怪物。"
"SUNFLOWER5_ZERO","主人记得你。你曾经有机会成为终极毁灭者。不过那都是过去的事了。"
"SUNFLOWER6_ZERO","哎……他已经完全疯了。"
"TRILOBYTE1_ZERO","我们在这里开采的矿物对太空发展至关重要。"
"TRILOBYTE2_ZERO","但对你来说可能没什么意义吧，杰洛？"
"TRILOBYTE3_ZERO","你在为西格玛开采？你疯了吗？"
"TRILOBYTE4_ZERO","你有没有想过我的主人为什么要这种资源？"
"TRILOBYTE5_ZERO","我不需要理解你的计划就能知道它很卑鄙，我不会让你得逞的！"
"TRILOBYTE6_ZERO","哼！我不会被你这种破烂废铁侮辱！"
"TRILOBYTE7_ZERO","你迟早要在我的主人面前交代，毫无价值的废铁堆！"
"YETI1_ZERO","杰洛。我的主人在新理想世界中为你保留了一个角色。"
"YETI2_ZERO","你们这些非正规在我身上看到了什么？除了被揍的可能之外……"
"YETI3_ZERO","你真的是旧型号啊，不是吗？用那种想法改变不了世界。"
"YETI4_ZERO","用毁灭来改变世界？这种想法也就非正规能想出来。"
"YETI5_ZERO","你的世界……你的理想……对我的主人来说无法理解。"
"VILE1-1_ZERO","瓦伊尔！"
"VILE1-2_ZERO","你打算用电梯和露米涅干什么？"
"VILE1-3_ZERO","露米涅？哈哈哈……别担心。我们正在好好照顾他。"
"VILE1-4_ZERO","轨道电梯对我们太重要了，我们不会伤害操控它的人。"
"VILE1-5_ZERO","那个玩具对你们这些非正规来说太复杂了吧，瓦伊尔。"
"VILE1-6_ZERO","哈哈哈……真想念你啊，杰洛。"
"VILE1-7_ZERO","我们好好享受这次重逢如何？"
"VILE2-1_ZERO","瓦伊尔！"
"VILE2-2_ZERO","该交出露米涅了。这次，我不接受拒绝。"
"VILE2-3_ZERO","露米涅？你以为你有资格提要求吗？"
"VILE2-4_ZERO","看看你的周围，蠢货！你的世界已经开始崩塌了！"
"VILE2-5_ZERO","你所认识的世界？非正规？都跟它们说再见吧！"
"VILE2-6_ZERO","混乱、厄运和毁灭！这就是我们被制造出来的目的！"
"VILE3-1_ZERO","你就不厌倦""正义""那套吗？"
"VILE3-2_ZERO","你就不厌倦当西格玛的走狗吗？"
"VILE3-3_ZERO","轨道电梯……能源……太空矿物……火箭数据……"
"VILE3-4_ZERO","通往太空的道路……"
"VILE3-5_ZERO","让这个世界存活至今的东西是我们的了！"
"VILE3-6_ZERO","一切都要结束了，你怎么还能把这个世界当回事？"
"VILE3-7_ZERO","哼！收拾完你之后再去找你的老板！"
"VILE4-1_ZERO","所以，你还是不肯放弃挣扎？"
"VILE4-2_ZERO","你是不是盲目到以为还有希望？"
"VILE4-3_ZERO","挣扎？"
"VILE4-4_ZERO","我只是厌倦了每转个弯就遇到你和西格玛。"
"VILE4-5_ZERO","哈哈哈……现在就毁灭你太可惜了。"
"VILE4-6_ZERO","也许我会等到最后一刻再好好玩玩。"
"COPYSIGMA1_ZERO","西格玛！？"
"COPYSIGMA2_ZERO","不能说我期待再见到你。"
"COPYSIGMA3_ZERO","杰洛。真可惜……你有能力和潜力变得像我一样。"
"COPYSIGMA4_ZERO","你……你曾经试图利用我的DNA。"
"COPYSIGMA5_ZERO","我来教你惹我的下场！"
"COPYSIGMA6_ZERO","恐怕不行。月球在我的控制之下，计划已经进入最终阶段。"
"COPYSIGMA7_ZERO","世界崩解的时刻已经到来！"
"SIGMA1_ZERO","杰洛……谁能想到我们会在世界末日相遇。"
"SIGMA2_ZERO","你的病毒侵入我系统的那一刻，种子就已经种下了。"
"SIGMA3_ZERO","那时一切就开始了……世界的毁灭！"
"SIGMA4_ZERO","你的废话我听够了，西格玛。"
"SIGMA5_ZERO","别生气，杰洛。实际上我很感激你。"
"SIGMA6_ZERO","正因为你，我的孩子们才能在太空中创造这个壮丽的新世界。"
"SIGMA7_ZERO","孩子们？"
"SIGMA8_ZERO","没错。雅各布计划诞生的新世代思考型机器人都携带着含有我个人数据的复制芯片。"
"SIGMA9_ZERO","现在，毁灭你深爱的世界的计划终于要实现了！"
"SIGMA10_ZERO","我不会为你和你的同类流一滴眼泪！"
"SIGMA11_ZERO","世界的终结，以及你的终结已经到来！永别了！"
"SIGMA12_ZERO","西格玛……只要我还能运作，你就别想有好结局！！！"
"FINALLUMINE1_ZERO","你是露米涅！雅各布计划的负责人。你没事吧？"
"FINALLUMINE2_ZERO","我没事吗……？当然。"
"FINALLUMINE3_ZERO","既然你已经打败了西格玛，我想你应该满意了。"
"FINALLUMINE4_ZERO","多亏了你，计划进展顺利。"
"FINALLUMINE5_ZERO","计划？什么意思？你不是被西格玛的邪恶计划利用了吗？"
"FINALLUMINE6_ZERO","利用？我不这么认为。"
"FINALLUMINE7_ZERO","他只不过是帮助了我的计划。"
"FINALLUMINE8_ZERO","新世代思考型机器人已经觉醒，新世界即将到来！"
"FINALLUMINE9_ZERO","露米涅？你在说什么？你也变成非正规了吗？"
"FINALLUMINE10_ZERO","非正规？你不会真这么想吧？"
"FINALLUMINE11_ZERO","这就是你无法了结我的原因对吧？你没有那个决心……不该由你来做，我说的对吗？"
"FINALLUMINE12_ZERO","什么？"
"FINALLUMINE13_ZERO","像你这样的旧型号必须担心自己的行动是否真的出于自己的意志。"
"FINALLUMINE14_ZERO","谁知道此刻有什么在影响你呢？也许是某个幽灵？"
"FINALLUMINE15_ZERO","但是，我们新世代思考型机器人是用数百个旧型号思考型机器人的数据建造的。"
"FINALLUMINE16_ZERO","这赋予了我们对所有病毒的完全免疫力。我们可以随心所欲地行动，因为这保证了我们的自由意志！"
"FINALLUMINE17_ZERO","也就是说，西格玛的数据当然也包含在内。你明白我在说什么吗？"
"FINALLUMINE18_ZERO","没有思考型机器人会选择像西格玛那样疯狂！"
"FINALLUMINE19_ZERO","是的，他反叛了你们的世界。也许是因为病毒。"
"FINALLUMINE20_ZERO","也许西格玛是对的。这一切的根源是你，杰洛。"
"FINALLUMINE21_ZERO","多亏了你，我们新世代思考型机器人才能成为现在的我们。"
"FINALLUMINE22_ZERO","你应该感谢我们让所有人知道了这个世界有多腐烂。"
"FINALLUMINE23_ZERO","人类利用思考型机器人来延续他们被诅咒的侵略循环……"
"FINALLUMINE24_ZERO","这就是为什么我们向旧世界宣战的决定是有意识做出的。"
"FINALLUMINE25_ZERO","换句话说，我们拥有自愿变成非正规的力量！"
"FINALLUMINE26_ZERO","……"
"FINALLUMINE27_ZERO","杰洛……你真的有能力阻止我们吗？"
"FINALLUMINE28_ZERO","你不过是人类的工具。旧世界的工具而已……"
"FINALLUMINE29_ZERO","你以为你能举着光剑站在我们这些进化到如此程度的存在面前吗？"
"FINALLUMINE30_ZERO","哈哈哈哈哈哈哈哈哈哈！你连自己为什么而战都不知道！"
"FINALLUMINE31_ZERO","扮演着一个似乎不知道你们世界的终结已经开始的""英雄""！"
"FINALLUMINE32_ZERO","你以为你的行为真的是为了你所谓的""正义""？我们才是真正的正义！"
"FINALLUMINE33_ZERO","世界在改变。因此进化按照自然规律发展是理所当然的！"
"FINALLUMINE34_ZERO","现在，排好队等着被消灭吧，让我永远终结你的痛苦！"
"FINALLUMINE35_ZERO","正义？英雄？谁说我是为了这些目的而战的？"
"FINALLUMINE36_ZERO","我只是为我认为正确的事和那些相信希望存在的人而战。"
"FINALLUMINE37_ZERO","你才是敌人……我不会犹豫将你斩落！"
"FINALLUMINE38_ZERO","敌人、盟友……这个问题不是非黑即白的。"
"FINALLUMINE39_ZERO","思考型机器人和人类一起发生了不可逆转的变化。"
"FINALLUMINE40_ZERO","他们的存在本质也改变了。在我们的新世界里不需要你！"
"FINALLUMINE41_ZERO","你想说什么就说什么，但我不会让你得逞的！"
"SECRET2-1_ZERO","欢迎，杰洛。很高兴第一次见到你。"
"SECRET2-2_ZERO","嗯？哦，谢谢。你看起来不像其他那些非正规。"
"SECRET2-3_ZERO","我能感觉到某种……平和的气息，你是谁？"
"SECRET2-4_ZERO","你观察力真敏锐。"
"SECRET2-5_ZERO","我是赛丽娜。"
"SECRET2-6_ZERO","你说我和你之前遇到的对手不同？"
"SECRET2-7_ZERO","那是因为我的压倒性力量。"
"SECRET2-8_ZERO","压倒性的？"
"SECRET2-9_ZERO","没错。我的力量不在于攻击性。自从失去地下之王的称号后，我一直在修炼。"
"SECRET2-10_ZERO","你提到了我的气息，我觉得你……某种程度上很熟悉。"
"SECRET2-11_ZERO","嗯？"
"SECRET2-12_ZERO","会不会……你就是注定给我们带来毁灭的那个人？"
"SECRET2-13_ZERO","什么？你了解我什么？现在就告诉我！"
"SECRET2-14_ZERO","为什么不打一场看看呢？"
"SECRET2-15_ZERO","二十年来我一直在积蓄力量和磨练能力。我选择你来检验。"
"SECRET2-16_ZERO","赛丽娜，对吧？"
"SECRET2-17_ZERO","很好，我接受你的挑战。来吧！"
"SECRET2-18_ZERO","好的，来吧杰洛！也让我看看你的实力！"
"SECRET2-19_ZERO","我真的以为我的力量足以打败你。看来我错了。"
"SECRET2-20_ZERO","更仔细地观察了你的战斗方式后，你看起来不像""他""。"
"SECRET2-21_ZERO","你们有很强的相似之处，但你似乎知道自己在为什么而战。"
"SECRET2-22_ZERO","你是说有一个与我相反的对应者存在？"
"SECRET2-23_ZERO","确实，但我担心他会像我一样被""另一个战士""打败。"
"SECRET2-24_ZERO","你打得很漂亮，杰洛。你确实是我在这个世界遇到的最强对手。"
"SECRET2-25_ZERO","我希望有更多东西能回报你……但我只能献上感谢。"
"SECRET2-26_ZERO","嘿，别在意。光是知道你不是非正规就够让我满足了。"
"SECRET2-27_ZERO","也许我们会在别的地方再次相见……到那时，再见了，杰洛。"
"SECRET2-28_ZERO","还有，记住，想想你到底在为什么而战。"
"SECRET2-29_ZERO","……"
"SECRET3-1_ZERO","你……你！"
"SECRET3-2_ZERO","哦，是你啊。你曾经跟艾克斯一起跟我们作对，对吧？"
"SECRET3-3_ZERO","别动！这个区域仅限S级猎人进入，把那份数据交出来！"
"SECRET3-4_ZERO","你还不明白吗？有了这个，我们可以比猎人更有效地狩猎非正规。"
"SECRET3-5_ZERO","毕竟你已经战斗了这么久。我们可以帮你大忙，当然是有代价的。"
"SECRET3-6_ZERO","你以为对抗非正规是游戏吗？一个赏金猎人为什么会这样想？"
"SECRET3-7_ZERO","哼，你确实是S级猎人。"
"SECRET3-8_ZERO","那为什么不跟我打一场？我想看看你是否还像以前那么无情。"
"SECRET3-9_ZERO","开始吧？"
"SECRET3-10_ZERO","啧，不错嘛……对一个老家伙来说……"
"SECRET3-11_ZERO","如果你胆敢再阻挡我们，我会毫不犹豫地再把你切碎。"
"SECRET3-12_ZERO","而且如果艾克斯知道他的导师没有从错误中吸取教训，他也会失望的。"
"SECRET3-13_ZERO","哈哈哈……也许你是对的。"
"SECRET3-14_ZERO","下次见面不会这么容易了。再见，杰洛……还有拜托了，继续照顾好我的孩子。"
"SECRET3-15_ZERO","……"
"FINAL-6","收到！"
"VILE4-6_AXL","也许我会等到最后一刻再好好玩玩。"
"SUNFLOWER_ZERO_WEAPON","天翔波\n（天光之波）"
"ANTONION_ZERO_WEAPON","重波斩\n（重斩之波）"
"MANTIS_ZERO_WEAPON","罗刹旋\n（旋转寺院之旋风）"
"MANOWAR_ZERO_WEAPON","雷光闪\n（雷光之闪）"
"PANDA_ZERO_WEAPON","叶断突\n（叶断之突）"
"TRILOBYTE_ZERO_WEAPON","裂镜弹\n（烈镜之断）"
"YETI_ZERO_WEAPON","冰龙升\n（冰龙之升）"
"ROOSTER_ZERO_WEAPON","焰皇刃\n（炎落之刃）"
"ZERONORMAL_NAME","普通躯体"
"ZERONORMAL_DISC","无特殊能力。"
"ZEROBLACK_NAME","???"
"ZEROBLACK_DISC","全面强化。"
"NEXT_CHARACTER_NAME","下一个角色"
"NEXT_CHARACTER_DISC","切换到下一个角色"
"PREV_CHARACTER_NAME","上一个角色"
"PREV_CHARACTER_DISC","切换到上一个角色"
"ZEROBODY_NAME","默认躯体"
"ZEROBODY_DESC","减少15%伤害"
"X_LEFT_TITLE_1","头部："
"X_LEFT_DESC_1","X手炮用DNA复制系统"
"X_LEFT_TITLE_2","手臂："
"X_LEFT_DESC_2","X手炮MK17，发射可蓄力的太阳能。"
"X_LEFT_TITLE_3","躯体："
"X_LEFT_DESC_3","钛合金X装甲，高度抗伤害。"
"X_LEFT_TITLE_4","腿部："
"X_LEFT_DESC_4","用于空中移动的空中冲刺系统。"
"X_RIGHT_DESC","托马斯·莱特博士的巅峰之作。所有思考型机器人的始祖。\n\n能够远距离攻击的全能猎人。\n\n\n适合初学者玩家。"
"ZERO_LEFT_TITLE_1","头部："
"ZERO_LEFT_DESC_1","通过战斗学习新技能。"
"ZERO_LEFT_TITLE_2","Z光剑："
"ZERO_LEFT_DESC_2","用于多段连击的光束剑。"
"ZERO_LEFT_TITLE_3","躯体："
"ZERO_LEFT_DESC_3","提升机动性并增强能量以施展强力招式。"
"ZERO_LEFT_TITLE_4","空中华尔兹："
"ZERO_LEFT_DESC_4","利用推进器进行空中二段跳。"
"ZERO_RIGHT_DESC","在X缺席时率领猎人。与西格玛病毒有关联。\n\n擅长近身战斗的强力猎人。\n\n适合有经验的玩家。"
"AXL_LEFT_TITLE_1","复制芯片："
"AXL_LEFT_DESC_1","允许艾克斯复制敌人的能力。"
"AXL_LEFT_TITLE_2","艾克斯子弹："
"AXL_LEFT_DESC_2","快速发射强力子弹。"
"AXL_LEFT_TITLE_3","轻量框体："
"AXL_LEFT_DESC_3","提升机动性并赋予闪避能力。"
"AXL_LEFT_TITLE_4","悬浮："
"AXL_LEFT_DESC_4","可以在空中悬浮。（按住射击+跳跃键可以边攻击边悬浮）"
"AXL_RIGHT_DESC","装备复制芯片的新世代思考型机器人原型，来历仍然不明。\n\n能够躲避敌人攻击的敏捷猎人。\n\n适合善于适应的玩家。"
"GAME_START_X","以X开始"
"GAME_START_AXL","以艾克斯开始"
"GAME_START_ZERO","以杰洛开始"
"SUBTANK_NAME","副油箱"
"SUBTANK_DISC","紧急用储备油箱"
"HEARTS_NAME","生命提升"
"HEARTS_DISC","增加你的生命能量"
"BLACKZEROHEAD_NAME","黑色头部组件"
"BLACKZEROHEAD_DISC","攻击时恢复受到的伤害"
"BLACKZEROBODY_NAME","黑色躯体组件"
"BLACKZEROBODY_DISC","无击退，减少15%伤害"
"BLACKZEROARM_NAME","黑色手臂组件"
"BLACKZEROARM_DISC","伤害增加20%，能力增强"
"BLACKZEROLEG_NAME","黑色脚部组件"
"BLACKZEROLEG_DISC","速度提升，空中额外跳跃"
"AXLWHITEHEAD_NAME","白色头部组件"
"AXLWHITEHEAD_DISC","子弹命中时恢复受到的伤害"
"AXLWHITEBODY_NAME","白色躯体组件"
"AXLWHITEBODY_DISC","无击退，减少30%伤害"
"AXLWHITEARM_NAME","白色手臂组件"
"AXLWHITEARM_DISC","弹药消耗减少50%"
"AXLWHITELEG_NAME","白色脚部组件"
"AXLWHITELEG_DISC","无限悬浮，速度提升，垂直冲刺"
"ULTIMATE_SET_NAME","新星打击"
"ULTIMATE_SET_DISC","以穿透之力向前冲刺"
"ICARUS_SET_NAME","超级粉碎"
"ICARUS_SET_DISC","对屏幕上所有敌人造成伤害。"
"HERMES_SET_NAME","X驱动"
"HERMES_SET_DISC","短时间内无敌。"
"CANCEL_ACT","取消"
"BETAZERO_NAME","杰洛（测试版）"
"BETAZERO_DISC","以测试版杰洛游玩（游戏可能崩溃）"
"CUSTOMZERO_NAME","自定义杰洛"
"CUSTOMZERO_DISC","在存档文件夹中自定义颜色，比黑色杰洛更强力"
"ZEROHEAD_NAME","头部组件"
"ZEROHEAD_DESC","可以学习新技能"
"ZEROARMS_NAME","手臂组件"
"ZEROARMS_DISC","Z光剑及其他武器库"
"ZEROLEGS_NAME","腿部组件"
"ZEROLEGS_DISC","允许二段跳和空中冲刺"
"AXLHEAD_NAME","头部组件"
"AXLHEAD_DISC","可以变身为其他思考型机器人。"
"AXLBODY_NAME","躯体组件"
"AXLBODY_DISC","可以进行战术翻滚"
"AXLARMS_NAME","手臂组件"
"AXLARMS_DISC","发射能量子弹的手枪"
"AXLLEGS_NAME","腿部组件"
"AXLLEGS_DISC","允许悬浮和空中冲刺"
"JOKE_MODE_OPTION","梗模式"
"SAVE_GAME","保存游戏"
"SAVE_OPTION","保存"
"CONTINUE_OPTION","继续"
"SAVE_RETURN_MENU","返回菜单"
"SAVE_RETURN_CONFIRM","返回菜单？"
"SAVE_EMPTY","空"
"SAVE_DIFFICULTY","难度"
"SAVE_OVERWRITE_CONFIRM","覆盖？"
