"key","it"
"TOTAL_TIME","Tempo Totale"
"DISCLAIMER1","Questo e' un fangame gratuito.\n\nNon e' affiliato, associato, autorizzato, approvato ne' in alcun modo ufficialmente collegato a Capcom o alle sue sussidiarie o affiliate.\n\nMega Man X e' di proprieta' di Capcom.\nPer favore supportate la release ufficiale!"
"MADE_BY","Un progetto solista di"
"INSPIRED_BY","Ispirato da"
"SPECIALTHANKSTEXT","Questa mod e' stata creata da Zashiko\n\nE decompilata da pirate\nPulizia del progetto di: Rafael Setragni & Claude (AI)\n\nUn ringraziamento speciale a tutti i collaboratori e i tester della mod.\nRitraduzione di: ElevenSSF2 (Mint)"
"16-BIT_TITLE","16-bit"
"OPTIONS_START","OPZIONI"
"KEYCFG_START","CONFIGURAZIONE TASTI"
"GAME_START","INIZIA GIOCO"
"GAME_START_NORMAL","MODALITA' NORMALE"
"GAME_START_ROOKIE","MODALITA' PRINCIPIANTE"
"GAME_START_HARD","MODALITA' DIFFICILE"
"GAME_START_INSANITY","MODALITA' ESTREMA"
"GAME_START_NINJA","MODALITA' NINJA GAIDEN"
"LOAD_GAME","CARICA PARTITA"
"ON_VALUE","ON"
"ON_VALUE_B","ALT"
"OFF_VALUE","OFF"
"EXIT_BUTTON","Esci"
"ARMORSETUP_TITLE","Configurazione Armatura"
"LOADOUT_DISC","Scegli il tuo equipaggiamento."
"DEFAULTHEAD_NAME","Casco Base"
"DEFAULTHEAD_DISC","Parte predefinita."
"DEFAULTBODY_NAME","Corpo Base"
"DEFAULTBODY_DISC","Parte predefinita."
"DEFAULTARMS_NAME","Buster Base"
"DEFAULTARMS_DISC","Parte predefinita."
"DEFAULTLEGS_NAME","Piedi Base"
"DEFAULTLEGS_DISC","Parte predefinita. Puo' eseguire lo scatto aereo."
"HERMESHEAD_NAME","Casco H"
"HERMESHEAD_DISC","Carica il colpo del buster piu' velocemente."
"HERMESBODY_NAME","Corpo H"
"HERMESBODY_DISC","I colpi del buster curano i danni subiti."
"HERMESARMS_NAME","Buster H"
"HERMESARMS_DISC","I colpi delle armi non consumano munizioni."
"HERMESLEGS_NAME","Piedi H"
"HERMESLEGS_DISC","Invincibilita' durante lo scatto."
"ICARUSHEAD_NAME","Casco I"
"ICARUSHEAD_DISC","Crea un'area di danno durante il salto."
"ICARUSBODY_NAME","Corpo I"
"ICARUSBODY_DISC","Immune al contraccolpo."
"ICARUSARMS_NAME","Buster I"
"ICARUSARMS_DISC","I colpi caricati non consumano munizioni."
"ICARUSLEGS_NAME","Piedi I"
"ICARUSLEGS_DISC","Salto Alto e Doppio Scatto Aereo."
"ULTIMATEHEAD_NAME","Casco U"
"ULTIMATEHEAD_DISC","Area di danno durante il salto e carica piu' veloce."
"ULTIMATEBODY_NAME","Corpo U"
"ULTIMATEBODY_DISC","Nessun contraccolpo e il Buster cura i danni subiti."
"ULTIMATEARMS_NAME","Buster Ultimate"
"ULTIMATEARMS_DISC","I colpi non consumano munizioni."
"ULTIMATELEGS_NAME","Piedi U"
"ULTIMATELEGS_DISC","Mobilita' migliorata e Scatto Invincibile."
"AXLNORMAL_NAME","Armatura Standard"
"AXLNORMAL_DISC","Senza abilita' speciali."
"AXLWHITE_NAME","???"
"AXLWHITE_DISC","Potenziamenti generali."
"TANK_ABV","S.RIS"
"OPTIONS_ABV","OPZIONI"
"KEYCFG_ABV","TASTI"
"ACHIEV_ABV","Obiett"
"X_WPNMENU","X. Buster"
"SUNFLOWER_WPNMENU","O. Shield"
"ANTONION_WPNMENU","S. Bomb"
"MANTIS_WPNMENU","D. Arrow"
"MANOWAR_WPNMENU","T. Dancer"
"PANDA_WPNMENU","B. Launcher"
"TRILOBYTE_WPNMENU","C. Bouncer"
"YETI_WPNMENU","D. Diamond"
"ROOSTER_WPNMENU","F. Dash"
"AXL_WPNMENU","Axl Bullet"
"SUNFLOWER_AXL_WPNMENU","Ray Gun"
"ANTONION_AXL_WPNMENU","Spiral Magnum"
"MANTIS_AXL_WPNMENU","Black Arrow"
"MANOWAR_AXL_WPNMENU","Plasma Gun"
"PANDA_AXL_WPNMENU","Blast Launcher"
"TRILOBYTE_AXL_WPNMENU","Bound Blaster"
"YETI_AXL_WPNMENU","Ice Gattling"
"ROOSTER_AXL_WPNMENU","Flame Burner"
"SUNFLOWER_ZERO_WPNMENU","Tenshouha"
"ANTONION_ZERO_WPNMENU","Juuhazan"
"MANTIS_ZERO_WPNMENU","Rasetsusen"
"MANOWAR_ZERO_WPNMENU","Raikousen"
"PANDA_ZERO_WPNMENU","Youdantotsu"
"TRILOBYTE_ZERO_WPNMENU","Rekkyoudan"
"YETI_ZERO_WPNMENU","Hyouryuushou"
"ROOSTER_ZERO_WPNMENU","Enkoujin"
"SUNFLOWER_ZERO_DISC","Giu' + Colpo 2"
"ANTONION_ZERO_DISC","Colpo 2"
"MANTIS_ZERO_DISC","Colpo 2 (Aria)"
"MANOWAR_ZERO_DISC","Scatto + Colpo 2"
"PANDA_ZERO_DISC","Sinistra/Destra + Colpo 2"
"TRILOBYTE_ZERO_DISC","Passivo"
"YETI_ZERO_DISC","Su + Colpo 2"
"ROOSTER_ZERO_DISC","Giu' + Colpo 2 (Aria)"
"ZERO_WPNMENU","Z-Saber"
"BFAN_WPNMENU","B-Fan"
"DGLAIVE_WPNMENU","D-Glaive"
"TBREAKER_WPNMENU","T-Breaker"
"KKNUCKLE_WPNMENU","K-Knuckle"
"VHANGER_WPNMENU","V-Hanger"
"SIGMABLADE_WPNMENU","Sigma-Blade"
"YOUGOT_TITLE","Hai ottenuto"
"SUNFLOWER_WEAPON","Optic Shield"
"ANTONION_WEAPON","Squeeze Bomb"
"MANTIS_WEAPON","Dark Arrow"
"MANOWAR_WEAPON","Thunder Dancer"
"PANDA_WEAPON","Blast Launcher"
"TRILOBYTE_WEAPON","Crystal Bouncer"
"YETI_WEAPON","Drift Diamond"
"ROOSTER_WEAPON","Fire Dash"
"OPTIONS_TITLE","OPZIONI"
"LANGUAGE_OPTION","Lingua"
"BOSS_REMIX_OPTION","Boss Remix"
"REMIX_OPTION","16-bit Remix"
"DT_DASH_OPTION","Scatto doppio tocco"
"SKIP_DIAG_OPTION","Dialoghi Saltabili"
"CHARGE_OPTION","Dissolvenza carica"
"ACHIEV_OPTION","Mostra Obiettivi"
"MUSIC_OPTION","Volume Musica"
"SOUND_OPTION","Volume Effetti"
"VSync","VSync"
"FPS_OPTION","FPS Obiettivo"
"FPS_PHYSICS_OPTION","FPS Fisica"
"FPS_UNCAPPED","Illimitati"
"WSIZE_OPTION","Dimensione Finestra"
"FULLSCREEN_OPTION","Schermo Intero"
"STRETCH_OPTION","Modalita' Allungamento"
"STRETCH_OPTION_VIEWPORT","Senza interpolazione"
"STRETCH_OPTION_2D","Interpolato"
"CRT_OPTION","Filtro CRT"
"LIGHT_VALUE","Leggero"
"STRONG_VALUE","Forte"
"DEBUG_OPTION","Mostra Debug"
"SHOWIGT_OPTION","Mostra IGT"
"GATEWAYSKIP_OPTION","Salta Gateway"
"ASPECT_OPTION","Rapporto d'Aspetto"
"IGNORE_VALUE","ignora"
"KEEP_VALUE","mantieni"
"KEYCFG_TITLE","CONFIGURAZIONE TASTI"
"EXIT_MAINMENU","Torna alla schermata del titolo"
"ACTION_CTG","Azione"
"KEYBOARD_CTG","Tastiera"
"JOYPAD_CTG","Controller"
"LEFT_ACT","sinistra"
"RIGHT_ACT","destra"
"NEWGAME_OPTION","Nuova partita+"
"CLEARSAVE_OPTION","Cancella salvataggio e ripristina"
"CLEARSAVE_CONFIRM","Premi di nuovo per confermare"
"RESET_ACHIEV","Cancella Progressi Obiettivi"
"CLEARSAVE_CONFIRM","Premi di nuovo per confermare"
"RESET_ACHIEV_FINISHED","Progressi Obiettivi Cancellati."
"UP_ACT","su"
"DOWN_ACT","giu'"
"SHOT_ACT","colpo"
"SHOT2_ACT","colpo2"
"JUMP_ACT","salto"
"DASH_ACT","scatto"
"ARMORABILITY_ACT","Abilita' Armatura"
"PREV_ACT","arma prec."
"NEXT_ACT","arma succ."
"PAUSE_ACT","menu pausa"
"CONFIRM_ACT","conferma menu"
"WPNLEFT_ACT","ruota sinistra"
"WPNRIGHT_ACT","ruota destra"
"WPNUP_ACT","ruota su"
"WPNDOWN_ACT","ruota giu'"
"WPNRESET_ACT","Seleziona Buster"
"ACHIEV_SCREEN_TITLE","Obiettivi"
"ACHIEVEMENTSUNLOCKED","Obiettivi Sbloccati"
"DEBUGACHIEVTITLE","Obiettivo Bloccato..."
"DEBUGACHIEVDISC","Hai usato la Modalita' Debug."
"BEATINTRO_DISC","Hai sconfitto il Boss di Noah's Park."
"BEATINTRO_TITLE","Good to see you again"
"COLLECTALLHEARTS_DISC","Hai raccolto tutti i Serbatoi Cuore."
"COLLECTALLHEARTS_TITLE","Strider"
"COLLECTALLSUBTANKS_DISC","Hai raccolto tutti i Serbatoi Secondari."
"COLLECTALLSUBTANKS_TITLE","Virtue's Last Reward"
"COLLECTFULLHERMES_DISC","Hai raccolto tutte le Parti dell'Armatura Hermes."
"COLLECTFULLHERMES_TITLE","Soul Eraser"
"COLLECTFULLICARUS_DISC","Hai raccolto tutte le Parti dell'Armatura Icarus."
"COLLECTFULLICARUS_TITLE","Command Mission"
"SURFEDONMISSILE_DISC","Hai surfato nei cieli per 6 secondi."
"SURFEDONMISSILE_TITLE","Bomb Rush Cyberfunk"
"DEFEATEDALL_DISC","Hai sconfitto tutti gli otto Boss Maverick."
"DEFEATEDALL_TITLE","The Orbital Elevator"
"DEFEATEDANY_DISC","Hai sconfitto uno qualsiasi dei Boss Maverick."
"DEFEATEDANY_TITLE","New Generation Reploids"
"GIGACRUSHKILL_DISC","Hai finito un Boss con il Giga Crash."
"GIGACRUSHKILL_TITLE","Cataclysm"
"PELEDOSGAMES_DISC","Hai palleggiato bene con l'Armatura dopo aver sconfitto il Boss."
"PELEDOSGAMES_TITLE","Pel√© of the Games"
"PERFECTKILL_DISC","Hai sconfitto un Boss senza armi speciali, senza subire danni e senza potenziamenti."
"PERFECTKILL_TITLE","Mark of the Wolves"
"XDRIVEDODGE_DISC","Hai usato XDrive durante un Attacco Disperato."
"XDRIVEDODGE_TITLE","Mark of the Ninja"
"GIGACRUSHKILL_DISC","Hai finito un Boss con il Giga Crash."
"GIGACRUSHKILL_TITLE","Cataclysm"
"ANTONIONBUSTERONLY_DISC","Hai sconfitto Gravity Antonion senza usare armi speciali."
"ANTONIONBUSTERONLY_TITLE","Don't attach Labels to me"
"ANTONIONNAKED_DISC","Hai sconfitto Gravity Antonion senza equipaggiare potenziamenti."
"ANTONIONNAKED_TITLE","Not after Praise"
"ANTONIONNODAMAGE_DISC","Hai sconfitto Gravity Antonion senza subire danni."
"ANTONIONNODAMAGE_TITLE","An Incredible Scientist"
"ANTONIONNOROTATION_DISC","Hai raggiunto la fine di Primrose senza ruotare lo stage e morire."
"ANTONIONNOROTATION_TITLE","Portal"
"MANOWARBUSTERONLY_DISC","Hai sconfitto Gigabolt Manowar senza usare armi speciali."
"MANOWARBUSTERONLY_TITLE","I'm in complete control"
"MANOWARNAKED_DISC","Hai sconfitto Gigabolt Manowar senza equipaggiare potenziamenti."
"MANOWARNAKED_TITLE","Who are you, anyway?"
"MANOWARNODAMAGE_DISC","Hai sconfitto Gigabolt Manowar senza subire danni."
"MANOWARNODAMAGE_TITLE","Not doing anything wrong"
"MANOWARDOOREXPLODED_DISC","Ti sei fatto strada a forza attraverso Dynasty."
"MANOWARDOOREXPLODED_TITLE","Gotta Go Fast"
"MANTISBUSTERONLY_DISC","Hai sconfitto Dark Mantis senza usare armi speciali."
"MANTISBUSTERONLY_TITLE","Let my blade show you"
"MANTISNAKED_DISC","Hai sconfitto Dark Mantis senza equipaggiare potenziamenti."
"MANTISNAKED_TITLE","Can't go Maverick, Kid"
"MANTISNODAMAGE_DISC","Hai sconfitto Dark Mantis senza subire danni."
"MANTISNODAMAGE_TITLE","Your precious ""Justice"""
"MANTISLIT_DISC","Hai messo fine all'oscurita' in Pitch Black."
"MANTISLIT_TITLE","Shining In The Darkness"
"MANTISUNDETECTED_DISC","Hai evitato tutti i riflettori in Pitch Black."
"MANTISUNDETECTED_TITLE","Shadow Tactics"
"PANDABUSTERONLY_DISC","Hai sconfitto Bamboo Pandamonium senza usare armi speciali."
"PANDABUSTERONLY_TITLE","Sole purpose to Destroy"
"PANDANAKED_DISC","Hai sconfitto Bamboo Pandamonium senza equipaggiare potenziamenti."
"PANDANAKED_TITLE","We are forced to Fight"
"PANDANODAMAGE_DISC","Hai sconfitto Bamboo Pandamonium senza subire danni."
"PANDANODAMAGE_TITLE","Never thought yourself?"
"PANDARIDEREACHED_DISC","Hai raggiunto la fine di Booster Forest con la Ride Armor Cyclops."
"PANDARIDEREACHED_TITLE","Probotector"
"ROOSTERBUSTERONLY_DISC","Hai sconfitto Burn Rooster senza usare armi speciali."
"ROOSTERBUSTERONLY_TITLE","The Price I have to pay"
"ROOSTERNAKED_DISC","Hai sconfitto Burn Rooster senza equipaggiare potenziamenti."
"ROOSTERNAKED_TITLE","Labeled Maverick"
"ROOSTERNODAMAGE_DISC","Hai sconfitto Burn Rooster senza subire danni."
"ROOSTERNODAMAGE_TITLE","This is no ordinary Riot"
"ROOSTERFROZEN_DISC","Hai fermato il Muro di Lava a Inferno."
"ROOSTERFROZEN_TITLE","Hades"
"SUNFLOWERBUSTERONLY_DISC","Hai sconfitto Optic Sunflower senza usare armi speciali."
"SUNFLOWERBUSTERONLY_TITLE","No one can control us"
"SUNFLOWERNAKED_DISC","Hai sconfitto Optic Sunflower senza equipaggiare potenziamenti."
"SUNFLOWERNAKED_TITLE","We're no Monsters"
"SUNFLOWERNODAMAGE_DISC","Hai sconfitto Optic Sunflower senza subire danni."
"SUNFLOWERNODAMAGE_TITLE","What we're after"
"SUNFLOWERGOTSSSRANK_DISC","Hai ottenuto il Grado S in tutte le sfide in una singola partita."
"SUNFLOWERGOTSSSRANK_TITLE","Gravity Circuit"
"TRILOBYTEBUSTERONLY_DISC","Hai sconfitto Earthrock Trilobyte senza usare armi speciali."
"TRILOBYTEBUSTERONLY_TITLE","The Ore we mine"
"TRILOBYTENAKED_DISC","Hai sconfitto Earthrock Trilobyte senza equipaggiare potenziamenti."
"TRILOBYTENAKED_TITLE","Old heaps of Junk"
"TRILOBYTENODAMAGE_DISC","Hai sconfitto Earthrock Trilobyte senza subire danni."
"TRILOBYTENODAMAGE_TITLE","Brainless Maverick Hunter"
"YETIBUSTERONLY_DISC","Hai sconfitto Avalanche Yeti senza usare armi speciali."
"YETIBUSTERONLY_TITLE","It's too late..."
"YETINAKED_DISC","Hai sconfitto Avalanche Yeti senza equipaggiare potenziamenti."
"YETINAKED_TITLE","You Old model Reploids"
"YETINODAMAGE_DISC","Hai sconfitto Avalanche Yeti senza subire danni."
"YETINODAMAGE_TITLE","Puny Maverick Hunter"
"YETIDOOREXPLODED_DISC","Ti sei fatto strada a forza attraverso Central White."
"YETIDOOREXPLODED_TITLE","Sonic Drive"
"VILEJAKOBBUSTERONLY_DISC","Hai sconfitto Vile senza usare armi speciali."
"VILEJAKOBBUSTERONLY_TITLE","Piecing it Together"
"VILEJAKOBNAKED_DISC","Hai sconfitto Vile senza equipaggiare potenziamenti."
"VILEJAKOBNAKED_TITLE","For a World that's Doomed"
"VILEJAKOBNODAMAGE_DISC","Hai sconfitto Vile senza subire danni."
"VILEJAKOBNODAMAGE_TITLE","At times like this"
"VILEDEFEATEDTWICE_DISC","Hai sconfitto Vile due volte."
"VILEDEFEATEDTWICE_TITLE","Our little Reunion"
"VILEDEVILBEARDEFEATED_DISC","Hai sconfitto Devil Bear prima di terminare la battaglia."
"VILEDEVILBEARDEFEATED_TITLE","Steel Assault"
"VILEJAKOBDEFEATED_DISC","Hai sconfitto Vile in cima all'Ascensore Orbitale."
"VILEJAKOBDEFEATED_TITLE","The route to Space"
"VILESIGMADEFEATED_DISC","Hai sconfitto Vile al Palazzo di Sigma."
"VILESIGMADEFEATED_TITLE","Hope remains"
"GATEWAYFIESTA_DISC","Sei sopravvissuto alla sfida piu' difficile del Gateway."
"GATEWAYFIESTA_TITLE","Desperados"
"COPYBUSTERONLY_DISC","Hai sconfitto l'Impostore senza usare armi speciali."
"COPYBUSTERONLY_TITLE","Your world has Decayed"
"COPYNAKED_DISC","Hai sconfitto l'Impostore senza equipaggiare potenziamenti."
"COPYNAKED_TITLE","Put a stop to what?"
"COPYNODAMAGE_DISC","Hai sconfitto l'Impostore senza subire danni."
"COPYNODAMAGE_TITLE","I am indeed Sigma"
"COPYDEFEATED_DISC","Hai sconfitto l'Impostore."
"COPYDEFEATED_TITLE","Time for our Final Showdown"
"SIGMANAKED_DISC","Hai sconfitto Sigma senza equipaggiare potenziamenti."
"SIGMANAKED_TITLE","Ruler of the New World"
"SIGMANODAMAGE_DISC","Hai sconfitto Sigma senza subire danni."
"SIGMANODAMAGE_TITLE","Our Meeting was Fated"
"LUMINENAKED_DISC","Hai sconfitto il Boss Finale senza equipaggiare potenziamenti."
"LUMINENAKED_TITLE","I supose you're satisfied"
"LUMINENODAMAGE_DISC","Hai sconfitto il Boss Finale senza subire danni."
"LUMINENODAMAGE_TITLE","Of course I'm Ok"
"SERAPHNAKED_DISC","Hai sconfitto la Seconda Fase del Boss Finale senza equipaggiare potenziamenti."
"SERAPHNAKED_TITLE","Do you have what it takes?"
"SERAPHNODAMAGE_DISC","Hai sconfitto la Seconda Fase del Boss Finale senza subire danni."
"SERAPHNODAMAGE_TITLE","Accursed Cycle of Aggression"
"SERAPHDEFEATED_DISC","Hai completato il gioco."
"SERAPHDEFEATED_TITLE","Tools of the Old World"
"SECRET1DEFEATED_DISC","Hai sconfitto il Boss Segreto."
"SECRET1DEFEATED_TITLE","Corridors of Time"
"SECRET2DEFEATED_DISC","Hai sconfitto il Boss Segreto n.2."
"SECRET2DEFEATED_TITLE","Cycle of the Six Existences"
"SECRET3DEFEATED_DISC","Hai sconfitto il Boss Segreto n.3."
"SECRET3DEFEATED_TITLE","Dual Destinies"
"COLLECTBLACKZERO_TITLE","Maverick's Worst Nightmare"
"COLLECTBLACKZERO_DISC","Sblocca l'Armatura Nera. Vai, il mio piu' grande capolavoro, sei il robot piu' forte di tutti."
"COLLECTWHITEAXL_TITLE","Unknown Power"
"COLLECTWHITEAXL_DISC","Sblocca l'Armatura Bianca. Nonostante tutto, sei ancora tu......vero?"
"COLLECTULTIMATEX_TITLE","For Everlasting Peace"
"COLLECTULTIMATEX_DISC","Sblocca l'Armatura Ultimate. Vai ora Maverick Hunter, sei l'ultima speranza dell'umanita'."
"ZERODEFEATED_DISC","Sconfiggi Zero nella sua Forma Risvegliata."
"ZERODEFEATED_TITLE","The Decisive Battle"
"STAGE_DC","Stage"
"BOSS_DC","Boss"
"COMPLETION_DC","Completato"
"NOAHSPARK_STAGE","Noah's Park"
"NOAHSPARK_NAME","King Crabs-Y"
"SUNFLOWER_STAGE","Troia Base"
"SUNFLOWER_NAME","Optic Sunflower"
"ANTONION_STAGE","Primrose"
"ANTONION_NAME","Gravity Antonion"
"MANTIS_STAGE","Pitch Black"
"MANTIS_NAME","Dark Mantis"
"MANOWAR_STAGE","Dynasty"
"MANOWAR_NAME","Gigabolt Manowar"
"PANDA_STAGE","Booster Forest"
"PANDA_NAME","Bamboo Pandamonium"
"TRILOBYTE_STAGE","Metal Valley"
"TRILOBYTE_NAME","Earthrock Trilobyte"
"YETI_STAGE","Central White"
"YETI_NAME","Avalanche Yeti"
"ROOSTER_STAGE","Inferno"
"ROOSTER_NAME","Burn Rooster"
"JAKOB_STAGE","Jakob Elevator"
"GATEWAY_STAGE","Gateway"
"SIGMA_STAGE","Sigma Palace"
"HERMESHEAD1","X... Avevo previsto che un giorno sarebbe potuto succedere qualcosa del genere, cosi' ho preparato delle parti per te."
"HERMESHEAD2","Questa volta, voglio che provi il Casco H."
"HERMESHEAD3","Questa parte aumentera' la velocita' di carica delle tue armi quando equipaggiata."
"HERMESHEAD4","Sali sulla capsula per equipaggiare questa nuova abilita', X."
"HERMESBODY1","X... Avevo previsto che un giorno sarebbe potuto succedere qualcosa del genere, cosi' ho preparato delle parti per te."
"HERMESBODY2","Ecco qui... Prova il Corpo H."
"HERMESBODY3","Con questa parte equipaggiata, potrai curare i danni subiti colpendo o distruggendo i nemici."
"HERMESBODY4","Sali sulla capsula per equipaggiare questa nuova abilita', X."
"HERMESARMS1","X... Avevo previsto che un giorno sarebbe potuto succedere qualcosa del genere, cosi' ho preparato delle parti per te."
"HERMESARMS2","Ecco, prova queste Parti Buster H."
"HERMESARMS3","Equipaggiare questa parte ti concedera' un Attacco Caricato a Ventaglio."
"HERMESARMS4","Le tue armi inoltre non consumeranno energia quando sparate, tranne quando esegui un Colpo Caricato."
"HERMESARMS5","Sali sulla capsula per equipaggiare questa nuova abilita', X."
"HERMESLEGS1","X... Avevo previsto che un giorno sarebbe potuto succedere qualcosa del genere, cosi' ho preparato delle parti per te."
"HERMESLEGS2","Prova questi Piedi H."
"HERMESLEGS3","Concedera' al tuo scatto l'invincibilita' agli attacchi nemici, sia a terra che in aria."
"HERMESLEGS4","Sali sulla capsula per equipaggiare questa nuova abilita', X."
"ICARUSHEAD1","X... Avevo previsto che un giorno sarebbe potuto succedere qualcosa del genere, cosi' ho preparato delle parti per te."
"ICARUSHEAD2","Eccoti... il Casco I."
"ICARUSHEAD3","Con questa parte equipaggiata, causerai danni ai nemici saltando vicino a loro."
"ICARUSHEAD4","Sali sulla capsula per equipaggiare questa nuova abilita', X."
"ICARUSBODY1","X... Avevo previsto che un giorno sarebbe potuto succedere qualcosa del genere, cosi' ho preparato delle parti per te."
"ICARUSBODY2","Questa volta, voglio che provi il Corpo I."
"ICARUSBODY3","Se lo equipaggi, subirai meno danni del normale e i nemici non potranno spingerti indietro."
"ICARUSBODY4","Sali sulla capsula per equipaggiare questa nuova abilita', X."
"ICARUSARMS1","X... Avevo previsto che un giorno sarebbe potuto succedere qualcosa del genere, cosi' ho preparato delle parti per te."
"ICARUSARMS2","Ho nuove parti per te... Sono le Parti Buster I."
"ICARUSARMS3","Equipaggia questa parte e otterrai la capacita' di sparare un potente Colpo Caricato Laser."
"ICARUSARMS4","Inoltre, quando usi le tue armi speciali caricate, non consumeranno energia."
"ICARUSARMS5","Sali sulla capsula per equipaggiare questa nuova abilita', X."
"ICARUSLEGS1","X... Avevo previsto che un giorno sarebbe potuto succedere qualcosa del genere, cosi' ho preparato delle parti per te."
"ICARUSLEGS2","Queste nuove parti... Sono i Piedi I."
"ICARUSLEGS3","Equipaggia questa parte per saltare molto piu' in alto del normale e scattare in aria due volte."
"ICARUSLEGS4","Sali sulla capsula per equipaggiare questa nuova abilita', X."
"INTRO2-1","Qui e' X! Sono vicino al luogo dell'incidente presso l'Ascensore Orbitale!"
"INTRO2-2","Il posto e' infestato di Maverick!"
"INTRO2-3","Mi faro' strada fino al sito. Preparatevi a inviare i mechaniloid di soccorso al mio segnale!"
"INTRO2-4","Ricevuto!"
"INTRO2-5","S-Sigma...!?"
"INTRO2-6","Per proteggerci dai danni durante l'incidente..."
"INTRO2-7","Abbiamo dovuto copiare un robusto corpo di Sigma."
"INTRO2-8","Noi Reploid di Nuova Generazione godiamo di immunita' completa e totale a tutti i virus."
"INTRO2-9","Quindi copiare qualcosa di pericoloso come Sigma non comporta alcun rischio."
"INTRO2-10","Chi sei tu?"
"INTRO2-11","Sono Lumine..."
"INTRO2-12","Sono il direttore responsabile dell'ascensore e del Progetto Jakob."
"INTRO2-13","Capisco. Resisti, daro' il segnale alla mia squadra per inviare i soccor-"
"INTRO3-1","Che piacere rivederti, X!"
"INTRO3-2","Vile?!"
"INTRO3-3","Ha ha ha... Mi piacerebbe restare a giocare con te, ma temo di avere troppo lavoro da fare..."
"INTRO3-4","Sei un criminale ricercato! Fermati e lascia andare Lumine!"
"INTRO3-5","Neanche per sogno. L'Ascensore Orbitale e' sotto il nostro controllo adesso..."
"INTRO3-6","Cosa avete intenzione di fare?!"
"INTRO3-7","Comincia ora, X. Un nuovo mondo sta per nascere!"
"INTRO3-8","Ha ha ha ha ha ha ha ha ha ha!"
"ANTONION1","Gravity Antonion... Eri uno scienziato incredibile. Cosa ti e' successo?"
"ANTONION2","Scienziato incredibile? Chi sei tu per dire certe cose?"
"ANTONION3","Non porto avanti le mie ricerche per ottenere elogi da gente come te."
"ANTONION4","E' stato lui... E' stato Sigma a farti diventare Maverick?"
"ANTONION5","Maverick? Ancora una volta, mi appiccichi delle etichette. Che arroganza!"
"ANTONION6","In ogni caso, se scegli di ostacolarmi, ti distruggero'!"
"MANOWAR1","Gigabolt Manowar!"
"MANOWAR2","Ripristina la fornitura di energia di Abel City! Se non lo fai, la citta' sara' distrutta!"
"MANOWAR3","... ... ..."
"MANOWAR4","...Non sto facendo niente di male... Chi sei tu, comunque?"
"MANOWAR5","Sono Mega Man X. Sono un Maverick Hunter."
"MANOWAR6","E' stato Sigma a farti diventare Maverick?"
"MANOWAR7","Non sono un Maverick... Ho il pieno controllo di me stesso e delle mie azioni..."
"MANOWAR8","Sto lavorando duramente per realizzare il nostro sogno di un nuovo mondo...!"
"MANOWAR9","Sei diventato Maverick! Dovro' fermarti!"
"MANTIS1","Ehi! Cosa ci fa un Maverick Hunter qui?"
"MANTIS2","Dark Mantis... Sei diventato Maverick. Mettero' fine alla tua produzione di armi."
"MANTIS3","Noi Reploid di Nuova Generazione siamo progettati in modo da non poter diventare Maverick, ragazzino."
"MANTIS4","Allora perche' stai fabbricando armi? E' Sigma che ti controlla?"
"MANTIS5","E cosa controlla te, X? La tua preziosa ""giustizia""? E' cosi'?"
"MANTIS6","Dark Mantis... Le tue azioni sono quelle di un Maverick!"
"MANTIS7","Non sorprende che voi Reploid vecchio modello non capiate proprio nulla."
"MANTIS8","Lascia che la mia lama ti mostri quanto sia fuorviante la tua cosiddetta ""giustizia""!"
"PANDA1","Lo sapevi che la prima forma di razzistica furono i missili usati in guerra?"
"PANDA2","Tutta la storia e' stata spesa a creare cose il cui unico scopo e' distruggere. Missili... Reploid..."
"PANDA3","Di cosa stai parlando? Nessun Reploid desidera la distruzione."
"PANDA4","Vuoi dirmi che non hai mai pensato certe cose tu stesso, X?"
"PANDA5","Che questo mondo desidera la distruzione e nient'altro?"
"PANDA6","E' cio' che crede Sigma? Ma... Questo e'..."
"PANDA7","So cosa stai per dire."
"PANDA8","Pensi che questa idea sia da Maverick, vero?"
"PANDA9","Ecco perche' siamo costretti a combattere, vedi."
"ROOSTER1","Sai cos'e' questo posto, X?"
"ROOSTER2","E' il centro di smaltimento rifiuti di confine. Dove i rifiuti vengono pressati e bruciati..."
"ROOSTER3","Burn Rooster, perche' hai scatenato una rivolta? E' Sigma che ti controlla?"
"ROOSTER4","Questa non e' una rivolta qualsiasi. E' la vendetta per tutti i Reploid che avete etichettato come Maverick e gettato in questa discarica!"
"ROOSTER5","I Maverick portano solo disastri e distruzione! Non abbiamo altra scelta che fermarli!"
"ROOSTER6","Questa e' quella che chiami giustizia? Sei tu che dovresti essere rottamato!"
"ROOSTER7","Cosa ha intenzione di fare Sigma? Sai, ti sta solo usando. Niente di piu'!"
"ROOSTER8","Usarmi? Se questo e' il prezzo da pagare per dare vita al nuovo mondo, che sia!"
"ROOSTER9","Non c'e' posto per Reploid come te nel nuovo mondo che creeremo!"
"SUNFLOWER1","X... Visto che sei arrivato fin qui, devi averlo capito."
"SUNFLOWER2","Devi avere un'idea di quello che cerchiamo qui."
"SUNFLOWER3","Voi Maverick... Siete sotto il controllo di Sigma, vero?"
"SUNFLOWER4","Spiacente di deluderti, ma nessuno puo' controllarci."
"SUNFLOWER5","Forse non siamo i buoni, ma non siamo dei mostri."
"SUNFLOWER6","Nessuno ha il diritto di fermare i nostri piani!"
"TRILOBYTE1","Ti rendi conto che il minerale che estraiamo qui viene usato per lo sviluppo spaziale?"
"TRILOBYTE2","Sigma deve esserci dietro! Cosa vuole fare con questi minerali?"
"TRILOBYTE3","Anche se te lo spiegassi, dubito che un Maverick Hunter senza cervello come te potrebbe capire."
"TRILOBYTE4","Vi seppelliro' vecchi rottami proprio qui!"
"YETI1","Non vi permettero' di ostacolarci."
"YETI2","Avalanche Yeti! Cosa credi di fare?"
"YETI3","Non consideriamo piu' il vostro mondo come ideale. Voi Reploid vecchio modello non avete nulla a che fare qui."
"YETI4","Vattene, X!"
"YETI5","Neanche per idea! Se non ripariamo questo sistema, l'equilibrio ecologico del mondo e' a rischio!"
"YETI6","Hmph. E' troppo tardi, X."
"YETI7","Tu e i tuoi miseri Maverick Hunter avete perso!"
"VILE1-1","Vile!"
"VILE1-2","Dove hai portato Lumine? Hai intenzione di ostacolare il Progetto Jakob?"
"VILE1-3","Riuniti dopo tutto questo tempo e tutto cio' che fai e' bombardarmi di domande?"
"VILE1-4","Non preoccuparti per il nostro amichetto. Lumine e' in buone mani. Ha ha ha..."
"VILE1-5","L'Ascensore Orbitale e' troppo importante per noi per far del male a chi lo gestisce."
"VILE1-6","Non capisci cosa state facendo?"
"VILE1-7","Il Progetto Jakob e' un'importante impresa congiunta tra umani e Reploid!"
"VILE1-8","Calmati, X..."
"VILE1-9","Godiamoci questa piccola riunione, ok?"
"VILE2-1","Vile!"
"VILE2-2","Sono stufo di inseguirti. Lascia andare Lumine. Subito!"
"VILE2-3","Ha ha ha... Lumine? Sempre l'ottimista, eh?"
"VILE2-4","Guardati intorno, sciocco! Il tuo mondo ha gia' iniziato a crollare! Sei cosi' ottuso da pensare di essere in posizione per fare richieste?"
"VILE2-5","Il mondo come lo conosci? I Maverick? Ditegli addio!"
"VILE2-6","Caos, rovina e distruzione! E' per questo che siamo stati costruiti!"
"VILE3-1","Ha ha ha! Ti stai dando un gran da fare per un mondo condannato!"
"VILE3-2","Allora, era Sigma a tirare i fili per tutto il tempo, vero, Vile?"
"VILE3-3","Ha ha ha... Stai finalmente cominciando a capire, X?"
"VILE3-4","L'Ascensore Orbitale... l'energia... i minerali spaziali... i dati sui razzi..."
"VILE3-5","La via per lo spazio... la cosa che ha permesso a questo mondo di sopravvivere cosi' a lungo... e' nostra!"
"VILE3-6","In momenti come questi, quanto conta il vostro prezioso termine ""Maverick""?"
"VILE3-7","Non mi importa cosa avete intenzione di fare. Vi fermero' a qualunque costo!"
"VILE4-1","Quindi, ti rifiuti ancora di arrenderti, eh?"
"VILE4-2","Sei cosi' cieco da esserti convinto che esista ancora speranza?"
"VILE4-3","Finche' sono in piedi, c'e' speranza!"
"VILE4-4","Sconfiggero' sia te che Sigma!"
"VILE4-5","Ha ha ha... Suppongo che sarebbe uno spreco distruggerti adesso..."
"VILE4-6","Forse aspettero' l'ultimo momento possibile per divertirmi un po'!"
"COPYSIGMA1","Sigma!?"
"COPYSIGMA2","Ti permettero' di chiamarmi con quel nome, perche' io sono davvero Sigma."
"COPYSIGMA3","Hai intenzione di vendicarti su ogni Reploid... Ogni umano... Nel mondo intero?"
"COPYSIGMA4","Sei completamente pazzo! Mettero' fine a tutto questo adesso!"
"COPYSIGMA5","Mettere fine a cosa? Controlliamo gia' la luna."
"COPYSIGMA6","Quel vecchio mondo e' decaduto e marcito. Inaugureremo un nuovo mondo per sostituirlo!"
"COPYSIGMA7","Ma, prima di quello, X, forse e' tempo per la nostra resa dei conti finale!"
"SIGMA1","Benvenuto, Maverick Hunter. E' bello rivederti, X."
"SIGMA2","Il nostro incontro era predestinato, X. I nostri destini si scontrano qui e ora."
"SIGMA3","E' giunto il momento di inaugurare una nuova era. E la tua distruzione, X, ne e' una parte essenziale."
"SIGMA4","..."
"SIGMA5","La tua dedizione a cio' che chiami ""giustizia"" e' stata la prima cosa che mi ha fatto riflettere..."
"SIGMA6","Ho capito l'imperfezione di questo mondo e ho deciso che dovevo cambiarlo."
"SIGMA7","Non dare la colpa a me per la tua follia, Sigma!"
"SIGMA8","Ha ha ha... e' troppo tardi, X. Gli ingranaggi sono in movimento. Non si torna indietro."
"SIGMA9","I Reploid di Nuova Generazione sono stati loro, X. I miei figli sono responsabili di tutto questo..."
"SIGMA10","Figli? Di cosa stai parlando!?"
"SIGMA11","Il Progetto Jakob... Il programma che ha dato vita ai Reploid di Nuova Generazione... E' accaduto solo grazie a me!"
"SIGMA12","Sprofonda nella disperazione e nella perdita di ogni speranza! Sei impotente di fronte al dominatore del nuovo mondo!"
"SIGMA13","Ora, X... Sarai distrutto insieme al resto di questo mondo decaduto!"
"FINALLUMINE1","Oh, Lumine! Stai bene?"
"FINALLUMINE2","Se sto bene...? Certo."
"FINALLUMINE3","Ora che avete sconfitto Sigma, suppongo che siate soddisfatti."
"FINALLUMINE4","Ma vedi, lui ha semplicemente aiutato il mio piano..."
"FINALLUMINE5","I Reploid di Nuova Generazione si sono risvegliati e il nuovo mondo e' alle porte!"
"FINALLUMINE6","Lumine! Cosa stai facendo!?"
"FINALLUMINE7","Non dirmi che sei diventato Maverick anche tu..."
"FINALLUMINE8","Maverick? Sai che non e' cosi', X."
"FINALLUMINE9","Ecco perche' stai esitando. Non ne hai il coraggio..."
"FINALLUMINE10","...!"
"FINALLUMINE11","I vecchi modelli come te devono preoccuparsi se le loro azioni sono davvero le proprie."
"FINALLUMINE12","Chi sa cosa potrebbe starti influenzando in questo preciso momento?"
"FINALLUMINE13","Tuttavia, noi Reploid di Nuova Generazione siamo stati costruiti usando dati derivati da centinaia di Reploid vecchio modello."
"FINALLUMINE14","E' cio' che ci garantisce l'immunita' totale a tutti i virus. Possiamo agire come vogliamo, poiche' garantisce il nostro libero arbitrio!"
"FINALLUMINE15","E questo potrebbe includere agire come Sigma ha fatto prima di noi... Capisci dove voglio arrivare?"
"FINALLUMINE16","Nessun Reploid sceglierebbe di essere folle come Sigma!"
"FINALLUMINE17","Pensaci, X... Sigma era davvero pazzo?"
"FINALLUMINE18","..."
"FINALLUMINE19","Si', si e' ribellato al vostro mondo. Forse a causa di un virus."
"FINALLUMINE20","Eppure, la sua lotta ha mostrato a tutti noi quanto questo mondo sia marcio!"
"FINALLUMINE21","Gli umani che usano i Reploid per perpetuare il loro maledetto ciclo di aggressione..."
"FINALLUMINE22","Ecco perche' la nostra decisione di combattere contro il vecchio mondo e' stata presa consapevolmente."
"FINALLUMINE23","In altre parole..."
"FINALLUMINE24","Possediamo il potere di diventare Maverick a volonta'!"
"FINALLUMINE25","...!"
"FINALLUMINE26","X... Hai davvero cio' che serve per fermarci?"
"FINALLUMINE27","Sei solo uno strumento degli umani. Nient'altro che uno strumento del vecchio mondo..."
"FINALLUMINE28","E pensi di poter tener testa a chi si e' evoluto a questo punto?"
"FINALLUMINE29","Ha ha ha ha ha ha ha ha ha! Non farmi ridere..."
"FINALLUMINE30","Il mondo sta cambiando! E' solo naturale che l'evoluzione faccia il suo corso!"
"FINALLUMINE31","Ora, mettetevi in fila per essere sterminati!"
"FINALLUMINE32","Lumine... Mi dispiace ma... Non ho altra scelta."
"FINALLUMINE33","Anche se eri tu dietro al Progetto Jakob..."
"FINALLUMINE34","Non mi arrendero' finche' non avro' fermato il tuo piano malvagio!"
"FINALLUMINE35","Avevi tutto per essere nostro alleato, ma alla fine sei diventato nostro nemico."
"FINALLUMINE36","E non ti lascero' farla franca!"
"FINALLUMINE37","Nemico... Alleato... La questione non e' cosi' in bianco e nero."
"FINALLUMINE38","I Reploid, insieme all'umanita', sono irrevocabilmente cambiati."
"FINALLUMINE39","La natura della loro esistenza e' cambiata anch'essa..."
"FINALLUMINE40","E voi non siete necessari nel nostro nuovo mondo!"
"ENDING1-1","ENDING1-1"
"ENDING1-2","Incredibile..."
"ENDING1-3","Potresti avermi sconfitto... Ma e' troppo tardi per fermare cio' che e' gia' iniziato..."
"ENDING1-4","Ne affrontero' quanti ce ne saranno, se e' questo che serve."
"ENDING1-5","Ha ha ha... Non hai davvero idea della situazione, vero?"
"ENDING1-6","Oh bene... Lo scoprirai... abbastanza presto..."
"ENDING1-7","....."
"ENDING1-8","Ugh! Non sopporto piu' questo dolore... Solo... Fai presto..."
"ENDING2-1","Qui e' X..."
"ENDING2-2","Il nemico... E' stato eliminato."
"ENDING2-3","Sto tornando..."
"ENDING2-4","Ricevuto..."
"FINAL-1","Axl!"
"FINAL-2","X... X... Mi senti? Le comunicazioni sono state ripristinate. Rapporto!"
"FINAL-3","Qui e' X, siamo riusciti a fermare i piani di Sigma... Ma Axl..."
"FINAL-4","Axl e' stato ferito, ma sta bene."
"FINAL-5","Stiamo tornando adesso."
"FINAL2-1","(Risveglio...)"
"FINAL2-2","(E' cosi' che Lumine lo ha descritto...)"
"FINAL2-3","(Ha detto... che questa era evoluzione...)"
"FINAL2-4","(Se ha ragione...)"
"FINAL2-5","(Allora... Cosa stiamo facendo?)"
"FINAL3-1","Scommetto che stai pensando a quello che diceva Lumine poco fa."
"FINAL3-2","Non lasciarti abbattere. Diventare semplicemente Sigma non puo' certo essere chiamata evoluzione."
"FINAL3-3","..."
"FINAL3-4","Comunque. X..."
"FINAL3-5","Anche se noi Reploid siamo destinati a finire nella discarica quando quel ""passo evolutivo"" arrivera'..."
"FINAL3-6","Dobbiamo ancora combattere..."
"FINAL3-7","Non solo contro i Maverick, ma anche contro il nostro stesso destino..."
"SECRET2-1","Benvenuto, Mega Man X. Ti stavo aspettando."
"SECRET2-2","Sei diverso da chiunque abbia affrontato prima..."
"SECRET2-3","Emani un'aura di pace e misericordia. Chi sei?"
"SECRET2-4","Che perspicacia notarlo cosi' presto."
"SECRET2-5","Sono Serenade."
"SECRET2-6","Hai detto che sono diverso dagli altri che hai affrontato prima?"
"SECRET2-7","E' grazie al mio potere travolgente."
"SECRET2-8","Travolgente...?"
"SECRET2-9","Esatto. Mi sono allenato per diventare piu' forte da quando ho perso il titolo di UnderKing."
"SECRET2-10","Per vent'anni ho accumulato potere. Ora ho scelto te per mettere alla prova la mia forza."
"SECRET2-11","Serenade, giusto? Hmm..."
"SECRET2-12","D'accordo, accetto il tuo duello!"
"SECRET2-13","Allora, vieni da me..."
"SECRET2-14","Credevo sinceramente di essere abbastanza forte da sconfiggerti. Mi sbagliavo."
"SECRET2-15","La gentilezza, l'amore e il rispetto che possiedi nel tuo cuore ti rendono ancora piu' potente."
"SECRET2-16","Hai combattuto questo duello splendidamente. Sei davvero il robot piu' forte di questo mondo."
"SECRET2-17","Vorrei avere qualcosa per ricompensarti. Il meglio che posso offrirti e' la mia gratitudine."
"SECRET2-18","Mega Man X. Ci rivedremo, in qualche altro luogo..."
"SECRET2-19","Per ora, addio!"
"SECRET3-1","Finalmente, l'ho ottenuto. Questi dati contengono informazioni su tutti i criminali attualmente ricercati..."
"SECRET3-2","Tu, fermo. Quest'area e' riservata ai Hunter di Classe S, come quei dati! Consegnali e arrenditi!"
"SECRET3-3","So come puo' sembrare, ma stai tranquillo, X."
"SECRET3-4","Mi chiamo Red. Ho saputo che stai avendo difficolta' con questi recenti eventi, cosi' ho deciso di... aiutare."
"SECRET3-5","Con questi, potremo iniziare la nostra caccia ai Maverick e toglierti un po' di peso dalle spalle... A un prezzo, ovviamente."
"SECRET3-6","Sembra piu' che tu sia un lurido cacciatore di taglie."
"SECRET3-7","Sei libero di pensare quello che vuoi. Non mi tiro indietro... Preparati!"
"SECRET3-8","Niente male... per un veterano..."
"ZEROSECRET1","He he he he he!"
"ZEROSECRET2","Finalmente, ora capisco i mezzi, non sono mai stato cosi' felice..."
"ZEROSECRET3","Z... Zero?"
"ZEROSECRET4","X! La mia mente sta diventando molto chiara... Ora capisco il mio vero scopo."
"ZEROSECRET5","Non mi importa piu' dei Maverick... Tutto cio' che devo fare ora e' una cosa..."
"ZEROSECRET6","Zero? Cosa ti e' successo? Non sei tu questo. Torna in te! Morirai se continui cosi'!"
"ZEROSECRET7","Finalmente mi sento libero dalle mie catene, X. Dopo tutto questo tempo ad essere Fragile, Debole, Impotente..."
"ZEROSECRET8","Ho finalmente Risvegliato la mia vera forma! GUARDAMI NEGLI OCCHI X! NON SENTI LA MIA FELICITA'?! HA HA HA HA HA HA HA HA HA HA HA HA HA HA HA HA HA!!!!!!"
"ZEROSECRET9","..."
"ZEROSECRET10","Zero... Questo e' quello che mi hai detto prima, giusto?"
"ZEROSECRET11","Ci sono cose che non possono essere viste o analizzate."
"ZEROSECRET12","Dobbiamo sentirle..."
"ZEROSECRET13","E ora... Posso sentire, sentire qualcosa di fortemente malvagio... piu' malvagio di Sigma!"
"ZEROSECRET14","Questo e' il nostro destino, vero? Combattero'! Non scappero'! Ti sconfiggero' e riportero' indietro il mio amico!"
"ZEROSECRET15","Allora non ho bisogno di spiegarti altre cose adesso. TI DISTRUGGERO'!"
"ZEROSECRET16","ZERO!!!!"
"INTRO2-1_AXL","Ehi Alia, sono Axl! Sono vicino al luogo dell'incidente presso l'Ascensore Orbitale!"
"INTRO2-2_AXL","Cavolo, qui e' un disastro totale, ci sono Maverick ovunque!"
"INTRO2-3_AXL","Sto entrando! Tenete pronti i mechaniloid di soccorso appena do il segnale!"
"INTRO2-4_AXL","Ricevuto, Axl! Stai attento!"
"INTRO2-5_AXL","S-Sigma?! Ma... com'e' possibile?!"
"INTRO2-6_AXL","Per proteggerci dai danni durante l'incidente..."
"INTRO2-7_AXL","Abbiamo dovuto copiare un robusto corpo di Sigma."
"INTRO2-8_AXL","Noi Reploid di Nuova Generazione godiamo di immunita' completa e totale a tutti i virus."
"INTRO2-9_AXL","Quindi copiare qualcosa di pericoloso come Sigma non comporta alcun rischio."
"INTRO2-10_AXL","Aspetta, chi sei tu?"
"INTRO2-11_AXL","Sono Lumine..."
"INTRO2-12_AXL","Sono il direttore responsabile dell'ascensore e del Progetto Jakob."
"INTRO2-13_AXL","Ricevuto. Resisti, daro' il segnale alla mia squadra per inviare i soccor-"
"INTRO3-1_AXL","Bene, bene... Chi abbiamo qui? Un piccolo principiante?"
"INTRO3-2_AXL","Cosa diavolo?! Chi sei tu?"
"INTRO3-3_AXL","Sono Vile. Direi che e' un piacere conoscerti, ma sarebbe una bugia."
"INTRO3-4_AXL","Dov'e' il tuo amichetto X?"
"INTRO3-5_AXL","X? Che problema hai con lui?"
"INTRO3-6_AXL","Ha ha ha! Niente di che... Devo solo occuparmi di alcuni affari in sospeso."
"INTRO3-7_AXL","Non abbatterai nessuno! Lascia andare Lumine!"
"INTRO3-8_AXL","Neanche per sogno. L'Ascensore Orbitale e' sotto il nostro controllo adesso..."
"INTRO3-9_AXL","Cosa avete intenzione di fare?!"
"INTRO3-10_AXL","Comincia ora, ragazzino... Un nuovo mondo sta per nascere!"
"INTRO3-11_AXL","Ha ha ha ha ha ha ha ha ha ha!"
"ANTONION1_AXL","Antonion... Eri un genio. Sei impazzito? Cosa stai pianificando?"
"ANTONION2_AXL","Impazzito? Ha ha. Divertente."
"ANTONION3_AXL","Stai dicendo che tu sei perfettamente sano di mente? Sei sicuro di essere dalla parte giusta?"
"ANTONION4_AXL","Abbastanza sicuro. Non e' poi cosi' difficile distinguere il bene dal male. Questo lo so per certo."
"ANTONION5_AXL","Ha! Non potrei essere piu' d'accordo!"
"ANTONION6_AXL","Il problema e' il mondo in cui viviamo. Ma ho intenzione di sistemare tutto!"
"MANOWAR1_AXL","Cosa sta succedendo qui, Man-o-War?"
"MANOWAR2_AXL","Se non riporti l'energia alla normalita', gli abitanti di Abel City soffriranno."
"MANOWAR3_AXL","... ... ..."
"MANOWAR4_AXL","E' talmente andato che non riesce nemmeno a parlare..."
"MANOWAR5_AXL","Cosa? Cos'e' un Maverick? Tu lo sai cos'e'?"
"MANOWAR6_AXL","Maverick? E' un Reploid fuori controllo come te."
"MANOWAR7_AXL","Scusa amico, ma dovro' abbatterti."
"MANTIS1_AXL","Ho sentito che sei un prototipo di noi Reploid di Nuova Generazione."
"MANTIS2_AXL","Allora, perche' sei diventato un Maverick Hunter?"
"MANTIS3_AXL","Perche' mi diverte spazzare il pavimento con Maverick malvagi come te, Mantis."
"MANTIS4_AXL","Hmph. Come osi accusarmi di essere qualcosa che non posso essere?"
"MANTIS5_AXL","Non esiste il bene e il male. Non te ne sei ancora reso conto?"
"MANTIS6_AXL","Posso essere un prototipo, ma non pensare che sia simile a voi Maverick!"
"MANTIS7_AXL","Sei terribilmente ingenuo per un prototipo di noi nuovi Reploid."
"MANTIS8_AXL","Ammetto di essere un po' invidioso."
"MANTIS9_AXL","Che ne dici se te lo dimostro con le mie Lame?"
"PANDA1_AXL","Possiedi la stessa abilita' di copia di cui godiamo noi Reploid di Nuova Generazione."
"PANDA2_AXL","..."
"PANDA3_AXL","Hai mai pensato che quel potere potrebbe cambiare il mondo?"
"PANDA4_AXL","L'unica cosa a cui penso e' a quanto sia utile per sconfiggere voi Maverick!"
"PANDA5_AXL","Che petulanza. Suppongo che non abbiamo alcun uso per te, dopotutto."
"ROOSTER1_AXL","Sai dove ti trovi, amico?"
"ROOSTER2_AXL","Mi chiamo Axl, e non sono tuo amico."
"ROOSTER3_AXL","Comunque, questo e' il centro di smaltimento rifiuti..."
"ROOSTER4_AXL","E' molto piu' di questo."
"ROOSTER5_AXL","E' il cimitero di tutti i Reploid dichiarati Maverick."
"ROOSTER6_AXL","Oh, quindi hai pensato di scatenare una rivolta in cambio?"
"ROOSTER7_AXL","Questo e' comportamento da Maverick."
"ROOSTER8_AXL","Questa e' quella che chiami giustizia? Sei tu che dovresti essere rottamato!"
"ROOSTER9_AXL","Non c'e' posto per Reploid e vecchi modelli come te nel nuovo mondo che creeremo!"
"SUNFLOWER1_AXL","Axl... Il mutaforma. Il prototipo dei Reploid che guideranno la nuova era..."
"SUNFLOWER2_AXL","E allora? Stai dicendo che dovrei unirmi a voi? Non ci penso nemmeno, idiota!"
"SUNFLOWER3_AXL","Se solo fossi un po' piu' sveglio, avresti potuto essere scelto anche tu..."
"SUNFLOWER4_AXL","E' li' che ti sbagli. Forse non siamo i buoni, ma non siamo dei mostri."
"SUNFLOWER5_AXL","Certi concetti sono al di la' della portata di imbecilli come te."
"SUNFLOWER6_AXL","Questo tipo e' fuori controllo, meglio abbatterlo prima che continui con le sue sciocchezze."
"TRILOBYTE1_AXL","I minerali che estraiamo qui sono essenziali per lo sviluppo spaziale."
"TRILOBYTE2_AXL","Non credo che un prototipo mezzo cotto come te possa immaginare dove voglio arrivare."
"TRILOBYTE3_AXL","Voi Maverick non avete mai avuto senso per me."
"TRILOBYTE4_AXL","Io sono stato scelto e tu sei stato lasciato indietro. Non sarai mai brillante come me!"
"TRILOBYTE5_AXL","Sei tu quello con scarso giudizio, Trilobyte. Farsi ingannare e usare da Sigma!"
"TRILOBYTE6_AXL","Il nostro mondo nuovo nascera' presto! Gli sciocchi come te del vecchio mondo cadranno!"
"YETI1_AXL","Quindi tu sei il prototipo che puo' cambiare forma?"
"YETI2_AXL","Se diventiamo Maverick cosi' facilmente, non posso dire di essere felice di essere il vostro prototipo."
"YETI3_AXL","Parole grosse per qualcuno cosi' insignificante come un Maverick Hunter."
"YETI4_AXL","Chi chiami insignificante? Sei tu che stai cercando di distruggere il mondo, non io!"
"VILE1-1_AXL","Ha ha ha ha ha!"
"VILE1-2_AXL","Perche' non vi arrendete subito e la facciamo finita?"
"VILE1-3_AXL","Il mondo come lo conoscete? I Maverick? Ditegli addio!"
"VILE1-4_AXL","Caos, rovina e distruzione! E' per questo che siamo stati costruiti!"
"VILE1-5_AXL","Hmph, come vuoi, non pensare di evitare una batosta solo perche' hai detto questo."
"VILE2-1_AXL","Vile, giusto?"
"VILE2-2_AXL","Cosa stai combinando qui?"
"VILE2-3_AXL","Cosa avete intenzione di fare con Lumine e l'Ascensore?"
"VILE2-4_AXL","Non preoccuparti di Lumine. A differenza di te, lui ha una certa importanza nel nostro piano."
"VILE2-5_AXL","Non mi importa se eri un Hunter di Classe A..."
"VILE2-6_AXL","Ora sei un Maverick, e so bene come trattare la feccia come te!"
"VILE2-7_AXL","Ha ha! Ti ho fatto arrabbiare? Forza, fatti sotto!"
"VILE3-1_AXL","Ha! Ti preoccupi ancora della giustizia quando il mondo e' sull'orlo della distruzione?"
"VILE3-2_AXL","Proprio cosi', amico!"
"VILE3-3_AXL","Ho pensato di distribuire un po' di giustizia nella tua direzione prima di andare a cercare Sigma!"
"VILE3-4_AXL","L'Ascensore Orbitale... l'energia... i minerali spaziali... i dati sui razzi..."
"VILE3-5_AXL","La via per lo spazio..."
"VILE3-6_AXL","La cosa che ha permesso a questo mondo di sopravvivere cosi' a lungo - e' nostra!"
"VILE3-7_AXL","In momenti come questi, quanto conta il vostro prezioso termine ""Maverick""?"
"VILE3-8_AXL","Te lo diro' appena avro' finito di ridurrti in rottami!"
"VILE4-1_AXL","Quindi, ti rifiuti ancora di arrenderti, eh?"
"VILE4-2_AXL","Sei cosi' cieco da esserti convinto che esista ancora speranza?"
"VILE4-3_AXL","Se tutto cio' che devo fare e' sconfiggerti, allora sono pieno di speranza, amico."
"VILE4-4_AXL","Se mi arrendo ora, tutti i miei sforzi sarebbero stati vani. Mi rifiuto di arrendermi!"
"VILE4-5_AXL","Ha ha ha... Suppongo che sarebbe uno spreco distruggerti adesso..."
"COPYSIGMA1_AXL","Sigma!?"
"COPYSIGMA2_AXL","Pensavi di poterci tenere lontani fuggendo e nascondendoti nello spazio come un codardo?"
"COPYSIGMA3_AXL","Fuggire? Nascondermi? Ti sbagli."
"COPYSIGMA4_AXL","Abbiamo semplicemente scelto di abbandonare quel pianeta ignorante."
"COPYSIGMA5_AXL","Come vuoi. In ogni caso, ti rostiro' adesso!"
"COPYSIGMA6_AXL","Chi di noi sara' ""rostito""? Vediamo... Tu non sei uno dei prescelti."
"COPYSIGMA7_AXL","Solo noi nuovi Reploid potranno vivere nel nuovo mondo! Non ho uso per prototipi fragili!"
"SIGMA1_AXL","Hmph. Quindi tu devi essere quello che chiamano Axl.."
"SIGMA2_AXL","Il Prototipo dei Reploid di Nuova Generazione."
"SIGMA3_AXL","Sono sorpreso che tu sia arrivato fin qui."
"SIGMA4_AXL","Ehi... Smettila di chiamarmi prototipo..."
"SIGMA5_AXL","Sono me stesso... E tu... Tu sei un Maverick."
"SIGMA6_AXL","Sei un prototipo misero e debole! Niente di piu'!"
"SIGMA7_AXL","La tua abilita' di copia e' ben lontana dall'essere sviluppata. Ecco perche' sei stato escluso."
"SIGMA8_AXL","I Maverick sono un club da cui preferisco essere escluso!"
"SIGMA9_AXL","Solo i puri Reploid di Nuova Generazione... i miei figli, ne sono degni!"
"SIGMA10_AXL","I tuoi figli?"
"SIGMA11_AXL","Si', prototipo... I miei figli..."
"SIGMA12_AXL","I Reploid di Nuova Generazione nati dal Progetto Jakob portano tutti chip di copia contenenti i miei dati personali."
"SIGMA13_AXL","E ora, la fase finale di quel progetto ha inizio!"
"SIGMA14_AXL","Sarai distrutto!!!"
"FINALLUMINE1_AXL","Oh, Lumine. Stai bene?"
"FINALLUMINE2_AXL","Se sto bene...? Certo."
"FINALLUMINE3_AXL","Ora che avete sconfitto Sigma, suppongo che siate soddisfatti."
"FINALLUMINE4_AXL","Grazie a voi, il piano e' proceduto senza intoppi."
"FINALLUMINE5_AXL","Ma... Lumine, non sei stato semplicemente usato da Sigma?"
"FINALLUMINE6_AXL","Usato? Non credo proprio."
"FINALLUMINE7_AXL","Vedi, lui ha semplicemente aiutato il mio piano."
"FINALLUMINE8_AXL","I Reploid di Nuova Generazione si sono risvegliati, e il nuovo mondo e' alle porte!"
"FINALLUMINE9_AXL","Lumine! Cosa stai facendo? Non dirmi che sei diventato Maverick anche tu..."
"FINALLUMINE10_AXL","Maverick? Non pensi davvero che sia cosi', vero?"
"FINALLUMINE11_AXL",".........!"
"FINALLUMINE12_AXL","I chip di copia che noi Reploid di Nuova Generazione possediamo..."
"FINALLUMINE13_AXL","Sono stati derivati dai dati di centinaia di Reploid vecchio modello."
"FINALLUMINE14_AXL","Questo significa, ovviamente, che anche Sigma era incluso nel mix."
"FINALLUMINE15_AXL","Capisci dove voglio arrivare?"
"FINALLUMINE16_AXL","Chip di copia? Sigma? Significa che impazziro' come lui?"
"FINALLUMINE17_AXL","Spiacente, ma i prototipi come te non hanno le specifiche per causare qualcosa del genere."
"FINALLUMINE18_AXL","Inoltre, Sigma era davvero pazzo?"
"FINALLUMINE19_AXL",".........?"
"FINALLUMINE20_AXL","Si e' ribellato al vostro mondo. Ma aveva le sue ragioni..."
"FINALLUMINE21_AXL","Il resto di noi Reploid di Nuova Generazione potrebbe fare lo stesso in qualsiasi momento..."
"FINALLUMINE22_AXL","Questa decisione di combattere contro il vecchio mondo e' stata presa consapevolmente."
"FINALLUMINE23_AXL","In altre parole, possediamo il potere di diventare Maverick a volonta'!"
"FINALLUMINE24_AXL","Axl... Hai davvero cio' che serve per fermarci?"
"FINALLUMINE25_AXL","Sei solo uno strumento degli umani. Nient'altro che uno strumento del vecchio mondo..."
"FINALLUMINE26_AXL","Pensi di poter stare davanti a noi con la tua arma, contro chi si e' evoluto a questo punto?"
"FINALLUMINE27_AXL","Ha ha ha ha ha! Non cercare di essere ridicolo!"
"FINALLUMINE28_AXL","Il mondo sta cambiando. Quindi, e' solo naturale che l'evoluzione faccia il suo corso!"
"FINALLUMINE29_AXL","Ora, mettetevi in fila per essere sterminati!"
"FINALLUMINE30_AXL","Non ti permetto di venire qui a dirmi cosa sono o cosa dovrei essere."
"FINALLUMINE31_AXL","Tu sei il nemico qui e non ti permettero' di uscire vivo da qui!"
"FINALLUMINE32_AXL","Nemico... Alleato... La questione non e' cosi' in bianco e nero. I Reploid, insieme all'umanita', sono irrevocabilmente cambiati."
"FINALLUMINE33_AXL","La natura della loro esistenza e' cambiata anch'essa. Voi non siete necessari nel nostro nuovo mondo!"
"ENDING1-1_AXL","Incredibile..."
"ENDING1-2_AXL","Potresti avermi sconfitto... Ma e' troppo tardi per fermare cio' che e' gia' iniziato..."
"ENDING1-3_AXL","Ne affrontero' quanti ce ne saranno, se e' questo che serve."
"ENDING1-4_AXL","Ha ha ha... Non hai davvero idea della situazione, vero?"
"ENDING1-5_AXL","Oh bene... Lo scoprirai... abbastanza presto..."
"ENDING1-6_AXL","....."
"ENDING1-7_AXL","Ugh! Non sopporto piu' questo dolore... Solo... Fai presto..."
"ENDING2-1_AXL","Qui e' Axl..."
"ENDING2-2_AXL","Axl... Axl... Rapporto!"
"ENDING2-3_AXL","La missione....e' stata completata"
"ENDING2-4_AXL","Il nemico... E' stato eliminato. Sto tornando adesso..."
"ENDING2-5_AXL","Ricevuto..."
"SECRET2-1_AXL","Benvenuto, Axl. Ti stavo aspettando."
"SECRET2-2_AXL","Oh, quindi mi conosci gia', eh?"
"SECRET2-3_AXL","Devo dire che sei molto piu'... ""Rilassato"", di chiunque abbia affrontato prima. Qual e' la tua storia?"
"SECRET2-4_AXL","Che perspicacia notarlo cosi' presto."
"SECRET2-5_AXL","Sono Serenade."
"SECRET2-6_AXL","Hai detto che sono diverso dagli altri che hai affrontato prima?"
"SECRET2-7_AXL","E' grazie al mio potere travolgente."
"SECRET2-8_AXL","Potere travolgente? Dici sul serio? Non hai esattamente l'aspetto, ad essere onesti..."
"SECRET2-9_AXL","Esatto. La mia forza non e' fatta di aggressivita'. Mi sono allenato da quando ho perso il titolo di UnderKing."
"SECRET2-10_AXL","Per vent'anni ho accumulato potere e affinato le mie abilita'. E ora, ho scelto te per metterle alla prova."
"SECRET2-11_AXL","Vent'anni? Wow, e' un.... bel po' di tempo. Ma ehi, ho ancora questa cosa dell'abilita' di copia."
"SECRET2-12_AXL","Serenade, giusto? Hmm..."
"SECRET2-13_AXL","Sei sicuro di volermi sfidare? Potresti star mordendo piu' di quello che puoi masticare. Ma ehi, una sfida e' una sfida. Ci sto!"
"SECRET2-14_AXL","Allora fatti avanti... Axl. Mostrami cosa sai fare!"
"SECRET2-15_AXL","Credevo davvero che il mio potere fosse sufficiente per sconfiggerti. A quanto pare mi sbagliavo."
"SECRET2-16_AXL","Ma tu... Non fai affidamento solo sulla forza. C'e' qualcosa nel tuo spirito che ti rende piu' forte."
"SECRET2-17_AXL","E' piu' delle semplici abilita' di combattimento. E' la tua tenacia, il tuo cuore..."
"SECRET2-18_AXL","Gia', beh... Ho l'abitudine di sorprendere la gente. Immagino di essere pieno di trucchi cosi'."
"SECRET2-19_AXL","Ma nemmeno tu eri uno facile. Posso rispettarlo."
"SECRET2-20_AXL","Hai combattuto splendidamente, Axl. Potresti essere il guerriero piu' forte che abbia incontrato in questo mondo."
"SECRET2-21_AXL","Vorrei avere qualcosa di piu' da offrirti come ricompensa... ma tutto cio' che posso dare e' la mia gratitudine."
"SECRET2-22_AXL","Heh, non preoccuparti. E' stato un bel combattimento. Questa e' tutta la ricompensa di cui ho bisogno..."
"SECRET2-23_AXL","Anche se, se hai qualche altro potenziamento segreto in giro, non direi di no."
"SECRET2-24_AXL","Forse ci rivedremo, in un altro luogo... fino ad allora, addio, Axl."
"SECRET2-25_AXL","A presto, Serenade. La prossima volta, non andro' cosi' piano con te!"
"SECRET2-26_AXL","SECRET2-26_AXL"
"SECRET3-1_AXL","Finalmente, l'ho ottenuto. Questi dati contengono informazioni su tutti i criminali attualmente ricercati..."
"SECRET3-2_AXL","R.... Red? Ma... com'e' possibile?"
"SECRET3-3_AXL","Axl, e' passato un po'. Come stai procedendo da solo?"
"SECRET3-4_AXL","Red, aspetta! Non dovresti essere qui. Quest'area e' solo per Hunter di Alto Rango!"
"SECRET3-5_AXL","Non sei piu' lo stesso, Red. Stai ancora seguendo le ""sue"" vie?"
"SECRET3-6_AXL","Hai trasformato Red Alert in qualcosa di distorto per colpa sua!"
"SECRET3-7_AXL","So come puo' sembrare, ma stai tranquillo. Con questi dati, possiamo cacciare i Maverick in modo piu' efficace di quanto possano fare gli Hunter."
"SECRET3-8_AXL","I Red Alert possono tornare ad avere la loro giustizia, Axl."
"SECRET3-9_AXL","Quella non e' giustizia... E' potere! E non ti permettero' di abusarne!"
"SECRET3-10_AXL","Heh, non avrei mai pensato di sentire questo ragionamento da te. Bene, vediamo se sei migliorato. Senza esclusione di colpi!"
"SECRET3-11_AXL","Niente male..... Ragazzo, sei cresciuto come Hunter."
"SECRET3-12_AXL","Non devi farlo, Red. Non e' troppo tardi per ricominciare, puoi ancora essere te stesso se ti unisci a noi."
"SECRET3-13_AXL","Forse..... forse no. Non preoccuparti per me, continuero' per la mia strada."
"SECRET3-14_AXL","Ma per ora, staro' attento a chi dare fiducia."
"SECRET3-15_AXL","La prossima volta, Axl... non sara' cosi' facile quando ci rincontreremo. Addio.... e abbi cura di te, ragazzo."
"SECRET3-16_AXL","Red...."
"INTRO1-1_ZERO","Quindi questo e' Noah's Park, eh? Non e' un brutto posto, dopotutto."
"INTRO1-2_ZERO","Zero, mi ricevi? C'e' un enorme Mechaniloid Maverick in questa zona."
"INTRO1-3_ZERO","Ed e' vicino al luogo dell'incidente presso l'Ascensore Orbitale. Ricevuto!"
"INTRO1-4_ZERO","Faro' pulizia dei Maverick in questa zona."
"INTRO1-5_ZERO","Inviate i Mechaniloid di soccorso appena arrivo sulla scena dell'incidente."
"INTRO1-6_ZERO","Capito, stai attento, Zero!"
"INTRO2-1_ZERO","C... Cosa? Che significa, Sigma?"
"INTRO2-2_ZERO","Per proteggerci dai danni durante l'incidente..."
"INTRO2-3_ZERO","Abbiamo dovuto copiare un robusto corpo di Sigma."
"INTRO2-4_ZERO","Noi Reploid di Nuova Generazione godiamo di immunita' completa e totale a tutti i virus."
"INTRO2-5_ZERO","Quindi copiare qualcosa di pericoloso come Sigma non comporta alcun rischio."
"INTRO2-6_ZERO","Chi sei tu? Identificati!"
"INTRO2-7_ZERO","Sono Lumine..."
"INTRO2-8_ZERO","Sono il direttore responsabile dell'ascensore e del Progetto Jakob."
"INTRO2-9_ZERO","Hmmm... Capisco. Non muoverti, chiamero' la squadra di soccorso per portar-"
"INTRO3-1_ZERO","Ha ha ha! Che piacere rivederti, Zero."
"INTRO3-2_ZERO","Vile? Quindi non mentivano quando hanno segnalato la tua presenza in giro."
"INTRO3-3_ZERO","Mi piacerebbe restare a giocare con te, ma temo di avere troppo lavoro da fare..."
"INTRO3-4_ZERO","Non permettero' a un criminale ricercato come te di portare via Lumine. Lascialo andare adesso!"
"INTRO3-5_ZERO","Neanche per sogno. L'Ascensore Orbitale e' sotto il nostro controllo adesso..."
"INTRO3-6_ZERO","Cosa avete intenzione di fare, feccia Maverick?!"
"INTRO3-7_ZERO","Comincia ora, Zero. Un nuovo mondo sta per nascere!"
"INTRO3-8_ZERO","Ha ha ha ha ha ha ha ha ha ha!"
"ANTONION1_ZERO","Gravity Antonion. Eri uno scienziato incredibile, ma sembra che tu sia diventato Maverick."
"ANTONION2_ZERO","Incredibile? Maverick? Cosa significano queste parole?"
"ANTONION3_ZERO","Dovresti chiederlo a qualcuno piu' intelligente di me. E' stato Sigma a ridurti cosi'?"
"ANTONION4_ZERO","Ha costretto te e gli altri a diventare Maverick?"
"ANTONION5_ZERO","Pensi davvero di poter riassumere il mio maestro con quella parola?"
"ANTONION6_ZERO","La nostra onesta' e' pari solo alla tua suprema stoltezza."
"ANTONION7_ZERO","Bene, in ogni caso, se non riesci a comprendere il nostro grande piano, allora ti distruggero'!"
"MANOWAR1_ZERO","Ehi! Gigabolt Man-O-War!"
"MANOWAR2_ZERO","Riporta l'energia di Abel City alla normalita'. Subito!"
"MANOWAR3_ZERO","... ... ..."
"MANOWAR4_ZERO","E' talmente andato che non riesce nemmeno a rispondere..."
"MANOWAR5_ZERO","Non sono un Maverick... Non sto facendo niente di male..."
"MANOWAR6_ZERO","Il mio maestro ha bisogno di energia per rendere realta' il suo nuovo mondo."
"MANOWAR7_ZERO","Mandare fuori controllo l'energia di Abel City? Come rientra nel piano malvagio di Sigma?"
"MANOWAR8_ZERO","Sto solo lavorando duramente per realizzare il sogno del mio maestro di un nuovo mondo. Non ha torto."
"MANOWAR9_ZERO","Un nuovo mondo?! Bene, quel piano non andra' oltre questo punto!"
"MANOWAR10_ZERO","Sembra che dovro' darti una lezione!"
"MANTIS1_ZERO","Whoa. Guarda un po' chi c'e'. Sei Zero, giusto?"
"MANTIS2_ZERO","Se davvero mi conoscessi, staresti tremando di paura adesso."
"MANTIS3_ZERO","Voi Reploid vecchio modello non capite davvero nulla, vero?"
"MANTIS4_ZERO","Cosa vuoi dire con questo, Maverick?"
"MANTIS5_ZERO","Avresti potuto essere un grande generale nei nostri ranghi. Il mio maestro ha mostrato un certo interesse per te, sai."
"MANTIS6_ZERO","Hmph! Non mi interessa unirmi ai Maverick, grazie tante."
"MANTIS7_ZERO","E non preoccuparti... Verro' a cercare il tuo capo appena avro' finito con te."
"PANDA1_ZERO","Vuoi dirmi che non hai mai pensato certe cose tu stesso, Zero?"
"PANDA2_ZERO","Che il mondo desidera la distruzione e nient'altro?"
"PANDA3_ZERO","E' cio' che ti dice Sigma?"
"PANDA4_ZERO","Forse. Forse il mio maestro ha anche visto un po' di se' dentro di te..."
"PANDA5_ZERO","Fammi il piacere..."
"PANDA6_ZERO","Questo mondo perfetto di cui voi Maverick non fate che blaterare non esiste nemmeno."
"PANDA7_ZERO","No, non esiste."
"PANDA8_ZERO","Ecco perche' dobbiamo distruggere questo."
"PANDA9_ZERO","Cio' che finira', Zero, e' questo mondo."
"ROOSTER1_ZERO","Perche' hai scatenato una rivolta? E' opera di Sigma?"
"ROOSTER2_ZERO","Sai cos'e' questo posto?"
"ROOSTER3_ZERO","Il centro di smaltimento rifiuti..."
"ROOSTER4_ZERO","Dopo che ti avro' fatto a pezzetti, e' qui che buttero' i tuoi resti."
"ROOSTER5_ZERO","Non le senti, Zero?"
"ROOSTER6_ZERO","Le grida di tutti i Reploid che hai mandato qui perche' hai deciso che erano Maverick?"
"ROOSTER7_ZERO","Woah? Ma fammi il piacere! Se riesci a sentire tutto quello, vuol dire che sei un Maverick anche tu, eh?"
"ROOSTER8_ZERO","Ha! Ti renderai conto abbastanza presto di chi ha ragione e chi ha torto in questa lotta."
"ROOSTER9_ZERO","Non riderai di me quando il nuovo mondo diventera' realta'!"
"SUNFLOWER1_ZERO","Zero... Sicuramente l'avrai capito."
"SUNFLOWER2_ZERO","Devi avere un'idea di quello che cerchiamo qui."
"SUNFLOWER3_ZERO","Cosa potrei sapere di come pensate voi Maverick?"
"SUNFLOWER4_ZERO","No! No! No! Forse non siamo i buoni, ma non siamo dei mostri."
"SUNFLOWER5_ZERO","Il mio maestro ti ricorda bene. Avevi la possibilita' di diventare il distruttore supremo. Ma ormai e' storia antica."
"SUNFLOWER6_ZERO","Accidenti... E' completamente fuori di testa."
"TRILOBYTE1_ZERO","I minerali che estraiamo qui sono essenziali per lo sviluppo spaziale."
"TRILOBYTE2_ZERO","Ma suppongo che questo non significhi molto per te, vero Zero?"
"TRILOBYTE3_ZERO","E li stai estraendo per Sigma? Sei pazzo?"
"TRILOBYTE4_ZERO","Hai pensato al motivo per cui il mio maestro potrebbe volere risorse come queste?"
"TRILOBYTE5_ZERO","Non ho bisogno di capire il vostro piano per sapere che puzza, e non vi lascero' farla franca!"
"TRILOBYTE6_ZERO","Hmph! Non mi lascero' insultare da un rottame sfasciato come te!"
"TRILOBYTE7_ZERO","Dovrai rispondere al mio maestro prima o poi, inutile ammasso di rottami!"
"YETI1_ZERO","Zero. Il mio maestro vede un ruolo per te nel suo nuovo mondo ideale."
"YETI2_ZERO","Cosa vedete in me, voi Maverick? A parte una potenziale batosta, intendo..."
"YETI3_ZERO","Sei davvero un vecchio modello, vero? Non puoi cambiare il mondo con quel modo di pensare."
"YETI4_ZERO","Cambiare il mondo? Con la distruzione? Solo un Maverick potrebbe pensarla cosi'."
"YETI5_ZERO","Il vostro mondo... I vostri ideali... sono incomprensibili per il mio maestro."
"VILE1-1_ZERO","Vile!"
"VILE1-2_ZERO","Cosa avete intenzione di fare con l'Ascensore e Lumine?"
"VILE1-3_ZERO","Lumine? Ha ha ha... Non preoccuparti. Ci stiamo prendendo molta cura di lui."
"VILE1-4_ZERO","L'Ascensore Orbitale e' troppo importante per noi per far del male a chi lo gestisce."
"VILE1-5_ZERO","Quel giocattolo e' un po' troppo complicato per Maverick come te, Vile."
"VILE1-6_ZERO","Ha ha ha... Quanto mi sei mancato, Zero."
"VILE1-7_ZERO","Che ne dici di divertirci un po' e sfruttare al meglio questa riunione?"
"VILE2-1_ZERO","Vile!"
"VILE2-2_ZERO","E' ora di consegnare Lumine. Questa volta, non accetto un No come risposta."
"VILE2-3_ZERO","Lumine? Sei cosi' ottuso da pensare di essere in posizione per fare richieste?"
"VILE2-4_ZERO","Guardati intorno, sciocco! Il tuo mondo ha gia' iniziato a crollare!"
"VILE2-5_ZERO","Il mondo come lo conosci? I Maverick? Ditegli addio!"
"VILE2-6_ZERO","Caos, rovina e distruzione! E' per questo che siamo stati costruiti!"
"VILE3-1_ZERO","Non ti stanchi mai di tutta questa storia della ""giustizia""?"
"VILE3-2_ZERO","Non ti stanchi mai di essere il cagnolino di Sigma?"
"VILE3-3_ZERO","L'Ascensore Orbitale... l'energia... i minerali spaziali... i dati sui razzi..."
"VILE3-4_ZERO","La via per lo spazio..."
"VILE3-5_ZERO","La cosa che ha permesso a questo mondo di sopravvivere cosi' a lungo e' nostra!"
"VILE3-6_ZERO","Come puoi prendere sul serio questo mondo quando sta per finire tutto?"
"VILE3-7_ZERO","Hmph! Penso che mi occupero' di te prima di andare a cercare il tuo capo!"
"VILE4-1_ZERO","Quindi, ti rifiuti ancora di arrenderti, eh?"
"VILE4-2_ZERO","Sei cosi' cieco da esserti convinto che esista ancora speranza?"
"VILE4-3_ZERO","Arrendermi?"
"VILE4-4_ZERO","Sono solo stanco di imbattermi in te e Sigma ogni volta che mi giro."
"VILE4-5_ZERO","Ha ha ha... Suppongo che sarebbe uno spreco distruggerti adesso."
"VILE4-6_ZERO","Forse aspettero' l'ultimo momento possibile per divertirmi un po'."
"COPYSIGMA1_ZERO","Sigma!?"
"COPYSIGMA2_ZERO","Non si puo' dire che non vedessi l'ora di rivederti."
"COPYSIGMA3_ZERO","Zero. Che peccato... Avevi le capacita' e il potenziale per diventare come me."
"COPYSIGMA4_ZERO","Tu... hai cercato di usare il mio DNA."
"COPYSIGMA5_ZERO","Ti insegnero' cosa succede quando mi provochi!"
"COPYSIGMA6_ZERO","Temo di no. La luna e' sotto il mio controllo e il piano sta entrando nella fase finale."
"COPYSIGMA7_ZERO","Il momento del disfacimento del mondo e' arrivato!"
"SIGMA1_ZERO","Zero... Chi avrebbe immaginato che i nostri cammini si sarebbero incrociati alla fine del mondo."
"SIGMA2_ZERO","Nel momento in cui il tuo virus e' entrato nel mio sistema, il seme era stato piantato."
"SIGMA3_ZERO","E' li' che tutto e' cominciato... La distruzione del mondo!"
"SIGMA4_ZERO","Ne ho sentite abbastanza di queste sciocchezze, Sigma."
"SIGMA5_ZERO","Non arrabbiarti, Zero. In realta' sono in debito con te."
"SIGMA6_ZERO","E' grazie a te che i miei figli hanno potuto creare questo magnifico nuovo mondo nello spazio."
"SIGMA7_ZERO","Figli?"
"SIGMA8_ZERO","Esatto. I Reploid di Nuova Generazione nati dal Progetto Jakob portano tutti chip di copia contenenti i miei dati personali."
"SIGMA9_ZERO","Ora, il piano per distruggere il mondo che tanto ami sta finalmente giungendo a compimento!"
"SIGMA10_ZERO","Non verso lacrime per te e i tuoi simili!"
"SIGMA11_ZERO","La fine del mondo, e la tua, e' giunta! Addio!"
"SIGMA12_ZERO","Sigma... Finche' sono ancora in funzione, non avrai il tuo lieto fine!!!"
"FINALLUMINE1_ZERO","Sei Lumine! Il direttore del Progetto Jakob. Stai bene?"
"FINALLUMINE2_ZERO","Se sto bene...? Certo."
"FINALLUMINE3_ZERO","Ora che avete sconfitto Sigma, suppongo che siate soddisfatti."
"FINALLUMINE4_ZERO","Grazie a voi, il piano e' proceduto senza intoppi."
"FINALLUMINE5_ZERO","Piano? Cosa intendi? Non sei stato usato dai piani malvagi di Sigma?"
"FINALLUMINE6_ZERO","Usato? Non credo proprio."
"FINALLUMINE7_ZERO","Vedi, lui ha semplicemente aiutato il mio piano."
"FINALLUMINE8_ZERO","I Reploid di Nuova Generazione si sono risvegliati, e il nuovo mondo e' alle porte!"
"FINALLUMINE9_ZERO","Lumine? Cosa stai dicendo? Sei diventato Maverick anche tu?"
"FINALLUMINE10_ZERO","Maverick? Non pensi davvero che sia cosi', vero?"
"FINALLUMINE11_ZERO","Ecco perche' non puoi finirmi, giusto? Non ne hai il coraggio...Non sei tu quello che dovrebbe farlo, ho ragione?"
"FINALLUMINE12_ZERO","Eh?"
"FINALLUMINE13_ZERO","I vecchi modelli come te devono preoccuparsi se le loro azioni sono davvero le proprie."
"FINALLUMINE14_ZERO","Chi sa cosa potrebbe starti influenzando in questo preciso momento? Un Fantasma forse?"
"FINALLUMINE15_ZERO","Tuttavia, noi Reploid di Nuova Generazione siamo stati costruiti usando dati derivati da centinaia di Reploid vecchio modello."
"FINALLUMINE16_ZERO","E' cio' che ci garantisce l'immunita' totale a tutti i virus. Possiamo agire come vogliamo, poiche' garantisce il nostro libero arbitrio!"
"FINALLUMINE17_ZERO","Questo significa, ovviamente, che anche Sigma era incluso nel mix. Capisci dove voglio arrivare?"
"FINALLUMINE18_ZERO","Nessun Reploid sceglierebbe di essere folle come Sigma!"
"FINALLUMINE19_ZERO","Si', si e' ribellato al vostro mondo. Forse a causa di un virus."
"FINALLUMINE20_ZERO","Forse Sigma aveva ragione dopotutto. Tu sei l'origine di tutto questo, Zero."
"FINALLUMINE21_ZERO","Grazie a te noi Reploid di Nuova Generazione siamo in grado di essere cio' che siamo ora."
"FINALLUMINE22_ZERO","Dovresti ringraziarci per aver fatto sapere a tutti quanto questo mondo sia marcio."
"FINALLUMINE23_ZERO","Gli umani che usano i Reploid per perpetuare il loro maledetto ciclo di aggressione..."
"FINALLUMINE24_ZERO","Ecco perche' la nostra decisione di combattere contro il vecchio mondo e' stata presa consapevolmente."
"FINALLUMINE25_ZERO","In altre parole, possediamo il potere di diventare Maverick a volonta'!"
"FINALLUMINE26_ZERO","......"
"FINALLUMINE27_ZERO","Zero... Hai davvero cio' che serve per fermarci?"
"FINALLUMINE28_ZERO","Sei solo uno strumento degli umani. Nient'altro che uno strumento del vecchio mondo..."
"FINALLUMINE29_ZERO","Pensi di poter stare davanti a noi con la tua Saber, contro chi si e' evoluto a questo punto?"
"FINALLUMINE30_ZERO","Ha ha ha ha ha ha ha ha ha ha! Non sai nemmeno per cosa stai combattendo!"
"FINALLUMINE31_ZERO","Fai l'""Eroe"" che sembra non sapere che la fine del vostro mondo e' gia' iniziata!"
"FINALLUMINE32_ZERO","Pensi che le tue azioni siano davvero per la cosiddetta ""Giustizia""? Noi siamo la vera giustizia!"
"FINALLUMINE33_ZERO","Il mondo sta cambiando. Quindi, e' solo naturale che l'evoluzione faccia il suo corso!"
"FINALLUMINE34_ZERO","Ora, mettetevi in fila per essere sterminati, cosi' posso porre fine alla vostra sofferenza per sempre!"
"FINALLUMINE35_ZERO","Giustizia? Eroe? E chi ha detto che combatto per questi scopi?"
"FINALLUMINE36_ZERO","Ho solo combattuto per cio' che ritenevo giusto e per coloro che credono che la speranza esista."
"FINALLUMINE37_ZERO","Tu sei il nemico qui... E non esitero' a farti a pezzi!"
"FINALLUMINE38_ZERO","Nemico, alleato... La questione non e' cosi' in bianco e nero."
"FINALLUMINE39_ZERO","I Reploid, insieme all'umanita', sono irrevocabilmente cambiati."
"FINALLUMINE40_ZERO","La natura della loro esistenza e' cambiata anch'essa. Voi non siete necessari nel nostro nuovo mondo!"
"FINALLUMINE41_ZERO","Puoi blaterare quanto vuoi, ma non ti lascero' farla franca!"
"SECRET2-1_ZERO","Benvenuto Zero, e' un piacere incontrarti per la prima volta."
"SECRET2-2_ZERO","Eh? Oh, grazie. Non sembri un Maverick come gli altri."
"SECRET2-3_ZERO","Posso sentire qualcosa... Di pacifico nella tua presenza, chi sei?"
"SECRET2-4_ZERO","Che perspicacia notarlo cosi' presto."
"SECRET2-5_ZERO","Sono Serenade."
"SECRET2-6_ZERO","Hai detto che sono diverso dagli altri che hai affrontato prima?"
"SECRET2-7_ZERO","E' grazie al mio potere travolgente."
"SECRET2-8_ZERO","Travolgente?"
"SECRET2-9_ZERO","Esatto. La mia forza non e' fatta di aggressivita'. Mi sono allenato da quando ho perso il titolo di UnderKing."
"SECRET2-10_ZERO","Ora che hai menzionato la mia presenza, sento che sei in qualche modo.... Familiare."
"SECRET2-11_ZERO","Hmmm?"
"SECRET2-12_ZERO","Potrebbe essere che.... Tu sia quello destinato a portare la distruzione su di noi?"
"SECRET2-13_ZERO","Cosa? Cosa sai di me? Dimmi subito!"
"SECRET2-14_ZERO","Perche' non combatti contro di me e lo scopri?"
"SECRET2-15_ZERO","Per vent'anni ho accumulato potere e affinato le mie abilita'. Ti ho scelto per metterle alla prova."
"SECRET2-16_ZERO","Serenade, giusto?"
"SECRET2-17_ZERO","Molto bene allora, accetto il tuo duello. Facciamolo!"
"SECRET2-18_ZERO","Cosi' sia, forza Zero! Mostrami anche tu la tua forza!"
"SECRET2-19_ZERO","Credevo davvero che il mio potere fosse sufficiente per sconfiggerti. A quanto pare mi sbagliavo."
"SECRET2-20_ZERO","Ora che ho osservato meglio il tuo modo di combattere, non sembri essere come ""lui""."
"SECRET2-21_ZERO","Condividete forti somiglianze, ma tu sembri sapere per cosa stai combattendo."
"SECRET2-22_ZERO","Stai dicendo che esiste una mia controparte che e' il mio opposto?"
"SECRET2-23_ZERO","Infatti, ma temo che sara' sconfitto da ""un altro guerriero"" proprio come me."
"SECRET2-24_ZERO","Hai combattuto splendidamente, Zero. Sei stato davvero l'avversario piu' forte che abbia incontrato in questo mondo."
"SECRET2-25_ZERO","Vorrei avere qualcosa di piu' da offrirti come ricompensa... ma tutto cio' che posso dare e' la mia gratitudine."
"SECRET2-26_ZERO","Heh, non preoccuparti. Solo il fatto che non fossi un Maverick mi fa sentire ricompensato."
"SECRET2-27_ZERO","Forse ci rivedremo, in un altro luogo... fino ad allora, addio, Zero."
"SECRET2-28_ZERO","E ricorda, pensa a cio' per cui stai davvero combattendo."
"SECRET2-29_ZERO","..."
"SECRET3-1_ZERO","T... Tu!"
"SECRET3-2_ZERO","Oh, quindi sei tu, stavi combattendo al fianco di Axl contro di noi, vero?"
"SECRET3-3_ZERO","Non muoverti! Quest'area e' riservata agli Hunter di Classe S, consegnami quei dati subito!"
"SECRET3-4_ZERO","Non l'hai ancora capito? Con questi, possiamo cacciare i Maverick in modo piu' efficace di quanto possano fare gli Hunter."
"SECRET3-5_ZERO","Dopotutto, hai combattuto per cosi' tanto tempo. Potremmo esserti di grande aiuto, ma a un prezzo ovviamente."
"SECRET3-6_ZERO","Pensi che affrontare i Maverick sia solo un gioco? Cosa potrebbe far pensare cosi' a un cacciatore di taglie come te?"
"SECRET3-7_ZERO","Hmph, sei davvero un Hunter di Classe S, vero?"
"SECRET3-8_ZERO","Perche' non mi affronti, allora? Voglio vedere se sei ancora spietato come sempre."
"SECRET3-9_ZERO","Si comincia?"
"SECRET3-10_ZERO","Tch, niente male.... Per un veterano..."
"SECRET3-11_ZERO","Se osi intralciarci ancora una volta, non esitero' a farti a pezzi di nuovo."
"SECRET3-12_ZERO","E Axl sarebbe deluso se sapesse che il suo mentore non ha imparato dai suoi errori."
"SECRET3-13_ZERO","Ha ha ha... Forse avevi ragione dopotutto."
"SECRET3-14_ZERO","La prossima volta che ci incontreremo, non sara' cosi' facile. Addio Zero.... e per favore, continua a sostenere il mio ragazzo."
"SECRET3-15_ZERO","..."
"FINAL-6","Ricevuto!"
"VILE4-6_AXL","Forse aspettero' l'ultimo momento possibile per divertirmi un po'."
"SUNFLOWER_ZERO_WEAPON","Tenshouha\n(Onda Celeste Splendente)"
"ANTONION_ZERO_WEAPON","Juuhazan\n(Onda Taglio Pesante)"
"MANTIS_ZERO_WEAPON","Rasetsusen\n(Vortice del Tempio Turbinante)"
"MANOWAR_ZERO_WEAPON","Raikousen\n(Lampo Fulminante)"
"PANDA_ZERO_WEAPON","Youdantotsu\n(Affondo Taglia Foglie)"
"TRILOBYTE_ZERO_WEAPON","Rekkyoudan\n(Scissione Violenta dello Specchio)"
"YETI_ZERO_WEAPON","Hyouryushou\n(Ascesa del Drago di Ghiaccio)"
"ROOSTER_ZERO_WEAPON","Enkoujin\n(Lama della Fiamma Cadente)"
"ZERONORMAL_NAME","Corpo Normale"
"ZERONORMAL_DISC","Senza abilita' speciali."
"ZEROBLACK_NAME","???"
"ZEROBLACK_DISC","Potenziamenti generali."
"NEXT_CHARACTER_NAME","PERSONAGGIO SUCC."
"NEXT_CHARACTER_DISC","Passa al personaggio successivo"
"PREV_CHARACTER_NAME","PERSONAGGIO PREC."
"PREV_CHARACTER_DISC","Passa al personaggio precedente"
"ZEROBODY_NAME","Corpo Base"
"ZEROBODY_DESC","Riduzione Danni del 15%"
"X_LEFT_TITLE_1","Casco:"
"X_LEFT_DESC_1","Sistema di Copia DNA per X Buster"
"X_LEFT_TITLE_2","Braccia:"
"X_LEFT_DESC_2","X-Buster MK17, spara energia solare caricabile."
"X_LEFT_TITLE_3","Corpo:"
"X_LEFT_DESC_3","Lega X in Titanio, altamente resistente ai danni."
"X_LEFT_TITLE_4","Gambe:"
"X_LEFT_DESC_4","Sistema Scatto Aereo per il volo."
"X_RIGHT_DESC","Magnum Opus del Dr. Thomas Light. Origine di tutti i Reploid.\n\nUn Hunter versatile che puo' attaccare a lunga distanza.\n\n\nUna buona scelta per i giocatori principianti."
"ZERO_LEFT_TITLE_1","Casco:"
"ZERO_LEFT_DESC_1","Impara nuove tecniche dal combattimento."
"ZERO_LEFT_TITLE_2","Z-Saber:"
"ZERO_LEFT_DESC_2","Una spada a fascio per combo multi-colpo."
"ZERO_LEFT_TITLE_3","Corpo:"
"ZERO_LEFT_DESC_3","Migliora la mobilita' e potenzia l'energia per mosse potenti."
"ZERO_LEFT_TITLE_4","Valzer Aereo:"
"ZERO_LEFT_DESC_4","Secondo salto in aria con propulsori."
"ZERO_RIGHT_DESC","Guida gli Hunter in assenza di X. Ha legami con il Virus Sigma.\n\nQuesto potente Hunter e' un esperto combattente ravvicinato.\n\nUna buona scelta per i giocatori esperti."
"AXL_LEFT_TITLE_1","Chip di Copia:"
"AXL_LEFT_DESC_1","Permette ad Axl di copiare le abilita' nemiche."
"AXL_LEFT_TITLE_2","Axl Bullet:"
"AXL_LEFT_DESC_2","Spara proiettili rapidi e potenti."
"AXL_LEFT_TITLE_3","Struttura Leggera:"
"AXL_LEFT_DESC_3","Aumenta la mobilita' e abilita la schivata."
"AXL_LEFT_TITLE_4","Levitazione:"
"AXL_LEFT_DESC_4","Permette di levitare in aria. (Tieni Sparo + Salto per levitare attaccando)"
"AXL_RIGHT_DESC","Un prototipo di Reploid di Nuova Generazione equipaggiato con un chip di copia, la sua origine resta sconosciuta.\n\nUn Hunter agile capace di schivare gli attacchi nemici.\n\nUna buona scelta per i giocatori adattabili."
"GAME_START_X","INIZIA COME X"
"GAME_START_AXL","INIZIA COME AXL"
"GAME_START_ZERO","INIZIA COME ZERO"
"SUBTANK_NAME","Serbatoio Sec."
"SUBTANK_DISC","Serbatoi di riserva per le emergenze"
"HEARTS_NAME","Vita Extra"
"HEARTS_DISC","Aumenta la tua Energia Vitale"
"BLACKZEROHEAD_NAME","Casco Nero"
"BLACKZEROHEAD_DISC","Gli attacchi curano i danni subiti"
"BLACKZEROBODY_NAME","Corpo Nero"
"BLACKZEROBODY_DISC","Nessun contraccolpo, Riduzione Danni del 15%"
"BLACKZEROARM_NAME","Braccia Nere"
"BLACKZEROARM_DISC","20% danni in piu', abilita' potenziate"
"BLACKZEROLEG_NAME","Piedi Neri"
"BLACKZEROLEG_DISC","Aumento velocita', salto extra in aria"
"AXLWHITEHEAD_NAME","Casco Bianco"
"AXLWHITEHEAD_DISC","I proiettili curano i danni subiti"
"AXLWHITEBODY_NAME","Corpo Bianco"
"AXLWHITEBODY_DISC","Nessun contraccolpo, riduzione danni del 30%"
"AXLWHITEARM_NAME","Braccia Bianche"
"AXLWHITEARM_DISC","Costo munizioni ridotto del 50%"
"AXLWHITELEG_NAME","Piedi Bianchi"
"AXLWHITELEG_DISC","Levitazione infinita, Velocita' aumentata, Scatto verticale"
"ULTIMATE_SET_NAME","Nova Strike"
"ULTIMATE_SET_DISC","Scatta in avanti con potere perforante"
"ICARUS_SET_NAME","Giga Crash"
"ICARUS_SET_DISC","Colpisce tutti i nemici sullo schermo."
"HERMES_SET_NAME","X Drive"
"HERMES_SET_DISC","Invincibile per un breve periodo di tempo."
"CANCEL_ACT","Annulla"
"BETAZERO_NAME","Zero (Beta)"
"BETAZERO_DISC","Gioca come Zero beta (Il gioco potrebbe crashare)"
"CUSTOMZERO_NAME","Zero Personalizzato"
"CUSTOMZERO_DISC","Personalizza i colori nella tua cartella di salvataggio, piu' potente di Zero nero"
"ZEROHEAD_NAME","Parte Casco"
"ZEROHEAD_DESC","Capace di apprendere nuove tecniche"
"ZEROARMS_NAME","Parte Braccia"
"ZEROARMS_DISC","Z-Saber e altri arsenali"
"ZEROLEGS_NAME","Parte Gambe"
"ZEROLEGS_DISC","Permette Doppio Salto e Scatto Aereo"
"AXLHEAD_NAME","Parte Casco"
"AXLHEAD_DISC","Puo' trasformarsi in altri Reploid."
"AXLBODY_NAME","Parte Corpo"
"AXLBODY_DISC","Permette una Capriola Tattica"
"AXLARMS_NAME","Parte Braccia"
"AXLARMS_DISC","Una Pistola con proiettili energetici"
"AXLLEGS_NAME","Parte Gambe"
"AXLLEGS_DISC","Permette Levitazione e Scatto Aereo"
"JOKE_MODE_OPTION","Modalita' Scherzosa"
"SAVE_GAME","Salva Gioco"
"SAVE_OPTION","Salva"
"CONTINUE_OPTION","Continua"
"SAVE_RETURN_MENU","Torna al Menu"
"SAVE_RETURN_CONFIRM","Torna al Menu?"
"SAVE_EMPTY","Vuoto"
"SAVE_OVERWRITE_CONFIRM","Sovrascrivere?"
