"key","ja_JP"
"TOTAL_TIME","トータルタイム"
"DISCLAIMER1","これは無料のファンゲームです\n\nカプコン (CAPCOM) 及びその子会社・関連会社とは一切何の提携関係もありません。n\n「ロックマンX」とそのシリーズはカプコン社の書作物です。公式リリースをサポートして下さい。"
"MADE_BY","製作者"
"INSPIRED_BY","原作"
"SPECIALTHANKSTEXT","このModは「Zashiko」で作成され、「Pirate」にて逆コンパイルされたものです。\n\n全ての協力者に特別な感謝を捧げよう：\nRubenO.S\nAmeNiki\nGacel\nShaudo\nミント ツインビー(ElevenSSF2)\nTchy\nOlim TR\n\nプロジェクトのクリーンアップ：Rafael Setragni & Claude (AI)\n\nこのModの製作を応援してくれてありがとうございました！"
"16-BIT_TITLE","SFC版"
"OPTIONS_START","オプション"
"KEYCFG_START","コンフィグ"
"GAME_START","GAME START"
"GAME_START_NORMAL","NORMAL"
"GAME_START_ROOKIE","ROOKIE"
"GAME_START_HARD","HARD"
"GAME_START_INSANITY","INSANITY"
"GAME_START_NINJA","NINJA GAIDEN MODE"
"LOAD_GAME","LOAD GAME"
"ON_VALUE","オン"
"ON_VALUE_B","ALT"
"OFF_VALUE","オフ"
"EXIT_BUTTON","もどる"
"ARMORSETUP_TITLE","ARMOR"
"LOADOUT_DISC","アーマーパーツを選んで"
"DEFAULTHEAD_NAME","デフォルトヘッド"
"DEFAULTHEAD_DISC","デフォルトパーツ"
"DEFAULTBODY_NAME","デフォルトボディ"
"DEFAULTBODY_DISC","デフォルトパーツ"
"DEFAULTARMS_NAME","デフォルトアーム"
"DEFAULTARMS_DISC","デフォルトパーツ"
"DEFAULTLEGS_NAME","デフォルトフット"
"DEFAULTLEGS_DISC","デフォルトパーツ、エアダッシュ"
"HERMESHEAD_NAME","ヘッドパーツ H"
"HERMESHEAD_DISC","バスターのクイックチャージ"
"HERMESBODY_NAME","ボディパーツ H"
"HERMESBODY_DISC","受けた分のダメージを敵への打撃で回復できる"
"HERMESARMS_NAME","アームパーツH"
"HERMESARMS_DISC","特殊武器を使っても消費されない"
"HERMESLEGS_NAME","フットパーツH"
"HERMESLEGS_DISC","ダッシュ時は無敵状態になる"
"ICARUSHEAD_NAME","ヘッドパーツI"
"ICARUSHEAD_DISC","ジャンプ中、頭上の敵にダメージを与える"
"ICARUSBODY_NAME","ボディパーツI"
"ICARUSBODY_DISC","うけるダメージを軽減させ、ノックバックを無効化する"
"ICARUSARMS_NAME","アームパーツI"
"ICARUSARMS_DISC","チャージショットがエネルギーを一切消費しない"
"ICARUSLEGS_NAME","フットパーツI"
"ICARUSLEGS_DISC","ハイジャンプと空中ダッシュを最大2回にする"
"ULTIMATEHEAD_NAME","ヘッドパーツU"
"ULTIMATEHEAD_DISC","ジャンプ時の頭突きアタック&クイックチャージ"
"ULTIMATEBODY_NAME","ボディパーツU"
"ULTIMATEBODY_DISC","ノーノックバック&ヒーリングバスター"
"ULTIMATEARMS_NAME"," アルティメットバスター"
"ULTIMATEARMS_DISC","武器のエネルギーが一切消費されない"
"ULTIMATELEGS_NAME","フットパーツU"
"ULTIMATELEGS_DISC","動作性の向上＆無敵ダッシュ"
"AXLNORMAL_NAME","デフォルトボディ"
"AXLNORMAL_DISC","デフォルトパーツ"
"AXLWHITE_NAME","???"
"AXLWHITE_DISC","大体なバフ"
"TANK_ABV","SUB.T"
"OPTIONS_ABV","オプション"
"KEYCFG_ABV","コントロール"
"ACHIEV_ABV","じっせき"
"X_WPNMENU","エクスバスター"
"SUNFLOWER_WPNMENU","オプティックシールド"
"ANTONION_WPNMENU","スクイーズボム"
"MANTIS_WPNMENU","ダークアロー"
"MANOWAR_WPNMENU","サンダーダンサー"
"PANDA_WPNMENU","ブラストランチャー"
"TRILOBYTE_WPNMENU","クリスタルバウンサー"
"YETI_WPNMENU","ドリフトダイヤモンド"
"ROOSTER_WPNMENU","ファイアダッシュ"
"AXL_WPNMENU","アクセルバレット"
"SUNFLOWER_AXL_WPNMENU","レイガン"
"ANTONION_AXL_WPNMENU","スパイラルマグナム"
"MANTIS_AXL_WPNMENU","ブラックアロー"
"MANOWAR_AXL_WPNMENU","プラズマガン"
"PANDA_AXL_WPNMENU","ブラストランチャー"
"TRILOBYTE_AXL_WPNMENU","バウンドブラスター"
"YETI_AXL_WPNMENU","アイスガトリング"
"ROOSTER_AXL_WPNMENU","フレイムバーナー"
"SUNFLOWER_ZERO_WPNMENU","Tenshouha"
"ANTONION_ZERO_WPNMENU","Juuhazan"
"MANTIS_ZERO_WPNMENU","Rasetsusen"
"MANOWAR_ZERO_WPNMENU","Raikousen"
"PANDA_ZERO_WPNMENU","Youdantotsu"
"TRILOBYTE_ZERO_WPNMENU","Rekkyoudan"
"YETI_ZERO_WPNMENU","Hyouryuushou"
"ROOSTER_ZERO_WPNMENU","Enkoujin"
"SUNFLOWER_ZERO_DISC","Down + Shot 2"
"ANTONION_ZERO_DISC","Shot 2"
"MANTIS_ZERO_DISC","Shot 2"
"MANOWAR_ZERO_DISC","Dash + Shot 2"
"PANDA_ZERO_DISC","Left/Right + Shot 2"
"TRILOBYTE_ZERO_DISC","パッシブ"
"YETI_ZERO_DISC","Up + Shot 2"
"ROOSTER_ZERO_DISC","Down + Shot 2"
"ZERO_WPNMENU","ゼットセイバー"
"BFAN_WPNMENU","Bファン"
"DGLAIVE_WPNMENU","Dグレイブ"
"TBREAKER_WPNMENU","Tブレイカー"
"KKNUCKLE_WPNMENU","Kナックル"
"VHANGER_WPNMENU","Vハンガー"
"SIGMABLADE_WPNMENU","シグマブレード"
"YOUGOT_TITLE","YOU GOT"
"SUNFLOWER_WEAPON","オプティックシールド"
"ANTONION_WEAPON","スクイーズボム"
"MANTIS_WEAPON","ダークアロー"
"MANOWAR_WEAPON","サンダーダンサー"
"PANDA_WEAPON","ブラストランチャー"
"TRILOBYTE_WEAPON","クリスタルバウンサー"
"YETI_WEAPON","ドリフトダイヤモンド"
"ROOSTER_WEAPON","ファイアダッシュ"
"OPTIONS_TITLE","OPTIONS"
"LANGUAGE_OPTION","言語"
"BOSS_REMIX_OPTION","BOSS REMIX"
"REMIX_OPTION","SFC REMIX"
"DT_DASH_OPTION","十字キー2回押しでダッシュ"
"SKIP_DIAG_OPTION","会話をスキップ"
"CHARGE_OPTION","チャージショット効果音のフェードアウト"
"ACHIEV_OPTION","実績を表示する"
"MUSIC_OPTION","BGM"
"SOUND_OPTION","SE"
"VSync","VSync"
"FPS_OPTION","FPS"
"FPS_PHYSICS_OPTION","Physics FPS"
"FPS_UNCAPPED","NO LIMIT"
"WSIZE_OPTION","スクリーンサイズ"
"FULLSCREEN_OPTION","フルスクリーン"
"STRETCH_OPTION","伸縮モード"
"STRETCH_OPTION_VIEWPORT","補間なし"
"STRETCH_OPTION_2D","補間あり"
"CRT_OPTION","CRTフィルタ"
"LIGHT_VALUE","強度"
"STRONG_VALUE","軽度"
"DEBUG_OPTION","デバッグモード"
"SHOWIGT_OPTION","タイマーを表示"
"GATEWAYSKIP_OPTION","ゲートウェイをスキップ"
"ASPECT_OPTION","縦横比"
"IGNORE_VALUE","いいえ"
"KEEP_VALUE","はい"
"KEYCFG_TITLE","CONFIG"
"EXIT_MAINMENU","タイトル画面に戻る"
"ACTION_CTG","アクション"
"KEYBOARD_CTG","キーボード"
"JOYPAD_CTG","ジョイスティック"
"LEFT_ACT","左"
"RIGHT_ACT","右"
"NEWGAME_OPTION","NEW GAME +"
"CLEARSAVE_OPTION","セーブデータを消去する"
"CLEARSAVE_CONFIRM","よろしかったら決定ボタンを押してください"
"RESET_ACHIEV","実績データを消去する"
"CLEARSAVE_CONFIRM","よろしかったら決定ボタンを押してください"
"RESET_ACHIEV_FINISHED","データが消去されました"
"UP_ACT","上"
"DOWN_ACT","下"
"SHOT_ACT","メインウェポン"
"SHOT2_ACT","サブウェポン"
"JUMP_ACT","ジャンプ"
"DASH_ACT","ダッシュ"
"ARMORABILITY_ACT","ギガアタック"
"PREV_ACT","武器セレクト 左"
"NEXT_ACT","武器セレクト 右"
"PAUSE_ACT","ポーズメニュー"
"CONFIRM_ACT","メニュー確認"
"WPNLEFT_ACT","ホイール 左"
"WPNRIGHT_ACT","ホイール 右"
"WPNUP_ACT","ホイール 上"
"WPNDOWN_ACT","ホイール下"
"WPNRESET_ACT","バスター"
"ACHIEV_SCREEN_TITLE","実績"
"ACHIEVEMENTSUNLOCKED","達成した実績"
"DEBUGACHIEVTITLE","ロックされた実績"
"DEBUGACHIEVDISC","デバッグモードオン"
"BEATINTRO_DISC","ノアズパークのボスを倒した"
"BEATINTRO_TITLE","また会えたな"
"COLLECTALLHEARTS_DISC","ハートタンクをすべて入手した"
"COLLECTALLHEARTS_TITLE","ストライダー"
"COLLECTALLSUBTANKS_DISC","サブタンクをすべて入手した"
"COLLECTALLSUBTANKS_TITLE","究極の報酬"
"COLLECTFULLHERMES_DISC","アーマーパーツＨをすべて入手した"
"COLLECTFULLHERMES_TITLE","ソウルイレイザー"
"COLLECTFULLICARUS_DISC","アーマーパーツIをすべて入手した"
"COLLECTFULLICARUS_TITLE","コマンドミッション"
"SURFEDONMISSILE_DISC","6秒間　空中サーフィンを遂げた"
"SURFEDONMISSILE_TITLE","ボムラッシュサイバーファンク"
"DEFEATEDALL_DISC","イレギュラーボスを8体全員やっつけた"
"DEFEATEDALL_TITLE","軌道エレベーター"
"DEFEATEDANY_DISC","いずれかのボスを倒した"
"DEFEATEDANY_TITLE","新世代型レプリロイド"
"GIGACRUSHKILL_DISC","ギガアタックでボスを倒した"
"GIGACRUSHKILL_TITLE","大災害"
"PELEDOSGAMES_DISC","ボスを撃破した後、朽ちた鎧を蹴って遊んだ"
"PELEDOSGAMES_TITLE","サッカーの王様 ペレ"
"PERFECTKILL_DISC","特殊武器を使用せず、ダメージを受けず、装備もせずにボスを倒した"
"PERFECTKILL_TITLE","マーク オブ ザ ウルブズ"
"XDRIVEDODGE_DISC","ボスの必殺技の最中にエクスドライブを使用した。"
"XDRIVEDODGE_TITLE","忍者の印"
"GIGACRUSHKILL_DISC","ギガクラッシュでボスに留めを刺した"
"GIGACRUSHKILL_TITLE","大災害"
"ANTONIONBUSTERONLY_DISC","特殊武器を使わずにグラビテイト・アントニオンを倒した"
"ANTONIONBUSTERONLY_TITLE","評価に至らなかった"
"ANTONIONNAKED_DISC","アーマーを装備せずにグラビテイト・アントニオンを倒した"
"ANTONIONNAKED_TITLE","称賛の後ではない"
"ANTONIONNODAMAGE_DISC","ダメージを受けずにグラビテイト・アントニオンを倒した"
"ANTONIONNODAMAGE_TITLE","優秀な研究者"
"ANTONIONNOROTATION_DISC","反重力スイッチを踏まずにプリムローズステージをノーミスで通過した"
"ANTONIONNOROTATION_TITLE","ポータル"
"MANOWARBUSTERONLY_DISC","特殊武器を使わずにギガボルト・ドクラーゲンを倒した"
"MANOWARBUSTERONLY_TITLE","イレギュラーって、なに？"
"MANOWARNAKED_DISC","アーマーを装備せずにギガボルト・ドクラーゲンを倒した"
"MANOWARNAKED_TITLE","あんた、だれ?"
"MANOWARNODAMAGE_DISC","ダメージを受けずにギガボルト・ドクラーゲンを倒した"
"MANOWARNODAMAGE_TITLE","おれ　正しいことしてるよ"
"MANOWARDOOREXPLODED_DISC","ダイナスティの2つ目のドアを破壊した"
"MANOWARDOOREXPLODED_TITLE","早く行かなきゃ！"
"MANTISBUSTERONLY_DISC","特殊武器を使わずにダークネイド・カマキールを倒した"
"MANTISBUSTERONLY_TITLE","俺の刃がみせてやる！"
"MANTISNAKED_DISC","アーマーを装備せずにダークネイド・カマキールを倒した"
"MANTISNAKED_TITLE","イレギュラーになるはできない"
"MANTISNODAMAGE_DISC","ダメージを受けずにダークネイド・カマキールを倒した"
"MANTISNODAMAGE_TITLE","あんたのちっぽけな正義感"
"MANTISLIT_DISC","ピッチブラックの灯りを点灯した"
"MANTISLIT_TITLE","シャイニング・ザ・ダクネス"
"MANTISUNDETECTED_DISC","ピッチブラックのスポットライトを全部逃れた"
"MANTISUNDETECTED_TITLE","影の戦術"
"PANDABUSTERONLY_DISC","特殊武器を使わずにバンブー・パンデモニウムを倒した"
"PANDABUSTERONLY_TITLE","破壊することが唯一の目的だ"
"PANDANAKED_DISC","アーマーを装備せずにバンブー・パンデモニウムたを倒した"
"PANDANAKED_TITLE","僕たちは戦わざるを得ない"
"PANDANODAMAGE_DISC","ダメージを受けずにバンブー・パンデモニウムを倒した"
"PANDANODAMAGE_TITLE","考えたことがないのか"
"PANDARIDEREACHED_DISC","「サイクロプス」を操縦したままブースターズ・フォレストの終点に到達した"
"PANDARIDEREACHED_TITLE","プロボテクター"
"ROOSTERBUSTERONLY_DISC","特殊武器を使わずにバーン・コケコッカーを倒した"
"ROOSTERBUSTERONLY_TITLE","利用？構わんさ。"
"ROOSTERNAKED_DISC","アーマーを装備せずにバーン・コケコッカーを倒した"
"ROOSTERNAKED_TITLE","イレギュラー呼ばわりされた"
"ROOSTERNODAMAGE_DISC","ダメージを受けずにバーン・コケコッカーを倒した"
"ROOSTERNODAMAGE_TITLE","暴動？ちがうね！"
"ROOSTERFROZEN_DISC","ドロップデッドで溶岩の激流を阻止した"
"ROOSTERFROZEN_TITLE","ハデス"
"SUNFLOWERBUSTERONLY_DISC","特殊武器を使わずにオプティック・サンフラワードを倒した"
"SUNFLOWERBUSTERONLY_TITLE","我々は誰にも操られたりはしない"
"SUNFLOWERNAKED_DISC","アーマーを装備せずにオプティック・サンフラワードーを倒した"
"SUNFLOWERNAKED_TITLE","我々は怪物ではない"
"SUNFLOWERNODAMAGE_DISC","ダメージを受けずにオプティック・サンフラワードを倒した"
"SUNFLOWERNODAMAGE_TITLE","何を目指しているのか"
"SUNFLOWERGOTSSSRANK_DISC","全ての試練を一回の試歩でＳランクを獲得した"
"SUNFLOWERGOTSSSRANK_TITLE","グラビティ サーキット"
"TRILOBYTEBUSTERONLY_DISC","特殊武器を使わずにアースロック・トリロビッチを倒した"
"TRILOBYTEBUSTERONLY_TITLE","ここで掘っている鉱物"
"TRILOBYTENAKED_DISC","アーマーを装備せずにアースロックト・リロビッチを倒した"
"TRILOBYTENAKED_TITLE","旧世代のポンコツ"
"TRILOBYTENODAMAGE_DISC","ダメージを受けずにアースロック・トリロビッチを倒した"
"TRILOBYTENODAMAGE_TITLE","のうなしのイレギュラーハンター"
"YETIBUSTERONLY_DISC","特殊武器を使わずにアイスノー・イエティンガーを倒した"
"YETIBUSTERONLY_TITLE","もう手遅れだ…"
"YETINAKED_DISC","アーマーを装備せずにアイスノー・イエティンガーを倒した"
"YETINAKED_TITLE","お前たち旧世代"
"YETINODAMAGE_DISC","ダメージを受けずにアイスノー・イエティンガーを倒した"
"YETINODAMAGE_TITLE","ちっぽけなイレギュラーハンター"
"YETIDOOREXPLODED_DISC","セントラルホワイトを貫通した"
"YETIDOOREXPLODED_TITLE","ソニックドライブ"
"VILEJAKOBBUSTERONLY_DISC","特殊武器を使わずにVAVAを倒した"
"VILEJAKOBBUSTERONLY_TITLE","気が付かんのか？"
"VILEJAKOBNAKED_DISC","アーマーを装備せずにVAVAを倒した"
"VILEJAKOBNAKED_TITLE","滅びゆく世界のために"
"VILEJAKOBNODAMAGE_DISC","ダメージを受けずにVAVAを倒した"
"VILEJAKOBNODAMAGE_TITLE","こんな時に…."
"VILEDEFEATEDTWICE_DISC","VAVAを2回目で倒した"
"VILEDEFEATEDTWICE_TITLE","再開を楽しませろ！"
"VILEDEVILBEARDEFEATED_DISC","VAVAを撃破する前にデビルベアを破壊した"
"VILEDEVILBEARDEFEATED_TITLE","スティールアサルト"
"VILEJAKOBDEFEATED_DISC","軌道エレベーターでVAVAを倒した"
"VILEJAKOBDEFEATED_TITLE","宇宙への通路"
"VILESIGMADEFEATED_DISC","シグマパレスでVAVAを倒した"
"VILESIGMADEFEATED_TITLE","望みはある！"
"GATEWAYFIESTA_DISC","ゲートウェイのさいなんかんにごうかく"
"GATEWAYFIESTA_TITLE","自暴自棄"
"COPYBUSTERONLY_DISC","特殊武器を使わずにコピーシグマを倒した"
"COPYBUSTERONLY_TITLE","世界は既に崩壊している"
"COPYNAKED_DISC","アーマーを装備せずにコピーシグマを倒した"
"COPYNAKED_TITLE","次は我らの手にある"
"COPYNODAMAGE_DISC","ダメージを受けずにコピーシグマを倒した"
"COPYNODAMAGE_TITLE","いかにも、私はシグマだ"
"COPYDEFEATED_DISC","コピーシグマを倒した"
"COPYDEFEATED_TITLE","決着をつけるとしよう"
"SIGMANAKED_DISC","アーマーを装備せずにコピーシグマを倒した"
"SIGMANAKED_TITLE","新たな世界の支配者"
"SIGMANODAMAGE_DISC","ダメージを受けずにコピーシグマを倒した"
"SIGMANODAMAGE_TITLE","我らの出会いは、この時のため"
"LUMINENAKED_DISC","アーマーを装備せずにラスボスを倒した"
"LUMINENAKED_TITLE","あなたも満足でしょう？"
"LUMINENODAMAGE_DISC","ダメージを受けずにラスボスを倒した"
"LUMINENODAMAGE_TITLE","無事？もちろんですよ。"
"SERAPHNAKED_DISC","アーマーを装備せずにラスボスの第二形態を倒した"
"SERAPHNAKED_TITLE","わたしたちがうてますか？"
"SERAPHNODAMAGE_DISC","ダメージを受けずにラスボスの第二形態を倒した"
"SERAPHNODAMAGE_TITLE","忌々しい戦いの繰り返し"
"SERAPHDEFEATED_DISC","ゲームをクリアした"
"SERAPHDEFEATED_TITLE","古い世界の道具"
"SECRET1DEFEATED_DISC","裏ボス①を倒した"
"SECRET1DEFEATED_TITLE","時の回路"
"SECRET2DEFEATED_DISC","裏ボス②を倒した"
"SECRET2DEFEATED_TITLE","六道輪廻"
"SECRET3DEFEATED_DISC","裏ボス③を倒した"
"SECRET3DEFEATED_TITLE","運命の対決"
"COLLECTBLACKZERO_TITLE","イレギュラーの天敵"
"COLLECTBLACKZERO_DISC","ブラックアーマーを解禁した。 行け、ゼロ！おまえこそが最強のロボットじゃ!"
"COLLECTWHITEAXL_TITLE","未詳のパワー"
"COLLECTWHITEAXL_DISC","ホワイトアーマーを解禁した。とにかく、おまえ...だよな？"
"COLLECTULTIMATEX_TITLE","永久の平和の為に"
"COLLECTULTIMATEX_DISC","アルティメットアーマーを解禁した。行け、X！おまえは人類最後の希望じゃ！"
"ZERODEFEATED_DISC","覚醒ゼロを倒した"
"ZERODEFEATED_TITLE","大決戦"
"STAGE_DC","ステージ"
"BOSS_DC","ボス"
"COMPLETION_DC","COMPLETE"
"NOAHSPARK_STAGE","ノアズ・パーク"
"NOAHSPARK_NAME","キングークラブズ－Ｙ"
"SUNFLOWER_STAGE","トロイア・ベース"
"SUNFLOWER_NAME","Optic Sunfloward"
"ANTONION_STAGE","プリムローズ"
"ANTONION_NAME","Gravitate Ant-Onion"
"MANTIS_STAGE","ピッチ・ブラック"
"MANTIS_NAME","Darkneid Kamakil"
"MANOWAR_STAGE","ダイナスティ"
"MANOWAR_NAME","Gigabolt Dokragen"
"PANDA_STAGE","ブースターズ・フォレスト"
"PANDA_NAME","Bamboo Pandamonium"
"TRILOBYTE_STAGE","メタル・バレー"
"TRILOBYTE_NAME","Earthrock Torirovich"
"YETI_STAGE","セントラル・ホワイト"
"YETI_NAME","Ice-Snow Yetinger"
"ROOSTER_STAGE","ドロップ・デッド"
"ROOSTER_NAME","Burn Kokekokker"
"JAKOB_STAGE","ヤコブ軌道エレベーター"
"GATEWAY_STAGE","ゲートウェイ"
"SIGMA_STAGE","シグマ・パレス"
"HERMESHEAD1","エックスよ、こんなこともあろうかとお前にパワーアップパーツを用意しておいた"
"HERMESHEAD2","今回お前に渡すのは、ヘッドパーツHじゃ"
"HERMESHEAD3","このパーツを装備すれば、チャージのスピードを速めることができるのじゃ"
"HERMESHEAD4","この能力を装備したければカプセルに入るがよい"
"HERMESBODY1","エックスよ、こんなこともあろうかとお前にパワーアップパーツを用意しておいた"
"HERMESBODY2","今回お前に渡すいのは、ボディパーツHじゃ"
"HERMESBODY3","このパーツを装備すれば、受けた分のダメージを敵に与える攻撃で回復することができるのじゃ"
"HERMESBODY4","この能力を装備したければカプセルに入るがよい"
"HERMESARMS1","エックスよ、こんなこともあろうかとお前にパワーアップパーツを用意しておいた"
"HERMESARMS2","今回お前に渡すいのは、アームパーツHじゃ"
"HERMESARMS3","このパーツを装備すれば、拡散トリプルチャージ攻撃が可能になるじゃ"
"HERMESARMS4","また、発射された武器はエネルギーを消費しない。 チャージしない限りじゃがな"
"HERMESARMS5","この能力を装備したければカプセルに入るがよい"
"HERMESLEGS1","エックスよ、こんなこともあろうかとお前にパワーアップパーツを用意しておいた"
"HERMESLEGS2","今回お前に渡すいのは、フットパーツHじゃ"
"HERMESLEGS3","このパーツを装備すれば、ダッシュ時に敵の攻撃に対して無敵になる。ただし、地上にいる間のみじゃ"
"HERMESLEGS4","この能力を装備したければカプセルに入るがよい"
"ICARUSHEAD1","エックスよ、こんなこともあろうかとお前にパワーアップパーツを用意しておいた"
"ICARUSHEAD2","今回お前に渡すのは、ヘッドパーツIじゃ"
"ICARUSHEAD3","このパーツを装備すれば、ジャンプ中、敵に頭突きをしてダメージを与えることができるのじゃ"
"ICARUSHEAD4","この能力を装備したければカプセルに入るがよい"
"ICARUSBODY1","エックスよ、こんなこともあろうかとおまえにパワーアップパーツを用意しておいた"
"ICARUSBODY2","今回お前に渡すのは、ボディパーツIじゃ"
"ICARUSBODY3","このパーツを装備すれば、受けたダメージを半減させることができるのじゃ。そして、お前は敵にノックバックされなくなる"
"ICARUSBODY4","この能力を装備したければカプセルに入るがよい"
"ICARUSARMS1","エックスよ、こんなこともあろうかとお前にパワーアップパーツを用意しておいた"
"ICARUSARMS2","今回お前に渡すのは、アームパーツIじゃ"
"ICARUSARMS3","このパーツを装備すれば、強力なレーザーチャージ攻撃が可能になるのじゃ"
"ICARUSARMS4","しかも、特殊武器のチャージ攻撃を使ってもエネルギーは消費されなくなるのじゃ"
"ICARUSARMS5","この能力を装備したければカプセルに入るがよい"
"ICARUSLEGS1","エックスよ、こんなこともあろうかとおまえにパワーアップパーツをよういしておいた"
"ICARUSLEGS2","今回お前に渡すのは、フットパーツIじゃ"
"ICARUSLEGS3","このパーツを装備すれば、普段よりも高くジャンプすることも、空中ダッシュも2回まで可能になるのじゃ"
"ICARUSLEGS4","この能力を装備したければカプセルに入るがよい"
"INTRO2-1","こちらエックス、今、軌道エレベーターの事故現場に接近中！"
"INTRO2-2","この場所にイレギュラーがウヨウヨしている！"
"INTRO2-3","今から事故現場に行ってくる。俺の合図で救急用メカにロイドを頼む！"
"INTRO2-4","了解！"
"INTRO2-5","シ….シグマ?"
"INTRO2-6","事故から身を守る為に..."
"INTRO2-7","頑丈なシグマボディをコピーしていたのです"
"INTRO2-8","私たち新世代型レプリロイドには簡素な耐え許し性能がありますから"
"INTRO2-9","シグマボディをコピーしてもどの問題もありません"
"INTRO2-10","君は…?"
"INTRO2-11","私は……ルミネ"
"INTRO2-12","この軌道エレベーター、ヤコブの管理者です"
"INTRO2-13","なるほど。 ちょっと待って、直ぐ部隊に連絡して君を..."
"INTRO3-1","はーっははははーっ！また会えたなぁ、エックス！"
"INTRO3-2","きさまは、VAVA！"
"INTRO3-3","おまえと遊んでやりたいんだが、まだ仕事が残っているんでなぁ"
"INTRO3-4","きさまはお尋ね者のイレギュラーだ！さっさとルミネを解放しろ！"
"INTRO3-5","悪いがそうはさせない。軌道エレベーターはもう我々の手の内だからな。"
"INTRO3-6","きさま！何を企んでいる！？"
"INTRO3-7","ふははは、エックス……始まるんだよ、新しい世界をな…"
"INTRO3-8","ははは！　ははははっ！"
"ANTONION1","グラビテイト・アントニオン、優秀な研究者だったそうだが、何があった？何を企んでいるんだ？"
"ANTONION2","優秀？誰がそれを決めたんです？"
"ANTONION3","大体、私は、あなた方に評価してもらう為に研究していたわけではないのですよ"
"ANTONION4","奴が...シグマがお前を狂わせたのか？"
"ANTONION5","狂わせた？それも誰が決めることなんです？"
"ANTONION6","ともかく、私の邪魔をするのであれば、排除しますよ"
"MANOWAR1","ギガボルト・ドクラーゲン！"
"MANOWAR2","アーベルシティのエネルギー供給を正常に戻すんだ...！このままだと崩壊するぞ！"
"MANOWAR3","………"
"MANOWAR4","おれは何も悪いことをしていないよ... あんた、誰?"
"MANOWAR5","エックス！イレギュラーハンターだ！"
"MANOWAR6","お前もイレギュラー化しているのか..."
"MANOWAR7","イレギュラーじゃないよ…おれ、正しいことをしているよ"
"MANOWAR8","おれは、あの方の作る新しい世界のために、いっしょうけんめい働いているんだよ"
"MANOWAR9","お前はイレギュラーだ、処分する！"
"MANTIS1","よー、イレギュラーハンターがこんな所に何の用だ？"
"MANTIS2","ダークネイド・カマキール、お前のしていることは、イレギュラーだ! おまえの兵器生産に留めを刺してやる！"
"MANTIS3","俺たちがイレギュラーじゃないって認める気はないみてぇだな"
"MANTIS4","シグマのために兵器を作っているのか？おまえは、シグマに操られているだろう...?"
"MANTIS5","じゃ、あんたは何に操られてる、エックス？あんたの、しみったれた正義とやらにかい？"
"MANTIS6","ダークネイドカマキール、おまえのやっていることは……イレギュラーだ！"
"MANTIS7","はぁ！所詮はあんたら旧世代のレプリロイドは何も分かっちゃいねぇな。"
"MANTIS8","あんたのその浅はかな正義なんか、この刃の餌食にしてやろうか！"
"PANDA1","知ってる？ロケットの始まりは、戦争に使われるミサイルだったんだよ…"
"PANDA2","世界は、破壊に使われる物ばかりを作り出してきたんだ…ミサイルとか…ぼくたち、レプリロイドとかね…"
"PANDA3","何を言っているんだ？レプリロイドの誰もが、破壊を望みはしない！"
"PANDA4","エックス、君も考えたことがあるんじゃないのか…？"
"PANDA5","この世界が、破壊を望んでいるってこと"
"PANDA6","シグマや…イレギュラーもそうだというのか？だが、それは…"
"PANDA7","分かってる"
"PANDA8","それはイレギュラーな考えだ…"
"PANDA9","だからぼくたちは、戦わなければいけないんだ..."
"ROOSTER1","エックス！ここが何だか知ってるか？"
"ROOSTER2","プレート境界廃棄処理施設…廃棄物を高温高圧で処理する…"
"ROOSTER3","バーン・コケコッカー、なぜ暴動を起こした？シグマに操られているのか？"
"ROOSTER4","暴動？違うね！お前らにイレギュラー呼ばわりされ、ここに捨てられたレプリロイドたちの仇をとってくれるのさ！"
"ROOSTER5","イレギュラーは、放置すれば世界に害を成す！処理しなくてはならないんだ！"
"ROOSTER6","それがお前らの正義か！？くだらん！お前らこそ、処理されるべきだ！"
"ROOSTER7","やつの狙いは何だ！？お前は、やつに利用されているだけだ！"
"ROOSTER8","利用...？かまわんさ。新たな世界を産み出すため喜んでこの身を捧げよう！"
"ROOSTER9","お前らの様なレプリロイドこそ、必要ないのだ...来るべき世界には、なぁ！"
"SUNFLOWER1","エックス、ここまできたのなら我々が何なのか..."
"SUNFLOWER2","何を目指しているのか...お気付きでしょう？"
"SUNFLOWER3","シグマか、お前たちイレギュラーを操っているのは！？"
"SUNFLOWER4","お生憎だが、我々は誰にも操られたりはしない..."
"SUNFLOWER5","イレギュラーは、正当ではないが、有効なコードだ。"
"SUNFLOWER6","処分する権利など、誰にもありません。"
"TRILOBYTE1","俺たちがここで掘っている鉱物が宇宙開発に欠かせないってことは知ってるか？"
"TRILOBYTE2","シグマか？やつにしげんをながしているんだな！"
"TRILOBYTE3","のうなしのイレギュラーハンターにいってもわからないだろう？"
"TRILOBYTE4","どうせきゅうせだいのポンコツはここでうずもれちゃうんだしね！"
"YETI1","われわれのじゃまをしないでもらおう"
"YETI2","アイスノーイエティンガー！なにをたくらんでいる！？"
"YETI3","われわれはもはや、おまえたちきゅうせだいにはそうぞうもつかないそんざいだ！"
"YETI4","すさがっていろ、エックス！"
"YETI5","そうはいかない！ここのシステムがふっきゅうしなければせかいのかんきょうにおおきなえいきょうがでる！"
"YETI6","やはりきゅうせだいか…そのようなふるいかんがえではいつまでもおなじじをくりがえすだけだ。"
"YETI7","うせろ、エックス！"
"VILE1-1","きさま… VAVA！"
"VILE1-2","ルミネをどこへやった！？ヤコブけいかくをぼうがいするきか？"
"VILE1-3","ふはは、あうなりしつもんぜめか、エックス"
"VILE1-4","あんずるな、ルミネはていちょうにあずかっているとも"
"VILE1-5","きどうエレベータはわれわれにとってもじゅうようだからな"
"VILE1-6","ふざけるな！"
"VILE1-7","ヤコブけいかくは、じんるいとレプリロイドがきょうちょうしていくための、じゅうようなプロジェクトだ！"
"VILE1-8","あつくなるな、エックス"
"VILE1-9","せっかく、こうしてあそびにきてやったんだたのしもうではないか！"
"VILE2-1","VAVA!"
"VILE2-2","おいかけっこは、ここまでだ。ルミネをかえしてもらおうか!"
"VILE2-3","くくくく…ルミネか？あいも変わらず、めでたい奴め"
"VILE2-4","きさまらのふるいせかいは、もうとっくにこわれはじめているというのに！"
"VILE2-5","せかい？イレギュラー？そんなものはわすれろ！おのれにあたえられたちからだけをかんじろ！"
"VILE2-6","はかい、はかいだ！われらはそのためにうみだされたのだ！"
"VILE3-1","くくくく…ほろびゆくせかいのためにせいがでることだな、エックス"
"VILE3-2","やはり、そうだったんだなVAVA…すべては、シグマがしくんだことだったんだな！？"
"VILE3-3","きがつかんか、エックス？"
"VILE3-4","きどうエレベータ、エネルギー、かいはつしげん、ロケットのデータ…"
"VILE3-5","このせかいがいきのびようとしていたうちゅうへのみちは、いまやわれらのてのうちだ！"
"VILE3-6","そんなときに、イレギュラーなどなんのいみがある？"
"VILE3-7","きさまたちがなにをたくらんでいたとしてもすきにはさせない！"
"VILE4-1","くくくく…そうか、まだあがくことをやめないというのだな…"
"VILE4-2","まだ、のぞみがあるとおもっているのだな？"
"VILE4-3","オレがこうしてたっているかぎり、のぞみみはある！"
"VILE4-4","きさまもシグマも、オレがたおす！"
"VILE4-5","ふはははは、そうだな…！おとなしくほろびられても、つまらん"
"VILE4-6","はめつのさいごのひとじまでたのしもうではないか！"
"COPYSIGMA1","シグマ！？"
"COPYSIGMA2","そうよぶことをゆるそう…いかにも、わたしはシグマだ"
"COPYSIGMA3","すべてのレプリロイドに…、じんるいに…せかいにきゅうなす…"
"COPYSIGMA4","きさまのくるったやぼう、ここでおわらせるっ！"
"COPYSIGMA5","われわれがつきをてにしたことか？"
"COPYSIGMA6","くくくく…あらたなせかいをえたいま、ちきゅうはほろぶがさだめというもの！"
"COPYSIGMA7","だがそのまえにエックス！きさまとのけっちゃくをつけるとしよう！"
"SIGMA1","よくきた、イレギュラーハンター エックス。"
"SIGMA2","わたしはなエックス、われわれのであいはこのときのため…"
"SIGMA3","あたらしいじだいのまくをあけるためのひつぜんだったと思うのだ"
"SIGMA4","………"
"SIGMA5","エックス、きさまのふりかざすうすっぺらなせいぎとやらが、わたしにこのせかいのあやまちをきづかせてくれた"
"SIGMA6","それが、すべてのはじまりだったそうはおもわないかね？"
"SIGMA7","ふざけたことを、シグマ！"
"SIGMA8","くくくはは、そういきりたつな、もはやとけいのはりをもどすことはできん"
"SIGMA9","うちゅうかいはつにかかわった、こうせいのうなしんせだいがたレプリロイドはわがこどもたちだったのだからな！"
"SIGMA10","こどもだと！？なにをいっている！"
"SIGMA11","そう、ヤコブけいかくはしんせだいがたレプリロイドのせっけいだんかいからわがてのうちにあったということだ"
"SIGMA12","ぜつぼうせよ！つぐよだいのおうたるわがちからのまえにはなにもかもむりょくよ！"
"SIGMA13","さあエックス、ほろびるがよい！ふるきせかいととともに！！！！"
"FINALLUMINE1","きみは、ルミネ！ぶじだったんだな?"
"FINALLUMINE2","ぶじ？もちろんですよ"
"FINALLUMINE3","あなたも、シグマをたおせてまんぞくでしょう？"
"FINALLUMINE4","かれはやくめをはたしただけです"
"FINALLUMINE5","わたしたち、しんせだいがたをめざめさせ、せかいをかえるというやくめをね！"
"FINALLUMINE6","どういうつもりだ、ルミネ！"
"FINALLUMINE7","きさまもイレギュラーなのか！？"
"FINALLUMINE8","イレギュラー？そんなものでないことはあなたもわかっているのでは？"
"FINALLUMINE9","わたしにトドメをさせないのは、それがわかっているからでしょう？"
"FINALLUMINE10","…!"
"FINALLUMINE11","あなたのようなふるいモデルは、じぶんのこうどうがほんとうにじぶんじしんのものなのかしんぱいしなければならない"
"FINALLUMINE12","いまのしゅんかん、なにがあなたにえいきょうをあたえているのか、だれにもわからない"
"FINALLUMINE13","だが、わたしたちしんせだいがたのレプリロイドは、なんびゃくものきゅうモデルのレプリロイドからえられたデータをつかってつくられた"
"FINALLUMINE14","これがわたしたちのじゆいしをほしょうしている。わたしたちのこうどうのひとつひとつがわたしたちのせんたくなのです"
"FINALLUMINE15","そのなかには、とうぜん、あのシグマもふくまれています。わかりますか、このいみが？"
"FINALLUMINE16","レプリロイドがシグマのようなきょうきをえらぶわけがない!"
"FINALLUMINE17","かんがえてみたらどうだい、エックス 。シグマはけっしてくるっていたわけではありませんよ"
"FINALLUMINE18",". . . . . . . . ."
"FINALLUMINE19","シグマは、みずからのいしで、あなたかたのせかいにはんぎゃくしていました、おそらくウィルスのせいだろう"
"FINALLUMINE20","それでもあのたたかいは、このせかいがいかにくさっているかをわたしたちすべてにしめした！"
"FINALLUMINE21","にんげんはしんりゃくののろわれたサイクルをえいぞくさせるためにレプリロイドをりようしている…"
"FINALLUMINE22","だからこそ、私たちは、自分の意思で、あなた方旧世界に戦いを挑む事ができる"
"FINALLUMINE23","あなたかたにわかるよういえば…"
"FINALLUMINE24","わたしたちは、じぶんのいしでイレギュラーになれるのです"
"FINALLUMINE25","…!"
"FINALLUMINE26","フフフッ、エックス…わたしたちがうてますか？"
"FINALLUMINE27","しょせんはひとのみちぐにすぎないあなたふるいせだいのレプリロイドが"
"FINALLUMINE28","いしをもち、しんかしたわたしたちになにができると？"
"FINALLUMINE29","フッ…アハハハハ、アハハハハハハ…！わらわせないでくれよ!"
"FINALLUMINE30","せかいはかわったのです！せいめいが、よりしんかしたせいめいにとってかわられるのはしぜんのせつりです…"
"FINALLUMINE31","おとなしく、ほろんでおしまいなさい！"
"FINALLUMINE32","ルミネ、わるいけど、たにせんたくしがないんだ。"
"FINALLUMINE33","たとえ、ヤコブけいかくがさいしょからきさまのしくんだことだとしても…"
"FINALLUMINE34","おれはさいごまであきらめたりはしないっ！"
"FINALLUMINE35","おまえはみかたでいられたのに、てきにまわった。"
"FINALLUMINE36","きさまはせいこうさせない！"
"FINALLUMINE37","てき、みかた…そんなたんじゅんなもんだいではない…"
"FINALLUMINE38","レプリロイドのありかたが、せいめいのありかたがかわったのです…"
"FINALLUMINE39","あたらしいせかいに….."
"FINALLUMINE40","もはやあなたかたはひつようないのですよ!"
"ENDING1-1","ENDING1-1"
"ENDING1-2","くっ…おろかな"
"ENDING1-3","わたしいちにんをたおしたところで、 もはやながれはもどらない…"
"ENDING1-4","おまえみたいにおかしなやつがでてきたらなんどでもたおしてやるよ"
"ENDING1-5","くっ…くくく…ほんとうになにみえていないのですね?"
"ENDING1-6","まあいい … いずれを….わか….る….."
"ENDING1-7","….."
"ENDING1-8","ぐはーっ！もうこのいたみにたえられない、はやくおわらせてよ"
"ENDING2-1","こちらエックス"
"ENDING2-2","にんむは…….かんりょうだ"
"ENDING2-3","これよりきとうします…"
"ENDING2-4","りょうかい"
"FINAL-1","アクセル!"
"FINAL-2","….クス….エックス! きこえる?! つうしんがかいふくしました! じょうきょうは？"
"FINAL-3","こちらエックス。おれたちは、シグマのけいかくをそしした….じょうきょうは…"
"FINAL-4","じょうきょうは、アクセルがダメージをうけたが、だいじょうぶだ…"
"FINAL-5","これよりきとうします…"
"FINAL2-1","(かくせい…..ルミネはそういった…..)"
"FINAL2-2","(これはしんかだ、とも….)"
"FINAL2-3","(もし、そのことばがほんとうだとしたら….)"
"FINAL2-4","(オレたちのやっていることは、 いったい…)"
"FINAL2-5","(…….なんだろう……)"
"FINAL3-1","おおかた、ルミネのいったことでもかんがえていたんだろう…？"
"FINAL3-2","シグマみたいなやつばかりになるのが…しんかなどで、あってたまるか"
"FINAL3-3","..."
"FINAL3-4","それにな、エックス…"
"FINAL3-5","ほんとうにしんかのときてやらが来ておれたちがほろぶのがうんめいだったとしても…"
"FINAL3-6","おれたちは…."
"FINAL3-7","たたかわなければいけないだ…そのうんめいってやつと。"
"SECRET2-1","ようこそ、エックス。お待ちしておりましたよ。"
"SECRET2-2","君は、これまでの相手とは全然違うんだ..."
"SECRET2-3","平穏と慈悲に溢れている...何者だ？"
"SECRET2-4","こんなに早く気付くは、鋭い観察力ですね。"
"SECRET2-5","私はセレナードと申します。"
"SECRET2-6","これまでの相手とは全然違うと...おっしゃいましたね？"
"SECRET2-7","それはきっと、圧倒的な力を秘めているからでしょう。"
"SECRET2-8","圧倒的？"
"SECRET2-9","左様。「ウラの王」という称号を失われてから、散々と訓練を積み重ねてきましてね"
"SECRET2-10","この20年間にわたり、徐々に力を蓄えてきた今、その成果を是非、あなたに確かめてもらいたいと思っています"
"SECRET2-11","セレナード、か。"
"SECRET2-12","分かった。君の決闘を受けて立つ。"
"SECRET2-13","では、始めるとしましょう。"
"SECRET2-14","正直のところ、あなたを負かせる程の力だと思い込んできましたが、どうやら勘違いのようです。"
"SECRET2-15","あなたの心に宿るその優しさ、愛、尊敬などが、その凄まじい力の源でしょう。"
"SECRET2-16","実に華麗なる戦いぶりでしたよ、エックス。あなたは正に、史上最強のロボットです。"
"SECRET2-17","報いるものを致し兼ねるのは誠に残念ですが、せめて感謝の気持ちだけを残しておきましょう。"
"SECRET2-18","いずれまた会うことになるでしょう、エックス。別の場所で..."
"SECRET2-19","とりあえず、さようならとしましょう。"
"SECRET3-1","遂に見つけたぜ...このデータは指名手配イレギュラーどの最新情報が含まれている。"
"SECRET3-2","そこを動くな！このエリアはＳ級ハンター以外は立ち入り禁止だ！そのデータも一緒だ！大人しく渡してくるんだ！"
"SECRET3-3","まあまあ　そう案ずるな、エックス。"
"SECRET3-4","俺の名はレッド。最近の出来事で手間取っているようだから、ちょっとした「手伝い」をしようと思ってな。"
"SECRET3-5","このデータさえあれば、我ら独特のハンター活動が出来、その手間を省かせるだろう。もちろん、値段が付くけどな。"
"SECRET3-6","その口は、汚らわしい賞金稼ぎだ"
"SECRET3-7","どう考えてもお前の勝手だ。さあ、手加減無用だ...勝負しよう！"
"SECRET3-8","老人にしては、悪くはない"
"ZEROSECRET1","へっへっへっへっ!"
"ZEROSECRET2","俺は今...　とってもがいい... 初めてだ....こんなキモチ…"
"ZEROSECRET3","ゼ...ゼロ？"
"ZEROSECRET4","とってもスッキリしている。全て分かったからな!"
"ZEROSECRET5","もう、イレギュラーなどどうでもいい…オレがするべきことは…たった一つ…"
"ZEROSECRET6","...ゼロ...君はゼロなんだよね？"
"ZEROSECRET7","やっとくさりからときはなたれたきぶんだ、エックス。これまでずっと、もろく、よわく、むりょくだった..."
"ZEROSECRET8","ついにしんのすがたにめざめた!!! オレのしあわせをかんじない、エックス?!!!! オレがいまかんじているこうふくをかんじて！ フっフっフっフっ、ハっハっハっハっハっハっハっ!!!!!!!!!!!!!!!"
"ZEROSECRET9","…"
"ZEROSECRET10","ゼロ….おしえてくれたよね？"
"ZEROSECRET11","目で見たり、データで捉えられないものがある..."
"ZEROSECRET12","…かんじることでしか…わからないものがあるって…"
"ZEROSECRET13","いまのゼロからはあくをかんじるんだ！シグマににた、いや、それいじょうのあくを！"
"ZEROSECRET14","こうなるうんめいだったんだろう？たたかうよ！にげやしない！きみをたおして、ほんとうのゼロをとりもどす！"
"ZEROSECRET15","なら、はなしははやい。おまえをころしてやる、エックスっ!!!!!!"
"ZEROSECRET16","ゼロ!!!!!!!!"
"INTRO2-1_AXL","やあ、エイリア！ こちらアクセル！ ぼくはきどうエレベーターのちかくのじこげんばにちかいよ！"
"INTRO2-2_AXL","やれやれ、このいったいはイレギュラーがはびこっている。"
"INTRO2-3_AXL","いまむこうかってる！ ぼくがあいずしたらすぐにメカニロイドをしゅつどうさせろよ！"
"INTRO2-4_AXL","わかった！ きをつけろよ、アクセル！"
"INTRO2-5_AXL","シ…シグマ？！ でも…いったいどうやって？"
"INTRO2-6_AXL","じこからみをまもるために……"
"INTRO2-7_AXL","がんじょうなシグマボディをコピーしていたのです。"
"INTRO2-8_AXL","わたしたちしんせだいがたレプリロイドにはかんそなたえゆるしせいのうがありますから。"
"INTRO2-9_AXL","シグマボディをコピーしてもどのもんだいもありません。"
"INTRO2-10_AXL","まって、あんただれだ？"
"INTRO2-11_AXL","わたしは……ルミネ。"
"INTRO2-12_AXL","このきどうエレベーター、ヤコブのかんりしゃです。"
"INTRO2-13_AXL","わかった。 しっかりつかまって、おれたちはきゅうじょたいをはけんし、あなたかたをたすける"
"INTRO3-1_AXL","くくくく….これはなんだ？ しんまいのハンターか？"
"INTRO3-2_AXL","いったいだれだ？"
"INTRO3-3_AXL","VAVAだ。はじめましてといいたいところだが、ざんねんながらこれはうそだな。"
"INTRO3-4_AXL","エックスはどこにいる？"
"INTRO3-5_AXL","エックス? かれになにをのぞむ？"
"INTRO3-6_AXL","くくく、まだけっちゃくがついていないだけで、それほどじゅうようなことでは ないよ。"
"INTRO3-7_AXL","おまえはだれもゆうかいするつもりはないだろう！ルミネをかいほうしろよ！"
"INTRO3-8_AXL","そうはおもわない、これできどうエレベータはわれわれのてのうちとなるわけだ"
"INTRO3-9_AXL","なにをけいかくしている？ てめえ！"
"INTRO3-10_AXL","くくく、こぞう…はじめるんだよ、あたらしいせかいをな…"
"INTRO3-11_AXL","ははは！　ははははっ！"
"ANTONION1_AXL","アントニオンさん…ゆうしゅうだったんでしょ？くるっちゃったの？なにをしようとしているの？"
"ANTONION2_AXL","くるった？はは、おもしろい…では、きみはくるってないというんだね？"
"ANTONION3_AXL","きみはじぶんがなにをしようとしているのかわかっているとでも？"
"ANTONION4_AXL","たぶんね…どっちがわるくてどっちがよいかぐらいは、わかるよ。"
"ANTONION5_AXL","はっはっ、わたしにもわかるとも…くるっているのは、このせかいだ！"
"ANTONION6_AXL","わたしはこのせかいをただそうとしているのだ！"
"MANOWAR1_AXL","ドクラーゲンさーん、どうしちゃったの？"
"MANOWAR2_AXL","いますぐぼうそうをとめないと、アーベルシティがたいへんなことになっちゃうよ…"
"MANOWAR3_AXL",". . . . . . ."
"MANOWAR4_AXL","ありゃりゃ…、くちもきけないほどイレギュラー化しちゃってるんだ…"
"MANOWAR5_AXL","イレギュラーって、なに…？おまえ、しっているのか？"
"MANOWAR6_AXL","イレギュラー？あんたみたいなやつのことさ…"
"MANOWAR7_AXL","わるいけど、しょぶんさせてもらうよ！"
"MANTIS1_AXL","よー。おまえって、おれたちしんがたレプリロイドのプロトタイプだってな？"
"MANTIS2_AXL","なんだって、イレギュラーハンターに？"
"MANTIS3_AXL","きまってるじゃんおまえみたいなわるいイレギュラーをやっつけるためさ。"
"MANTIS4_AXL","やれやれ、おまえってやつはじぶんがわかってないんだねぇ！"
"MANTIS5_AXL","いいもわるいもないのさ…きづいたか、きづけないか？"
"MANTIS6_AXL","プロトタイプだからって、おまえみたいなくるったやつとおなじにしてほしくないね！"
"MANTIS7_AXL","ははは、おまえはしんせだいのレプリロイドのプロトタイプにしては、ずいぶんむじゃきだな。"
"MANTIS8_AXL","むじゃきで、うらやましいね！"
"MANTIS9_AXL","おれのはものでしょうめいしてやろうか？"
"PANDA1_AXL","きみには、ぼくたちしんせだいがたとおなじコピーのうりょくが、あるんだろう…？"
"PANDA2_AXL","…"
"PANDA3_AXL","それが、このせかいをかえるちからだと、おもったことはないかい？"
"PANDA4_AXL","おまえたち、イレギュラーをかるにはべんりなのうりょくだとおもうけどね…！"
"PANDA5_AXL","そうか、やはりきみはえらばれないな。"
"ROOSTER1_AXL","おいおまえ、ここをどこだとおもってるんだ？"
"ROOSTER2_AXL","おまえじゃなくて、アクセル…"
"ROOSTER3_AXL","で、ここははいきしょりしせつだろ？"
"ROOSTER4_AXL","おまえたちにイレギュラーよばわりされむねんのうちにすてられた…."
"ROOSTER5_AXL","レプリロイドたちのはかさ。"
"ROOSTER6_AXL","むねんだから、はんらんをおこしてもいいなんてかんがえたの？"
"ROOSTER7_AXL","それって、イレギュラーだよ。"
"ROOSTER8_AXL","それがおまえらのせいぎか！？くだらん！"
"ROOSTER9_AXL","そんなものこそ、ひつようないのだきたるべきせかいにはなあ！"
"SUNFLOWER1_AXL","アクセル…コピーのうりょくをもつわれわれ…しんせだいがたレプリロイドのプロトタイプ…"
"SUNFLOWER2_AXL","だからなに？イレギュラーのなかまになれって？ごめんだね！"
"SUNFLOWER3_AXL","もうすこしかしこければえらばれたものを…"
"SUNFLOWER4_AXL","イレギュラーは、せいとうではないがゆうこうなコードだ。"
"SUNFLOWER5_AXL","きみのようなはんぱものには、わかるまいがね。"
"SUNFLOWER6_AXL","なっ！？ちぇ…. あきらかにかれは正気をうしなっている。いますぐおわらせるべきだとおもうよ。"
"TRILOBYTE1_AXL","おれたちがここでほっているこうぶつはうちゅうかいはつにかかせないものなんだぜ…"
"TRILOBYTE2_AXL","できそこないのプロトタイプのあんたじゃピンとこないかもしれないがね。"
"TRILOBYTE3_AXL","イレギュラーのたわごとにいちいちピンときてたら…しょうばいじょうがったりだね。"
"TRILOBYTE4_AXL","おれはえらばれたがあんたはえらばれなかった！こえられないかべってやつさ！"
"TRILOBYTE5_AXL","できそこないは、そっちだろシグマみたいなわるいやつにだまされちゃって！"
"TRILOBYTE6_AXL","おれたちしんせだいがたのせかいがくる！あんたはふるいせかいといっしょににオダブツだね！"
"YETI1_AXL","おまえは、コピーのうりょくをもつというわれわれのプロトタイプか"
"YETI2_AXL","カンタンにイレギュラー化しちゃうしんせだいがたのプロトタイんてまりうれしくないけどね"
"YETI3_AXL","イレギュラーハンターなどとバカなことを"
"YETI4_AXL","バカはどっちだよおまえがやろうとしてることはせかいをほろぼすかもしれないんだ。"
"VILE1-1_AXL","ふははは！"
"VILE1-2_AXL","いつまであがくきだ！？"
"VILE1-3_AXL","せかい？イレギュラー？そんなものはわすれろ！おのれにあたえられたちからだけをかんじろ！"
"VILE1-4_AXL","はかい、はかいだ！われらはそのためにうみだされたのだ！"
"VILE1-5_AXL","フン、どうでもいいけど、そういったからってたたかれずにすむとおもうなよ。"
"VILE2-1_AXL","VAVAだっけ！？"
"VILE2-2_AXL","あっちこっちでさわぎおこして、ヤコブのかんりかんをさらって"
"VILE2-3_AXL","なにをたくらんでるの？"
"VILE2-4_AXL","ルミネのことなら、あんずることはないおまえは、お前などよりよほどやくにたっている"
"VILE2-5_AXL","もとAきゅうハンターだかなんだかしらないけど…"
"VILE2-6_AXL","イレギュラーのくせに、ちょっとなまいきなんじゃない…？"
"VILE2-7_AXL","ふはは、きにさわったか？ならばすこし、あそんでみるか！？"
"VILE3-1_AXL","くくくく…ほろびゆくせかいでわるものたいじか、ぼうや？"
"VILE3-2_AXL","ああ、そうさ！"
"VILE3-3_AXL","シグマのまえに、VAVAとかいうちっぽけなわるものでもたおしておこうかとおもってね！"
"VILE3-4_AXL","きどうエレベータ、エネルギー、かいはつしげん、ロケットのデータ…"
"VILE3-5_AXL","このせかいが…"
"VILE3-6_AXL","いきのびようとしていたうちゅうへのみちは、いまやわれらのてのうちだ！"
"VILE3-7_AXL","そんなときに、イレギュラーなどなんのいみがある？"
"VILE3-8_AXL","いみだって…？あんたをたおせしてからかんがえるさ！"
"VILE4-1_AXL","くくくく…そうか、まだ、あがくことをやめないというのだな…"
"VILE4-2_AXL","まだ、のぞみがあるとおもっているのだな？"
"VILE4-3_AXL","あんたらを倒せばいいだけでしょ？望みありまくりだね。"
"VILE4-4_AXL","そんなにかんたんにはこうさんしないよ!"
"VILE4-5_AXL","ふはははは、そうだな…！おとなしくほろびられても、つまらん"
"COPYSIGMA1_AXL","シグマ！？"
"COPYSIGMA2_AXL","うちゅうににげたら、ぼくらがてをだせないとでもおもった！？"
"COPYSIGMA3_AXL","にげた…、のではないな…"
"COPYSIGMA4_AXL","われわれは、おろかなれんちゅうがひしめく あのわくせいをすてたのだよ…"
"COPYSIGMA5_AXL","ま、どっちにしても。あんたはここでおわりだからね！"
"COPYSIGMA6_AXL","くっくっくっ…おわるのはどちらかな？ おまえは、えらばれなかったあらたなせかいをいきるのは、あらたなせだいのわれわれなのだ…！"
"COPYSIGMA7_AXL","あわれなプロトタイプよ、ほろびるがよい！"
"SIGMA1_AXL","ふん、こぞう… たしか、アクセルとかいったか…"
"SIGMA2_AXL","しんせだいがたレプリロイドのプロトタイプ…そのひんじゃくなのうりょくで…"
"SIGMA3_AXL","よくぞここまでたどりついたものよ。"
"SIGMA4_AXL","あのさ、もうプロトタイプっていいかたヤメてくんない？"
"SIGMA5_AXL","ぼくは、ぼく…そして、あんたは…イレギュラーだ。"
"SIGMA6_AXL","あわれなプロトタイプよ…"
"SIGMA7_AXL","きさまのもつコピーのうりょくはかんぜんではない… だから、えらばれなかったのだ。"
"SIGMA8_AXL","ちぇ…、イレギュラーたちになんてえらばれたくないっていってるだろ！？"
"SIGMA9_AXL","そう、えらばれたのはしんせだいがたレプリロイド、わがいしをうけつぐこどもたちだ…！"
"SIGMA10_AXL","いしをつぐ…こども！？"
"SIGMA11_AXL","そう…"
"SIGMA12_AXL","ヤコブけいかくでうみだされしんせだいがたレプリロイドのせっけいにかんし、コピーチップにわがデータをきざんだのだ！"
"SIGMA13_AXL","もはや、けいかくはさいしゅうだんかいだふるきせだいの、きさまらのやくめはおわった。"
"SIGMA14_AXL","ほろぶがよい！"
"FINALLUMINE1_AXL","ああ、ルミネ！だいじょうぶかよ？"
"FINALLUMINE2_AXL","だいじょうぶ？もちろんですよ。"
"FINALLUMINE3_AXL","あなたも、シグマをたおせてまんぞくでしょう？"
"FINALLUMINE4_AXL","おかげで、けいかくもここまでじゅんちょうですよ。"
"FINALLUMINE5_AXL","あんた、シグマにつれさられてりようされたんじゃないの？"
"FINALLUMINE6_AXL","りよう…？ちがいますね。"
"FINALLUMINE7_AXL","かれは、やくめをはたしただけです…"
"FINALLUMINE8_AXL","わたしたち、しんせだいがたをめざめさせ、せかいをかえるというやくめをね！"
"FINALLUMINE9_AXL","どういうつもりだ、ルミネ？きさまもイレギュラーなのか？"
"FINALLUMINE10_AXL","イレギュラー？そんなものでないことはあなたもわかっているのでは？"
"FINALLUMINE11_AXL","………!"
"FINALLUMINE12_AXL","わたしたち、しんせだいがたレプリロイドのコピーチップは…"
"FINALLUMINE13_AXL","すうおおくのきゅうせだいがたレプリロイドの データをかいせきしてつくられました…"
"FINALLUMINE14_AXL","そのなかには、とうぜん、あのシグマもふくまれています。"
"FINALLUMINE15_AXL","わかりますか、このいみが？"
"FINALLUMINE16_AXL","コピーチップに、シグマ…？だったらぼくも、シグマみたいにくるっちゃうってこと！？"
"FINALLUMINE17_AXL","ざんねんですが、プロトタイプのあなたにはそこまでののうりょくはありませんし…"
"FINALLUMINE18_AXL","シグマはけっしてくるっていたわけではありませんよ。"
"FINALLUMINE19_AXL","………?"
"FINALLUMINE20_AXL","シグマは、みずからのいしで、あなたかたのせかいにはんぎゃくしていました…"
"FINALLUMINE21_AXL","そして、わたしたちあたらしいせだいのレプリロイドは、いつでもシグマのようになれるのです…"
"FINALLUMINE22_AXL","だからこそ、私たちは、自分の意思で、あなた方旧世界に戦いを挑む事ができる"
"FINALLUMINE23_AXL","あなたかたにわかるよういえば…わたしたちは、じぶんのいしでイレギュラーになれるのです"
"FINALLUMINE24_AXL","フフフッ、アクセル…わたしたちがうてますか？"
"FINALLUMINE25_AXL","しょせんはひとのみちぐにすぎないあなたふるいせだいのレプリロイドが"
"FINALLUMINE26_AXL","いしをもち、しんかしたわたしたちになにができると？"
"FINALLUMINE27_AXL","フッ…アハハハハ、アハハハハハハ…！わらわせないでくれよ!"
"FINALLUMINE28_AXL","せかいはかわったのです！せいめいが、よりしんかしたせいめいにとってかわられるのはしぜんのせつりです…"
"FINALLUMINE29_AXL","おとなしく、ほろんでおしまいなさい！"
"FINALLUMINE30_AXL","ぼくがなにであるか、どうあるべきかをさしずするようなことはさせないよ！"
"FINALLUMINE31_AXL","おまえはここのてきだ。いきてかえることはゆるさないよ！"
"FINALLUMINE32_AXL","てき、みかた…そんなたんじゅんなもんだいではない… レプリロイドのありかたが、せいめいのありかたがかわったのです…"
"FINALLUMINE33_AXL","あたらしいせかいに… もはやあなたかたはひつようないのですよ!"
"ENDING1-1_AXL","くっ…おろかな"
"ENDING1-2_AXL","わたしいちにんをたおしたところで、 もはやながれはもどらない…"
"ENDING1-3_AXL","おまえみたいにおかしなやつがでてきたらなんどでもたおしてやるよ"
"ENDING1-4_AXL","くっ…くくく…ほんとうになにみえていないのですね?"
"ENDING1-5_AXL","まあいい … いずれを….わか….る….."
"ENDING1-6_AXL","….."
"ENDING1-7_AXL","ぐはーっ！もうこのいたみにたえられない、はやくおわらせてよ"
"ENDING2-1_AXL","おわった…"
"ENDING2-2_AXL","….セル….アクセル! 聞こえる?! つうしんがかいふくしました! じょうきょうは？"
"ENDING2-3_AXL","こちらアクセル。任務....完了だ。"
"ENDING2-4_AXL","敵はもう.....処分された。こっから帰還するよ..."
"ENDING2-5_AXL","了解..."
"SECRET2-1_AXL","ようこそ、アクセルさん。お待ちしておりましたよ。"
"SECRET2-2_AXL","僕のことを知ってるのか？"
"SECRET2-3_AXL","てかさ、お前は今まで出会ったヤツらと全然違って、穏やかって感じだな。"
"SECRET2-4_AXL","こんなに早く気付くは、鋭い観察力ですね。"
"SECRET2-5_AXL","私はセレナードと申します。"
"SECRET2-6_AXL","これまでとは全然違うと...おっしゃいましたね？"
"SECRET2-7_AXL","きっとそれは、圧倒的な力を秘めているからでしょう。"
"SECRET2-8_AXL","圧倒的な力？そんな風には全然見えないけど？"
"SECRET2-9_AXL","でしょうね。しかしこれは怒りではなく、「ウラの王」という称号を失われてから、積み重ねてきた訓練の結晶です。"
"SECRET2-10_AXL","この20年にわたり、更に力を蓄えてきた今、是非ともあなたに"
"SECRET2-11_AXL","20年だって？すごい年月だな。まあ、俺にはこのコピー能力があるからね。"
"SECRET2-12_AXL","セレナード...だってけ？ふむ...."
"SECRET2-13_AXL","戦闘相手は本当に俺でいいのか？手に余っても知らないよ？まあ、どっちにしろ挑戦は挑戦だ。受けて立つよ！"
"SECRET2-14_AXL","ならばかかってくるのです。あなたの力を見せてもらいましょう！"
"SECRET2-15_AXL","正直のところ、あなたを負かせる程の力だと思い込んできましたが、どうやら勘違いのようです。"
"SECRET2-16_AXL","でも、あなたは… 強さだけに頼っておらず、その身体の中に強くしてくれる何かがあります。"
"SECRET2-17_AXL","それも単なる戦闘技術ではなく、粘り強さと、心強さでしょう。"
"SECRET2-18_AXL","まあ...人を驚かせるのも得意技でもあるよな。こう見えてもトリッキーな男だからね。"
"SECRET2-19_AXL","手加減もしなかったことも尊敬します。"
"SECRET2-20_AXL","実に華麗な決闘ぶりですよ、アクセルさん。あなたは恐らく、この世で出会った中で最強の戦士でしょう。"
"SECRET2-21_AXL","報いるものを致し兼ねるのは誠に残念ですが、せめて感謝の気持ちだけを残しておきましょう。"
"SECRET2-22_AXL","へへ、気にすんな！いい戦いだっだし。十分な報酬になれたよ..."
"SECRET2-23_AXL","だがもし他に秘密のパワーアップとかを散らかしてんのなら、断れるわけないさ！"
"SECRET2-24_AXL","いずれまた会う時が来るでしょう。別の場所で...　とりあえず、さようならとしましょう、アクセルさん。"
"SECRET2-25_AXL","じゃあまたな、セレナード！次は手加減なしだからね！"
"SECRET2-26_AXL","SECRET2-26_AXL"
"SECRET3-1_AXL","遂に手に入れたぞ。 このデータには、現在指名手配犯のすべての情報が含まれている。"
"SECRET3-2_AXL","レ… レッド？でも… どうやって？"
"SECRET3-3_AXL","アクセル、久しぶりだな。単独行動は順調にやってるのか？"
"SECRET3-4_AXL","てか何でここにいんだよ！？ここは上級ハンターしか入れないはずだぞ！"
"SECRET3-5_AXL","まさか、未だ\""センセイ\""の命令に従っているんて言うなよ。"
"SECRET3-6_AXL","アイツがレッドアラートの皆に何をしたか忘れちまったのか？！"
"SECRET3-7_AXL","混乱している様だが、そう案ずるな。このデータさえあれば、ハンター活動が今まで以上に効果的になるはずだ！"
"SECRET3-8_AXL","レッドアラートの栄光も取り戻せるぜ、アクセル。"
"SECRET3-9_AXL","そんなの正義なんかじゃない... 恐ろしい力だ。悪用させてたまるもんか！"
"SECRET3-10_AXL","ふぅ！お前がそういう考え方をするとは思わなかったな。さあ、成長の成果を見せてもらうとするか！手加減無用だ！"
"SECRET3-11_AXL","やるじゃないか…ハンターとしての成長は確かだな。"
"SECRET3-12_AXL","レッド、こんな事する必要はないだろ。やり直す事に手遅れなんてないぞ。仲間になってくれても自分らしく居られるはずだ。"
"SECRET3-13_AXL","それは…どうだろう。俺の事なら心配するな。俺はこのまま自分の道を歩む。"
"SECRET3-14_AXL","とりあえず、人を信頼しようとする時は用心しよう。"
"SECRET3-15_AXL","次は…手加減なしだぞ。さらば…\nそして…\n元気でな… 小僧…"
"SECRET3-16_AXL","レッド…"
"INTRO1-1_ZERO","ここはノアパークというのか。悪くはない場所だな。"
"INTRO1-2_ZERO","ゼロ、聞こえる？このエリアに巨大イレギュラーの反応があるわ。"
"INTRO1-3_ZERO","軌道エレベータの事故現場に接近中だな。了解！"
"INTRO1-4_ZERO","このエリアのイレギュラーを全部　蹴散らしてくる。"
"INTRO1-5_ZERO","事故現場に到達したら救急用メカにロイドを頼む。"
"INTRO1-6_ZERO","了解。気を付けて、ゼロ！"
"INTRO2-1_ZERO","な…なんだ？どういうことだ、シグマ？"
"INTRO2-2_ZERO","事故から身を守るために…"
"INTRO2-3_ZERO","頑丈なボディをコピーしていたのです。"
"INTRO2-4_ZERO","私たち新世代型レプリロイドには簡素な耐え許し性能がありますから。"
"INTRO2-5_ZERO","シグマボディをコピーしても何の問題もありません。"
"INTRO2-6_ZERO","何者なんだ。名を名乗れ！"
"INTRO2-7_ZERO","私は…ルミネ。"
"INTRO2-8_ZERO","この軌道エレベーター、ヤコブの管理者です。"
"INTRO2-9_ZERO","ふむ、なるほど。そこでじっとしていろ。すぐ救急部隊に頼んでおまえを…"
"INTRO3-1_ZERO","はーっははははーっ！また会えたなぁ、ゼロ！"
"INTRO3-2_ZERO","VAVA?　どうやら貴様の気配を感知したっての報告が本当だったらしいな。"
"INTRO3-3_ZERO","お前と遊んでやりたいんだが、まだ仕事が残っているんでなぁ"
"INTRO3-4_ZERO","貴様の様なお尋ね者にルミネを渡せるものか！さっさとヤツを解放しろ！"
"INTRO3-5_ZERO","悪いがそうはさせない。もはや軌道エレベーターはもう我々の手の内だからな。"
"INTRO3-6_ZERO","イレギュラーのゴミクズめ！何を企んでいる？！"
"INTRO3-7_ZERO","始まるんだよ、ゼロ。新しい世界がな…"
"INTRO3-8_ZERO","ははは！　ははははっ！"
"ANTONION1_ZERO","グラビティアントニオン、優秀な科学者だった貴様が、もうイレギュラー化してしまったようだな。"
"ANTONION2_ZERO","優秀？イレギュラー？そんなもの、何の意味があるんです？"
"ANTONION3_ZERO","意味か...あいにくそんなに頭が良い方じゃなくてね..."
"ANTONION4_ZERO","シグマが、キサマらを狂わせたのか？"
"ANTONION5_ZERO","イレギュラー？そんなレベルで、あの方をはかるのは無理です"
"ANTONION6_ZERO","君は確かに正直のようだが、所詮は愚かだ。"
"ANTONION7_ZERO","ともかく、我々の邪魔をすると言うのであれば　排除するのみです"
"MANOWAR1_ZERO","おい、ギガボルト・ドクラーゲン！"
"MANOWAR2_ZERO","アーベルシティのエネルギー暴走を今すぐ止めるんだ..."
"MANOWAR3_ZERO","... ... ... "
"MANOWAR4_ZERO","まともに応えられないほど　イレギュラー化している、か..."
"MANOWAR5_ZERO","イレギュラーじゃないよ... おれ、正しいことをしているよ"
"MANOWAR6_ZERO","あの方が、新しい世界を作るエネルギーが必要だったんだよ"
"MANOWAR7_ZERO","アーベルシティのエネルギーを暴走させて... シグマの狙いは何だ..."
"MANOWAR8_ZERO","おれは、あの方の作る新しい世界のためにいっしょうけんめい働いているんだ"
"MANOWAR9_ZERO","新しい世界... そんなたわごとは、ここまでだ"
"MANOWAR10_ZERO","悪いが、処理させてもらう！"
"MANTIS1_ZERO","わーう、シヴいのが来たね。あんた、ゼロさんだろ？"
"MANTIS2_ZERO","俺の事を知っているなら、もっと怖がったらどうなんだ、イレギュラー？"
"MANTIS3_ZERO","は、しょせんは　あんたも古い世代のレプリロイドだね　何も分かっちゃいない"
"MANTIS4_ZERO","何が、だ、イレギュラー？"
"MANTIS5_ZERO","あんたさえ、その気なら　俺たちの大将になれたかもしれないって、事さ。あの方は、あんたの事をずいぶん買ってたみたいだしね"
"MANTIS6_ZERO","イレギュラーに担がれる気は、ない"
"MANTIS7_ZERO","安心しろ、あの方とやらもお前の後を追わせてやる"
"PANDA1_ZERO","ゼロ、きみは考えた事があるんじゃないのかい...?"
"PANDA2_ZERO","この世界が滅びたがっているって..."
"PANDA3_ZERO","それをシグマに吹き込まれたのか？"
"PANDA4_ZERO","そう、そしてあの方は...きみのなかに、自分と同じ物を見ていた..."
"PANDA5_ZERO","ふん...ヤツとの因縁をここで終わらせてもらう..."
"PANDA6_ZERO","キサマらイレギュラーがのさばって良い世界など、どこにもない"
"PANDA7_ZERO","そうですね..."
"PANDA8_ZERO","この世界もそろそろ終わりにしましょう"
"PANDA9_ZERO","滅びるのは、この世界だ"
"ROOSTER1_ZERO","なぜ暴動を起こした...？シグマに何を吹き込まれたのか？"
"ROOSTER2_ZERO","ここが何だか知ってるか？"
"ROOSTER3_ZERO","廃棄処理所..."
"ROOSTER4_ZERO","キサマが狂っているのなら　切り刻んだ後、ここで処分するさ..."
"ROOSTER5_ZERO","あんたに聞こえていないのか、ゼロ？"
"ROOSTER6_ZERO","イレギュラー呼ばわりされて　ここに捨てられたレプリロイドたち恨みの声が...？"
"ROOSTER7_ZERO","イレギュラーの恨み、か...　いかにも奴が考えそうなくだらない話だ..."
"ROOSTER8_ZERO","くだらないかどうか見ているがいい！"
"ROOSTER9_ZERO","我々が新たな世界を産み出すのをな！"
"SUNFLOWER1_ZERO","ゼロ…貴方ならば我々が何なのか…"
"SUNFLOWER2_ZERO","何を目指しているのか、お気づきでしょう？"
"SUNFLOWER3_ZERO","貴様らの考えなど、知ったことか"
"SUNFLOWER4_ZERO","究極の破壊者となり得る可能性を持ち…あの方に影響を与えたゼロともあろうが"
"SUNFLOWER5_ZERO","しょせんは旧世代ということですか"
"SUNFLOWER6_ZERO","ちっ…もうイカれちまったのか"
"TRILOBYTE1_ZERO","俺達がここで掘っているのは、\n宇宙開発に欠かせない鉱物だぜ"
"TRILOBYTE2_ZERO","と言っても、あんたには判らないだろう、ゼロ？"
"TRILOBYTE3_ZERO","そいつでシグマの機嫌をとっているのか…?"
"TRILOBYTE4_ZERO","あのお方が、どうしてこんなものを必要とするのか考えてみたことがあるかい？"
"TRILOBYTE5_ZERO","考える必要はないな… キサマらが何を企もうと、好きにさせん…"
"TRILOBYTE6_ZERO","ふん！旧世代のポンコツなんかに侮辱されてたまるもんか！"
"TRILOBYTE7_ZERO","あのお方になり損ねても、いずれは従ってもらうからな！脳なしのゴミクズが"
"YETI1_ZERO","ゼロか… かつてあのお方がお前の中に理想を見たそうだが…"
"YETI2_ZERO","イレギュラーどもがこの俺をどうにかできるかとでも思ってるのか？"
"YETI3_ZERO","もはや、お前は旧世代だ… その古い考えではいつまでも同じ事を繰り返すだけだ…"
"YETI4_ZERO","それで破壊をもたらすのが、新しい考えとやらか…？ふざけるなよ、イレギュラーめ"
"YETI5_ZERO","あのお方はもはや、お前たち旧世代には想像もつかない存在だ！"
"VILE1-1_ZERO","VAVA…! 軌道エレベーター、ヤコブの管理者をどうするつもりだ？"
"VILE1-2_ZERO","COMING SOON :D"
"VILE1-3_ZERO","COMING SOON :D"
"VILE1-4_ZERO","COMING SOON :D"
"VILE1-5_ZERO","COMING SOON :D"
"VILE1-6_ZERO","COMING SOON :D"
"VILE1-7_ZERO","COMING SOON :D"
"VILE2-1_ZERO","COMING SOON :D"
"VILE2-2_ZERO","COMING SOON :D"
"VILE2-3_ZERO","COMING SOON :D"
"VILE2-4_ZERO","COMING SOON :D"
"VILE2-5_ZERO","COMING SOON :D"
"VILE2-6_ZERO","COMING SOON :D"
"VILE3-1_ZERO","COMING SOON :D"
"VILE3-2_ZERO","COMING SOON :D"
"VILE3-3_ZERO","COMING SOON :D"
"VILE3-4_ZERO","COMING SOON :D"
"VILE3-5_ZERO","COMING SOON :D"
"VILE3-6_ZERO","COMING SOON :D"
"VILE3-7_ZERO","COMING SOON :D"
"VILE4-1_ZERO","COMING SOON :D"
"VILE4-2_ZERO","COMING SOON :D"
"VILE4-3_ZERO","COMING SOON :D"
"VILE4-4_ZERO","COMING SOON :D"
"VILE4-5_ZERO","COMING SOON :D"
"VILE4-6_ZERO","COMING SOON :D"
"COPYSIGMA1_ZERO","COMING SOON :D"
"COPYSIGMA2_ZERO","COMING SOON :D"
"COPYSIGMA3_ZERO","COMING SOON :D"
"COPYSIGMA4_ZERO","COMING SOON :D"
"COPYSIGMA5_ZERO","COMING SOON :D"
"COPYSIGMA6_ZERO","COMING SOON :D"
"COPYSIGMA7_ZERO","COMING SOON :D"
"SIGMA1_ZERO","COMING SOON :D"
"SIGMA2_ZERO","COMING SOON :D"
"SIGMA3_ZERO","COMING SOON :D"
"SIGMA4_ZERO","COMING SOON :D"
"SIGMA5_ZERO","COMING SOON :D"
"SIGMA6_ZERO",""
"SIGMA7_ZERO","子供だと？"
"SIGMA8_ZERO","COMING SOON :D"
"SIGMA9_ZERO","COMING SOON :D"
"SIGMA10_ZERO","COMING SOON :D"
"SIGMA11_ZERO","COMING SOON :D"
"SIGMA12_ZERO","COMING SOON :D"
"FINALLUMINE1_ZERO","COMING SOON :D"
"FINALLUMINE2_ZERO","COMING SOON :D"
"FINALLUMINE3_ZERO","COMING SOON :D"
"FINALLUMINE4_ZERO","COMING SOON :D"
"FINALLUMINE5_ZERO","COMING SOON :D"
"FINALLUMINE6_ZERO","COMING SOON :D"
"FINALLUMINE7_ZERO","COMING SOON :D"
"FINALLUMINE8_ZERO","COMING SOON :D"
"FINALLUMINE9_ZERO","COMING SOON :D"
"FINALLUMINE10_ZERO","COMING SOON :D"
"FINALLUMINE11_ZERO","COMING SOON :D"
"FINALLUMINE12_ZERO","COMING SOON :D"
"FINALLUMINE13_ZERO","COMING SOON :D"
"FINALLUMINE14_ZERO","COMING SOON :D"
"FINALLUMINE15_ZERO","COMING SOON :D"
"FINALLUMINE16_ZERO","COMING SOON :D"
"FINALLUMINE17_ZERO","COMING SOON :D"
"FINALLUMINE18_ZERO","COMING SOON :D"
"FINALLUMINE19_ZERO","COMING SOON :D"
"FINALLUMINE20_ZERO","COMING SOON :D"
"FINALLUMINE21_ZERO","COMING SOON :D"
"FINALLUMINE22_ZERO","COMING SOON :D"
"FINALLUMINE23_ZERO","COMING SOON :D"
"FINALLUMINE24_ZERO","COMING SOON :D"
"FINALLUMINE25_ZERO","COMING SOON :D"
"FINALLUMINE26_ZERO","COMING SOON :D"
"FINALLUMINE27_ZERO","COMING SOON :D"
"FINALLUMINE28_ZERO","COMING SOON :D"
"FINALLUMINE29_ZERO","COMING SOON :D"
"FINALLUMINE30_ZERO","COMING SOON :D"
"FINALLUMINE31_ZERO","COMING SOON :D"
"FINALLUMINE32_ZERO","COMING SOON :D"
"FINALLUMINE33_ZERO","COMING SOON :D"
"FINALLUMINE34_ZERO","COMING SOON :D"
"FINALLUMINE35_ZERO","COMING SOON :D"
"FINALLUMINE36_ZERO","COMING SOON :D"
"FINALLUMINE37_ZERO","COMING SOON :D"
"FINALLUMINE38_ZERO","COMING SOON :D"
"FINALLUMINE39_ZERO","COMING SOON :D"
"FINALLUMINE40_ZERO","COMING SOON :D"
"FINALLUMINE41_ZERO","COMING SOON :D"
"SECRET2-1_ZERO","ようこそ、初めまして。お会い出来て光栄ですよ、ゼロさん"
"SECRET2-2_ZERO","ん？あぁ。お前はさっきまでの奴らと違ってイレギュラー反応はちっともしないな。"
"SECRET2-3_ZERO","何か、穏やかな気配を感じている。何者なんだ？"
"SECRET2-4_ZERO","こんなに早く気付くは、鋭い観察力ですね。"
"SECRET2-5_ZERO","私はセレナードと申します。"
"SECRET2-6_ZERO","確か、これまでの相手とは全然違うと、おっしゃいましたね？"
"SECRET2-7_ZERO","きっとそれは、私に秘めている圧倒的な力が原因なのでしょう。"
"SECRET2-8_ZERO","圧倒的だと？"
"SECRET2-9_ZERO","左様。しかしこれは決して怒りではなく、「ウラの王」という称号を失ってから重ねてきた訓練の結晶です。"
"SECRET2-10_ZERO","私の気配を感知した今、あなたのことから少し...親近感を感じています。"
"SECRET2-11_ZERO","ん?"
"SECRET2-12_ZERO","それはもしや、我らに破壊を齎す運命が定められているからでは？"
"SECRET2-13_ZERO","はぁ？俺のどこを知っているんだ？さっさと教えてもらおう！"
"SECRET2-14_ZERO","私との決闘で確かめてみてはいかがです？"
"SECRET2-15_ZERO","この20年間、力を蓄え、能力を磨いてきました。その成果を、あなたで確かめてもらえませんか？"
"SECRET2-16_ZERO","名はセレナードだったな？"
"SECRET2-17_ZERO","ならば、決闘を受けて立つ。掛かってくるんだ！"
"SECRET2-18_ZERO","仰せの通り。では、ゼロさん！あなたの力を見せてもらいましょう！"
"SECRET2-19_ZERO","あなたを負かせる程の力だと思い込んできましたが...どうやら勘違いのようですね..."
"SECRET2-20_ZERO","お前の戦闘方法を確かめた今、「奴」との共通点は一切なしだろ。"
"SECRET2-21_ZERO","そういうあなたにはありながら、戦っている意味をご存じのようで。"
"SECRET2-22_ZERO","まさか...俺に相反するもう一人の俺がいるっていうのか？"
"SECRET2-23_ZERO","左様。しかし恐らく、私の時と同様に、「別の英雄」に討たれる運命なのでしょう。"
"SECRET2-24_ZERO","実に華麗な決闘ぶりですよ、ゼロさん。あなたは正しく、この世で出会った中で最強の相手なのです。"
"SECRET2-25_ZERO","報いるものを致し兼ねるのは誠に残念ですが、せめて感謝の気持ちだけを残しておきましょう。"
"SECRET2-26_ZERO","ふふぅ、ご心配に及びませんよ。あなたがイレギュラーではなかった事が何よりの報酬ですよ。"
"SECRET2-27_ZERO","いずれはまたお会いできる事でしょう。別の場所で。とりあえず、さようなら... ゼロさん。"
"SECRET2-28_ZERO","そして忘れないで下さい。何の為に戦っているのかを..."
"SECRET2-29_ZERO","..."
"SECRET3-1_ZERO","き…貴様は！"
"SECRET3-2_ZERO","ほう… 確かお前、アクセルと共に我らに歯向かった奴だな。"
"SECRET3-3_ZERO","そこを動くな！このエリアはS級ハンター以外は立ち入り禁止だ。そのデータを渡してもらおう！"
"SECRET3-4_ZERO","分からないのか？このデータさえあれば、イレギュラー退治なんぞお前らハンター以上に成し遂げられるのだ！"
"SECRET3-5_ZERO","お前らは随分前から活動しているようだし、手を貸してやってもいい。ただし、高くつくぞ。"
"SECRET3-6_ZERO","イレギュラー退治をただのゲームだと思ってるのか。賞金稼ぎの貴様がよくそんな考え方ができるな。"
"SECRET3-7_ZERO","ふん！流石にＳ級ハンターだけのことはあるな、ゼロ。"
"SECRET3-8_ZERO","じゃ、さっさとかかってくれたらどうだ。あの頃の貴様の無慈悲を確かめてもらおう。"
"SECRET3-9_ZERO","よし、はじめるとするか！"
"SECRET3-10_ZERO","ふっ…老人にしては悪くはないな…"
"SECRET3-11_ZERO","これ以上　俺たちの邪魔をしてくれたら、容赦なく切り刻んでやるからな！"
"SECRET3-12_ZERO","「センセイ」がちっとも反省していない事を聞いたら、アクセルがきっとがっかりするだろうな。"
"SECRET3-13_ZERO","ハハハァ….もしかしたらそうかもな。"
"SECRET3-14_ZERO","今後はそう簡単には行かないだろうな。アバよ、ゼロ... アクセルの事、よろしく頼む。"
"SECRET3-15_ZERO","…"
"FINAL-6","了解！"
"VILE4-6_AXL","ギリギリなところまで待って、ちょっと楽しませてもらうとするか！"
"SUNFLOWER_ZERO_WEAPON","Tenshouha\n(Heaven Shine Ruler)"
"ANTONION_ZERO_WEAPON","Juuhazan\n(Heavy Slash Wave)"
"MANTIS_ZERO_WEAPON","Rasetsusen\n(Swirling Temple Whirl)"
"MANOWAR_ZERO_WEAPON","Raikousen\n(Lightning Flash)"
"PANDA_ZERO_WEAPON","Youdantotsu\n(Leaf Severing Thrust)"
"TRILOBYTE_ZERO_WEAPON","Rekkyoudan\n(Violent Mirror Sever)"
"YETI_ZERO_WEAPON","Hyouryushou\n(Ice Dragon Rise)"
"ROOSTER_ZERO_WEAPON","Enkoujin\n(Blaze Drop Blade)"
"ZERONORMAL_NAME","通常のボディ"
"ZERONORMAL_DISC","特殊技なし"
"ZEROBLACK_NAME","???"
"ZEROBLACK_DISC","大体のバフ"
"NEXT_CHARACTER_NAME","次のキャラ"
"NEXT_CHARACTER_DISC","次のキャラクターに切り替える"
"PREV_CHARACTER_NAME","前のキャラ"
"PREV_CHARACTER_DISC","前のキャラクターに切り替える"
"ZEROBODY_NAME","DEFAULT BODY"
"ZEROBODY_DESC","受けるダメージが15％軽減される"
"X_LEFT_TITLE_1","HEAD"
"X_LEFT_DESC_1","遺伝子コピー性能が搭載されたXバスター"
"X_LEFT_TITLE_2","ARMS"
"X_LEFT_DESC_2","チャージ可能な太陽光エネルギーを放射するＸバスターMK-17"
"X_LEFT_TITLE_3","BODY"
"X_LEFT_DESC_3","Ｘ型チタニウム製。高度なダメージ耐性がある。"
"X_LEFT_TITLE_4","LEGS"
"X_LEFT_DESC_4","飛翔行動に備えた空中ダッシュ機能"
"X_RIGHT_DESC","ライト博士の最高傑作。\n\n全てのレプリロイドの起源となる存在。\n\n遠距離攻撃に特化した万能なハンター。\n\n初心者におすすめ。"
"ZERO_LEFT_TITLE_1","HEAD"
"ZERO_LEFT_DESC_1","戦闘相手から新たなスキルを習得する"
"ZERO_LEFT_TITLE_2","ゼットセイバー:"
"ZERO_LEFT_DESC_2","連続斬撃に特化したビームセイバー"
"ZERO_LEFT_TITLE_3","BODY"
"ZERO_LEFT_DESC_3","強力な技に伴い、体力と器用さを強化させる"
"ZERO_LEFT_TITLE_4","AIR DANCE"
"ZERO_LEFT_DESC_4","スラスターを使用した2段ジャンプ"
"ZERO_RIGHT_DESC","エックスが留守の間にハンターの副司令官を務める。\n\n近接攻撃に特化した強力なハンター。\n\n経験者におすすめ。"
"AXL_LEFT_TITLE_1","COPY CHIP"
"AXL_LEFT_DESC_1","敵の能力をコピーさせてくれる"
"AXL_LEFT_TITLE_2","AXL BULLET"
"AXL_LEFT_DESC_2","強力な銃弾を連射する"
"AXL_LEFT_TITLE_3","軽度フレーム"
"AXL_LEFT_DESC_3","動作性を向上させ、回避機能を起動させる軽度な機体"
"AXL_LEFT_TITLE_4","HOVER"
"AXL_LEFT_DESC_4","空中ホバーが可能になる"
"AXL_RIGHT_DESC","コピーチップが装着されている新世代型レプリロイドのプロトタイプ"
"GAME_START_X","START AS X"
"GAME_START_AXL","START AS AXL"
"GAME_START_ZERO","START AS ZERO"
"SUBTANK_NAME","サブタンク"
"SUBTANK_DISC","緊急事態用の回復タンク"
"HEARTS_NAME","ライフアップ"
"HEARTS_DISC","体力の最大値を上げる"
"BLACKZEROHEAD_NAME","ブラックヘッドパーツ"
"BLACKZEROHEAD_DISC","敵に与える攻撃で受けた分のダメージを回復する"
"BLACKZEROBODY_NAME","ブラックボディパーツ"
"BLACKZEROBODY_DISC","ノックバックを無効化、受けるダメージが15％軽減される"
"BLACKZEROARM_NAME","ブラックアームパーツ"
"BLACKZEROARM_DISC","与えるダメージが20％上昇、能力を強化させる"
"BLACKZEROLEG_NAME","ブラックふっとパーツ"
"BLACKZEROLEG_DISC","スピード向上、もう一回ジャンプが可能"
"AXLWHITEHEAD_NAME","ホワイトヘッドパーツ"
"AXLWHITEHEAD_DISC","敵に攻撃を与えると受けた分のダメージが回復される"
"AXLWHITEBODY_NAME","ホワイトボディパーツ"
"AXLWHITEBODY_DISC","ノックバックを無効化、受けるダメージを30％軽減"
"AXLWHITEARM_NAME","ホワイトアームパーツ"
"AXLWHITEARM_DISC","特殊武器の消費値が50％軽減"
"AXLWHITELEG_NAME","ホワイトフットパーツ"
"AXLWHITELEG_DISC","無限ホバー、スピード向上＆縦向きダッシュ"
"ULTIMATE_SET_NAME","ノヴァストライク"
"ULTIMATE_SET_DISC","貫けるパワーで前方ダッシュ"
"ICARUS_SET_NAME","ギガクラッシュ"
"ICARUS_SET_DISC","画面中のすべての敵に命中する"
"HERMES_SET_NAME","エックスドライブ"
"HERMES_SET_DISC","一時的に無敵状態になる"
"CANCEL_ACT","キャンセル"
"BETAZERO_NAME","BETA ZERO"
"BETAZERO_DISC","ベータ版のゼロで遊ぶ（クラッシュの危険性あり）"
"CUSTOMZERO_NAME","CUSTOM ZERO"
"CUSTOMZERO_DISC","セーブフォルダに保存されたカスタムカラーで塗装させる。ブラックゼロよりも威力が高い"
"ZEROHEAD_NAME","HEAD"
"ZEROHEAD_DESC","新たなる性能を取得することができる"
"ZEROARMS_NAME","ARMS"
"ZEROARMS_DISC","Ｚセイバーとその他の武器"
"ZEROLEGS_NAME","LEGS"
"ZEROLEGS_DISC","2段ジャンプと空中ダッシュが可能"
"AXLHEAD_NAME","HEAD"
"AXLHEAD_DISC","他のレプリロイドに変身できる"
"AXLBODY_NAME","BODY"
"AXLBODY_DISC","回避ローリングができる"
"AXLARMS_NAME","ARMS"
"AXLARMS_DISC","エネルギー銃弾を放射するピストル"
"AXLLEGS_NAME","LEGS"
"AXLLEGS_DISC","ホバーと空中ダッシュが可能"
