"key","ko"
"TOTAL_TIME","총 시간"
"DISCLAIMER1","이것은 무료 팬 게임입니다.\n\n캡콤 또는 그 자회사나 계열사와 제휴, 연관, 승인, 보증 또는 공식적으로 연결되어 있지 않습니다.\n\n록맨 X는 캡콤의 자산입니다.\n공식 출시를 지원해 주세요!"
"MADE_BY","1인 개발 프로젝트"
"INSPIRED_BY","영감을 받은 작품"
"SPECIALTHANKSTEXT","이 모드는 Zashiko가 제작했습니다\n\n디컴파일: pirate\n프로젝트 정리: Rafael Setragni & Claude (AI)\n\n모든 모드 기여자와 테스터에게 감사드립니다.\n재번역: ElevenSSF2 (Mint)"
"16-BIT_TITLE","16비트"
"OPTIONS_START","옵션 모드"
"KEYCFG_START","키 설정"
"GAME_START","게임 시작"
"GAME_START_NORMAL","노멀 모드"
"GAME_START_ROOKIE","루키 모드"
"GAME_START_HARD","하드 모드"
"GAME_START_INSANITY","인세니티 모드"
"GAME_START_NINJA","닌자 가이덴 모드"
"LOAD_GAME","게임 불러오기"
"ON_VALUE","켜기"
"ON_VALUE_B","대체"
"OFF_VALUE","끄기"
"EXIT_BUTTON","나가기"
"ARMORSETUP_TITLE","아머 설정"
"LOADOUT_DISC","장비를 선택하세요."
"DEFAULTHEAD_NAME","기본 헤드"
"DEFAULTHEAD_DISC","기본 파츠."
"DEFAULTBODY_NAME","기본 바디"
"DEFAULTBODY_DISC","기본 파츠."
"DEFAULTARMS_NAME","기본 버스터"
"DEFAULTARMS_DISC","기본 파츠."
"DEFAULTLEGS_NAME","기본 풋"
"DEFAULTLEGS_DISC","기본 파츠. 에어 대시 가능."
"HERMESHEAD_NAME","헤드 파츠 H"
"HERMESHEAD_DISC","버스터 차지 속도가 빨라집니다."
"HERMESBODY_NAME","바디 파츠 H"
"HERMESBODY_DISC","버스터 명중 시 받은 피해를 회복합니다."
"HERMESARMS_NAME","버스터 파츠 H"
"HERMESARMS_DISC","무기 발사 시 탄약을 소모하지 않습니다."
"HERMESLEGS_NAME","풋 파츠 H"
"HERMESLEGS_DISC","대시 중 무적 상태가 됩니다."
"ICARUSHEAD_NAME","헤드 파츠 I"
"ICARUSHEAD_DISC","점프 시 데미지를 주는 영역을 생성합니다."
"ICARUSBODY_NAME","바디 파츠 I"
"ICARUSBODY_DISC","넉백에 면역이 됩니다."
"ICARUSARMS_NAME","버스터 파츠 I"
"ICARUSARMS_DISC","차지 샷이 탄약을 소모하지 않습니다."
"ICARUSLEGS_NAME","풋 파츠 I"
"ICARUSLEGS_DISC","하이 점프 & 더블 에어 대시."
"ULTIMATEHEAD_NAME","헤드 파츠 U"
"ULTIMATEHEAD_DISC","점프 시 데미지 영역 생성 및 빠른 차지."
"ULTIMATEBODY_NAME","바디 파츠 U"
"ULTIMATEBODY_DISC","넉백 무효 및 버스터 명중 시 피해 회복."
"ULTIMATEARMS_NAME","얼티밋 버스터"
"ULTIMATEARMS_DISC","발사 시 탄약을 소모하지 않습니다."
"ULTIMATELEGS_NAME","풋 파츠 U"
"ULTIMATELEGS_DISC","향상된 기동성 및 무적 대시."
"AXLNORMAL_NAME","표준 아머"
"AXLNORMAL_DISC","특수 능력 없음."
"AXLWHITE_NAME","???"
"AXLWHITE_DISC","전체적으로 강화됩니다."
"TANK_ABV","서브T"
"OPTIONS_ABV","옵션"
"KEYCFG_ABV","키설정"
"ACHIEV_ABV","업적"
"X_WPNMENU","X. 버스터"
"SUNFLOWER_WPNMENU","O. 실드"
"ANTONION_WPNMENU","S. 봄"
"MANTIS_WPNMENU","D. 애로우"
"MANOWAR_WPNMENU","T. 댄서"
"PANDA_WPNMENU","B. 런처"
"TRILOBYTE_WPNMENU","C. 바운서"
"YETI_WPNMENU","D. 다이아몬드"
"ROOSTER_WPNMENU","F. 대시"
"AXL_WPNMENU","액슬 불릿"
"SUNFLOWER_AXL_WPNMENU","레이 건"
"ANTONION_AXL_WPNMENU","스파이럴 매그넘"
"MANTIS_AXL_WPNMENU","블랙 애로우"
"MANOWAR_AXL_WPNMENU","플라즈마 건"
"PANDA_AXL_WPNMENU","블래스트 런처"
"TRILOBYTE_AXL_WPNMENU","바운드 블래스터"
"YETI_AXL_WPNMENU","아이스 개틀링"
"ROOSTER_AXL_WPNMENU","플레임 버너"
"SUNFLOWER_ZERO_WPNMENU","텐쇼우하"
"ANTONION_ZERO_WPNMENU","쥬우하잔"
"MANTIS_ZERO_WPNMENU","라셋츠센"
"MANOWAR_ZERO_WPNMENU","라이코우센"
"PANDA_ZERO_WPNMENU","요우단토츠"
"TRILOBYTE_ZERO_WPNMENU","렛쿄우단"
"YETI_ZERO_WPNMENU","효우류우쇼우"
"ROOSTER_ZERO_WPNMENU","엔코우진"
"SUNFLOWER_ZERO_DISC","아래 + 샷 2"
"ANTONION_ZERO_DISC","샷 2"
"MANTIS_ZERO_DISC","샷 2 (공중)"
"MANOWAR_ZERO_DISC","대시 + 샷 2"
"PANDA_ZERO_DISC","좌/우 + 샷 2"
"TRILOBYTE_ZERO_DISC","패시브"
"YETI_ZERO_DISC","위 + 샷 2"
"ROOSTER_ZERO_DISC","아래 + 샷 2 (공중)"
"ZERO_WPNMENU","Z-세이버"
"BFAN_WPNMENU","B-팬"
"DGLAIVE_WPNMENU","D-글레이브"
"TBREAKER_WPNMENU","T-브레이커"
"KKNUCKLE_WPNMENU","K-너클"
"VHANGER_WPNMENU","V-행어"
"SIGMABLADE_WPNMENU","시그마 블레이드"
"YOUGOT_TITLE","획득"
"SUNFLOWER_WEAPON","옵틱 실드"
"ANTONION_WEAPON","스퀴즈 봄"
"MANTIS_WEAPON","다크 애로우"
"MANOWAR_WEAPON","썬더 댄서"
"PANDA_WEAPON","블래스트 런처"
"TRILOBYTE_WEAPON","크리스탈 바운서"
"YETI_WEAPON","드리프트 다이아몬드"
"ROOSTER_WEAPON","파이어 대시"
"OPTIONS_TITLE","옵션"
"LANGUAGE_OPTION","언어"
"BOSS_REMIX_OPTION","보스 리믹스"
"REMIX_OPTION","16비트 리믹스"
"DT_DASH_OPTION","더블 탭 대시"
"SKIP_DIAG_OPTION","대화 건너뛰기"
"CHARGE_OPTION","차지 페이드 아웃"
"ACHIEV_OPTION","업적 표시"
"MUSIC_OPTION","음악 볼륨"
"SOUND_OPTION","효과음 볼륨"
"VSync","수직 동기화"
"FPS_OPTION","목표 FPS"
"FPS_PHYSICS_OPTION","물리 FPS"
"FPS_UNCAPPED","제한 없음"
"WSIZE_OPTION","창 크기"
"FULLSCREEN_OPTION","전체 화면"
"STRETCH_OPTION","스트레치 모드"
"STRETCH_OPTION_VIEWPORT","보간 없음"
"STRETCH_OPTION_2D","보간 적용"
"CRT_OPTION","CRT 필터"
"LIGHT_VALUE","약하게"
"STRONG_VALUE","강하게"
"DEBUG_OPTION","디버그 표시"
"SHOWIGT_OPTION","IGT 표시"
"GATEWAYSKIP_OPTION","게이트웨이 건너뛰기"
"ASPECT_OPTION","화면 비율"
"IGNORE_VALUE","무시"
"KEEP_VALUE","유지"
"KEYCFG_TITLE","키 설정"
"EXIT_MAINMENU","타이틀 화면으로 돌아가기"
"ACTION_CTG","행동"
"KEYBOARD_CTG","키보드"
"JOYPAD_CTG","조이패드"
"LEFT_ACT","왼쪽"
"RIGHT_ACT","오른쪽"
"NEWGAME_OPTION","뉴 게임+"
"CLEARSAVE_OPTION","세이브 삭제 및 초기화"
"CLEARSAVE_CONFIRM","다시 눌러 확인"
"RESET_ACHIEV","업적 진행 초기화"
"CLEARSAVE_CONFIRM","다시 눌러 확인"
"RESET_ACHIEV_FINISHED","업적 진행이 초기화되었습니다."
"UP_ACT","위"
"DOWN_ACT","아래"
"SHOT_ACT","샷"
"SHOT2_ACT","샷2"
"JUMP_ACT","점프"
"DASH_ACT","대시"
"ARMORABILITY_ACT","아머 어빌리티"
"PREV_ACT","이전 무기"
"NEXT_ACT","다음 무기"
"PAUSE_ACT","일시정지 메뉴"
"CONFIRM_ACT","메뉴 확인"
"WPNLEFT_ACT","휠 왼쪽"
"WPNRIGHT_ACT","휠 오른쪽"
"WPNUP_ACT","휠 위"
"WPNDOWN_ACT","휠 아래"
"WPNRESET_ACT","버스터 선택"
"ACHIEV_SCREEN_TITLE","업적"
"ACHIEVEMENTSUNLOCKED","달성한 업적"
"DEBUGACHIEVTITLE","잠긴 업적..."
"DEBUGACHIEVDISC","디버그 모드를 사용했습니다."
"BEATINTRO_DISC","노아즈 파크 보스를 격파했습니다."
"BEATINTRO_TITLE","다시 만나서 반갑군"
"COLLECTALLHEARTS_DISC","모든 하트 탱크를 수집했습니다."
"COLLECTALLHEARTS_TITLE","스트라이더"
"COLLECTALLSUBTANKS_DISC","모든 서브 탱크를 수집했습니다."
"COLLECTALLSUBTANKS_TITLE","버츄즈 라스트 리워드"
"COLLECTFULLHERMES_DISC","헤르메스 아머 파츠를 모두 수집했습니다."
"COLLECTFULLHERMES_TITLE","소울 이레이저"
"COLLECTFULLICARUS_DISC","이카루스 아머 파츠를 모두 수집했습니다."
"COLLECTFULLICARUS_TITLE","커맨드 미션"
"SURFEDONMISSILE_DISC","6초 동안 하늘을 서핑했습니다."
"SURFEDONMISSILE_TITLE","봄 러시 사이버펑크"
"DEFEATEDALL_DISC","8명의 이레귤러 보스를 모두 격파했습니다."
"DEFEATEDALL_TITLE","궤도 엘리베이터"
"DEFEATEDANY_DISC","이레귤러 보스 중 하나를 격파했습니다."
"DEFEATEDANY_TITLE","뉴 제너레이션 레플리로이드"
"GIGACRUSHKILL_DISC","기가 크래시로 보스를 처치했습니다."
"GIGACRUSHKILL_TITLE","카타클리즘"
"PELEDOSGAMES_DISC","보스 격파 후 아머를 잘 저글링했습니다."
"PELEDOSGAMES_TITLE","게임의 펠레"
"PERFECTKILL_DISC","특수 무기, 피격, 업그레이드 없이 보스를 격파했습니다."
"PERFECTKILL_TITLE","늑대의 각인"
"XDRIVEDODGE_DISC","필살기 사용 중 X 드라이브를 사용했습니다."
"XDRIVEDODGE_TITLE","닌자의 각인"
"GIGACRUSHKILL_DISC","기가 크래시로 보스를 처치했습니다."
"GIGACRUSHKILL_TITLE","카타클리즘"
"ANTONIONBUSTERONLY_DISC","특수 무기 없이 그래비티 안토니온을 격파했습니다."
"ANTONIONBUSTERONLY_TITLE","나에게 꼬리표를 붙이지 마"
"ANTONIONNAKED_DISC","업그레이드 없이 그래비티 안토니온을 격파했습니다."
"ANTONIONNAKED_TITLE","칭찬을 바라는 것이 아니다"
"ANTONIONNODAMAGE_DISC","피격 없이 그래비티 안토니온을 격파했습니다."
"ANTONIONNODAMAGE_TITLE","놀라운 과학자"
"ANTONIONNOROTATION_DISC","스테이지 회전과 사망 없이 프림로즈 끝에 도달했습니다."
"ANTONIONNOROTATION_TITLE","포탈"
"MANOWARBUSTERONLY_DISC","특수 무기 없이 기가볼트 만오워를 격파했습니다."
"MANOWARBUSTERONLY_TITLE","난 완전히 제어하고 있다"
"MANOWARNAKED_DISC","업그레이드 없이 기가볼트 만오워를 격파했습니다."
"MANOWARNAKED_TITLE","넌 도대체 누구야?"
"MANOWARNODAMAGE_DISC","피격 없이 기가볼트 만오워를 격파했습니다."
"MANOWARNODAMAGE_TITLE","잘못된 것이 아니다"
"MANOWARDOOREXPLODED_DISC","다이너스티를 돌파했습니다."
"MANOWARDOOREXPLODED_TITLE","더 빨리 가야 해"
"MANTISBUSTERONLY_DISC","특수 무기 없이 다크 맨티스를 격파했습니다."
"MANTISBUSTERONLY_TITLE","내 검이 보여주겠다"
"MANTISNAKED_DISC","업그레이드 없이 다크 맨티스를 격파했습니다."
"MANTISNAKED_TITLE","이레귤러가 될 수 없어, 꼬마"
"MANTISNODAMAGE_DISC","피격 없이 다크 맨티스를 격파했습니다."
"MANTISNODAMAGE_TITLE","너의 소중한 ""정의"""
"MANTISLIT_DISC","피치 블랙의 어둠을 끝냈습니다."
"MANTISLIT_TITLE","어둠 속의 빛"
"MANTISUNDETECTED_DISC","피치 블랙에서 모든 서치라이트를 피했습니다."
"MANTISUNDETECTED_TITLE","그림자 전술"
"PANDABUSTERONLY_DISC","특수 무기 없이 밤부 판다모니움을 격파했습니다."
"PANDABUSTERONLY_TITLE","파괴만을 위한 존재"
"PANDANAKED_DISC","업그레이드 없이 밤부 판다모니움을 격파했습니다."
"PANDANAKED_TITLE","우리는 싸울 수밖에 없다"
"PANDANODAMAGE_DISC","피격 없이 밤부 판다모니움을 격파했습니다."
"PANDANODAMAGE_TITLE","스스로 생각해 본 적 없나?"
"PANDARIDEREACHED_DISC","라이드 아머 사이클롭스로 부스터 포레스트 끝에 도달했습니다."
"PANDARIDEREACHED_TITLE","프로보텍터"
"ROOSTERBUSTERONLY_DISC","특수 무기 없이 번 루스터를 격파했습니다."
"ROOSTERBUSTERONLY_TITLE","내가 치러야 할 대가"
"ROOSTERNAKED_DISC","업그레이드 없이 번 루스터를 격파했습니다."
"ROOSTERNAKED_TITLE","이레귤러 낙인"
"ROOSTERNODAMAGE_DISC","피격 없이 번 루스터를 격파했습니다."
"ROOSTERNODAMAGE_TITLE","이건 평범한 폭동이 아니다"
"ROOSTERFROZEN_DISC","인페르노에서 용암 벽을 멈췄습니다."
"ROOSTERFROZEN_TITLE","하데스"
"SUNFLOWERBUSTERONLY_DISC","특수 무기 없이 옵틱 선플라워를 격파했습니다."
"SUNFLOWERBUSTERONLY_TITLE","아무도 우릴 조종할 수 없다"
"SUNFLOWERNAKED_DISC","업그레이드 없이 옵틱 선플라워를 격파했습니다."
"SUNFLOWERNAKED_TITLE","우린 괴물이 아니다"
"SUNFLOWERNODAMAGE_DISC","피격 없이 옵틱 선플라워를 격파했습니다."
"SUNFLOWERNODAMAGE_TITLE","우리가 원하는 것"
"SUNFLOWERGOTSSSRANK_DISC","한 번의 플레이에서 모든 챌린지에서 S 랭크를 획득했습니다."
"SUNFLOWERGOTSSSRANK_TITLE","그래비티 서킷"
"TRILOBYTEBUSTERONLY_DISC","특수 무기 없이 어스록 트릴로바이트를 격파했습니다."
"TRILOBYTEBUSTERONLY_TITLE","우리가 캐는 광석"
"TRILOBYTENAKED_DISC","업그레이드 없이 어스록 트릴로바이트를 격파했습니다."
"TRILOBYTENAKED_TITLE","낡은 고철 더미"
"TRILOBYTENODAMAGE_DISC","피격 없이 어스록 트릴로바이트를 격파했습니다."
"TRILOBYTENODAMAGE_TITLE","머리 빈 이레귤러 헌터"
"YETIBUSTERONLY_DISC","특수 무기 없이 아발란치 예티를 격파했습니다."
"YETIBUSTERONLY_TITLE","이미 늦었다..."
"YETINAKED_DISC","업그레이드 없이 아발란치 예티를 격파했습니다."
"YETINAKED_TITLE","너희 구형 레플리로이드"
"YETINODAMAGE_DISC","피격 없이 아발란치 예티를 격파했습니다."
"YETINODAMAGE_TITLE","보잘것없는 이레귤러 헌터"
"YETIDOOREXPLODED_DISC","센트럴 화이트를 돌파했습니다."
"YETIDOOREXPLODED_TITLE","소닉 드라이브"
"VILEJAKOBBUSTERONLY_DISC","특수 무기 없이 바일을 격파했습니다."
"VILEJAKOBBUSTERONLY_TITLE","퍼즐 맞추기"
"VILEJAKOBNAKED_DISC","업그레이드 없이 바일을 격파했습니다."
"VILEJAKOBNAKED_TITLE","멸망할 세계를 위해"
"VILEJAKOBNODAMAGE_DISC","피격 없이 바일을 격파했습니다."
"VILEJAKOBNODAMAGE_TITLE","이런 때에"
"VILEDEFEATEDTWICE_DISC","바일을 두 번 격파했습니다."
"VILEDEFEATEDTWICE_TITLE","작은 재회"
"VILEDEVILBEARDEFEATED_DISC","전투 종료 전에 데빌 베어를 격파했습니다."
"VILEDEVILBEARDEFEATED_TITLE","스틸 어설트"
"VILEJAKOBDEFEATED_DISC","궤도 엘리베이터 정상에서 바일을 격파했습니다."
"VILEJAKOBDEFEATED_TITLE","우주로 가는 길"
"VILESIGMADEFEATED_DISC","시그마 궁전에서 바일을 격파했습니다."
"VILESIGMADEFEATED_TITLE","희망은 남아있다"
"GATEWAYFIESTA_DISC","게이트웨이의 가장 어려운 도전을 생존했습니다."
"GATEWAYFIESTA_TITLE","데스페라도스"
"COPYBUSTERONLY_DISC","특수 무기 없이 사칭자를 격파했습니다."
"COPYBUSTERONLY_TITLE","너의 세계는 부패했다"
"COPYNAKED_DISC","업그레이드 없이 사칭자를 격파했습니다."
"COPYNAKED_TITLE","무엇을 막겠다는 거냐?"
"COPYNODAMAGE_DISC","피격 없이 사칭자를 격파했습니다."
"COPYNODAMAGE_TITLE","나는 분명 시그마다"
"COPYDEFEATED_DISC","사칭자를 격파했습니다."
"COPYDEFEATED_TITLE","최후의 결전 시간이다"
"SIGMANAKED_DISC","업그레이드 없이 시그마를 격파했습니다."
"SIGMANAKED_TITLE","신세계의 지배자"
"SIGMANODAMAGE_DISC","피격 없이 시그마를 격파했습니다."
"SIGMANODAMAGE_TITLE","우리의 만남은 운명이었다"
"LUMINENAKED_DISC","업그레이드 없이 최종 보스를 격파했습니다."
"LUMINENAKED_TITLE","만족스럽겠지"
"LUMINENODAMAGE_DISC","피격 없이 최종 보스를 격파했습니다."
"LUMINENODAMAGE_TITLE","물론 괜찮아"
"SERAPHNAKED_DISC","업그레이드 없이 최종 보스 2페이즈를 격파했습니다."
"SERAPHNAKED_TITLE","해낼 수 있겠느냐?"
"SERAPHNODAMAGE_DISC","피격 없이 최종 보스 2페이즈를 격파했습니다."
"SERAPHNODAMAGE_TITLE","저주받은 공격의 순환"
"SERAPHDEFEATED_DISC","게임을 클리어했습니다."
"SERAPHDEFEATED_TITLE","구세계의 도구"
"SECRET1DEFEATED_DISC","시크릿 보스를 격파했습니다."
"SECRET1DEFEATED_TITLE","시간의 회랑"
"SECRET2DEFEATED_DISC","시크릿 보스 #2를 격파했습니다."
"SECRET2DEFEATED_TITLE","육도윤회"
"SECRET3DEFEATED_DISC","시크릿 보스 #3을 격파했습니다."
"SECRET3DEFEATED_TITLE","듀얼 데스티니즈"
"COLLECTBLACKZERO_TITLE","이레귤러 최악의 악몽"
"COLLECTBLACKZERO_DISC","블랙 아머를 해금하세요. 가거라, 나의 최고 걸작이여. 너는 세상에서 가장 강한 로봇이다."
"COLLECTWHITEAXL_TITLE","미지의 힘"
"COLLECTWHITEAXL_DISC","화이트 아머를 해금하세요. 모든 것에도 불구하고, 그것은 여전히 너야......맞지?"
"COLLECTULTIMATEX_TITLE","영원한 평화를 위해"
"COLLECTULTIMATEX_DISC","얼티밋 아머를 해금하세요. 이제 가거라, 이레귤러 헌터여. 너는 인류의 마지막 희망이다."
"ZERODEFEATED_DISC","각성한 형태의 제로를 격파합니다."
"ZERODEFEATED_TITLE","결정적 전투"
"STAGE_DC","스테이지"
"BOSS_DC","보스"
"COMPLETION_DC","클리어"
"NOAHSPARK_STAGE","노아즈 파크"
"NOAHSPARK_NAME","킹 크랩스-Y"
"SUNFLOWER_STAGE","트로이아 기지"
"SUNFLOWER_NAME","옵틱 선플라워"
"ANTONION_STAGE","프림로즈"
"ANTONION_NAME","그래비티 안토니온"
"MANTIS_STAGE","피치 블랙"
"MANTIS_NAME","다크 맨티스"
"MANOWAR_STAGE","다이너스티"
"MANOWAR_NAME","기가볼트 만오워"
"PANDA_STAGE","부스터 포레스트"
"PANDA_NAME","밤부 판다모니움"
"TRILOBYTE_STAGE","메탈 밸리"
"TRILOBYTE_NAME","어스록 트릴로바이트"
"YETI_STAGE","센트럴 화이트"
"YETI_NAME","아발란치 예티"
"ROOSTER_STAGE","인페르노"
"ROOSTER_NAME","번 루스터"
"JAKOB_STAGE","야코프 엘리베이터"
"GATEWAY_STAGE","게이트웨이"
"SIGMA_STAGE","시그마 궁전"
"HERMESHEAD1","X... 언젠가 이런 일이 생길 거라 예상하고 파츠를 준비해 두었단다."
"HERMESHEAD2","이번에는 헤드 파츠 H를 장착해 보렴."
"HERMESHEAD3","이 파츠를 장착하면 무기의 차지 속도가 빨라진단다."
"HERMESHEAD4","캡슐에 올라타서 이 새로운 능력을 장착하거라, X."
"HERMESBODY1","X... 언젠가 이런 일이 생길 거라 예상하고 파츠를 준비해 두었단다."
"HERMESBODY2","자... 바디 파츠 H를 장착해 보렴."
"HERMESBODY3","이 파츠를 장착하면 적을 공격하거나 파괴할 때 받은 피해를 회복할 수 있단다."
"HERMESBODY4","캡슐에 올라타서 이 새로운 능력을 장착하거라, X."
"HERMESARMS1","X... 언젠가 이런 일이 생길 거라 예상하고 파츠를 준비해 두었단다."
"HERMESARMS2","자, 이 버스터 파츠 H를 장착해 보렴."
"HERMESARMS3","이 파츠를 장착하면 스프레드 차지 샷 공격을 할 수 있게 된단다."
"HERMESARMS4","또한 차지 샷을 할 때를 제외하고는 무기가 에너지를 소모하지 않는단다."
"HERMESARMS5","캡슐에 올라타서 이 새로운 능력을 장착하거라, X."
"HERMESLEGS1","X... 언젠가 이런 일이 생길 거라 예상하고 파츠를 준비해 두었단다."
"HERMESLEGS2","이 풋 파츠 H를 장착해 보렴."
"HERMESLEGS3","지상과 공중 모두에서 대시 중 적의 공격에 무적이 된단다."
"HERMESLEGS4","캡슐에 올라타서 이 새로운 능력을 장착하거라, X."
"ICARUSHEAD1","X... 언젠가 이런 일이 생길 거라 예상하고 파츠를 준비해 두었단다."
"ICARUSHEAD2","자, 여기 있다... 헤드 파츠 I란다."
"ICARUSHEAD3","이 파츠를 장착하면 적 근처에서 점프하는 것만으로 피해를 줄 수 있단다."
"ICARUSHEAD4","캡슐에 올라타서 이 새로운 능력을 장착하거라, X."
"ICARUSBODY1","X... 언젠가 이런 일이 생길 거라 예상하고 파츠를 준비해 두었단다."
"ICARUSBODY2","이번에는 바디 파츠 I를 장착해 보렴."
"ICARUSBODY3","이것을 장착하면 평소보다 적은 피해를 받고, 적이 너를 밀어낼 수 없게 된단다."
"ICARUSBODY4","캡슐에 올라타서 이 새로운 능력을 장착하거라, X."
"ICARUSARMS1","X... 언젠가 이런 일이 생길 거라 예상하고 파츠를 준비해 두었단다."
"ICARUSARMS2","새로운 파츠를 준비했단다... 버스터 파츠 I란다."
"ICARUSARMS3","이 파츠를 장착하면 강력한 레이저 차지 샷을 발사할 수 있게 된단다."
"ICARUSARMS4","또한 특수 무기를 차지해서 사용할 때 에너지를 소모하지 않는단다."
"ICARUSARMS5","캡슐에 올라타서 이 새로운 능력을 장착하거라, X."
"ICARUSLEGS1","X... 언젠가 이런 일이 생길 거라 예상하고 파츠를 준비해 두었단다."
"ICARUSLEGS2","이 새로운 파츠는... 풋 파츠 I란다."
"ICARUSLEGS3","이 파츠를 장착하면 평소보다 훨씬 높이 점프하고 에어 대시를 두 번 할 수 있단다."
"ICARUSLEGS4","캡슐에 올라타서 이 새로운 능력을 장착하거라, X."
"INTRO2-1","여기는 엑스! 궤도 엘리베이터 부근 사고 현장에 접근 중!"
"INTRO2-2","이레귤러가 곳곳에 들끓고 있어!"
"INTRO2-3","현장으로 향하겠습니다. 신호를 보내면 구조 메카닐로이드를 보내 주세요!"
"INTRO2-4","알겠습니다!"
"INTRO2-5","시... 시그마...!?"
"INTRO2-6","사고 중 손상으로부터 자신을 보호하기 위해..."
"INTRO2-7","튼튼한 시그마의 몸체를 카피해야 했습니다."
"INTRO2-8","우리 뉴 제너레이션 레플리로이드는 모든 바이러스에 완전한 면역력을 가지고 있습니다."
"INTRO2-9","그래서 시그마처럼 위험한 것을 카피해도 아무런 위험이 없습니다."
"INTRO2-10","당신은 누구입니까?"
"INTRO2-11","저는 루미네입니다..."
"INTRO2-12","엘리베이터와 야코프 프로젝트를 담당하는 책임자입니다."
"INTRO2-13","알겠습니다. 잠시만요, 팀에 신호를 보내 구조대를-"
"INTRO3-1","다시 만나서 반갑군, 엑스!"
"INTRO3-2","바일?!"
"INTRO3-3","하하하... 너와 놀고 싶지만, 할 일이 너무 많아서 말이야..."
"INTRO3-4","넌 수배범이야! 멈추고 루미네를 놓아줘!"
"INTRO3-5","그럴 수 없지. 궤도 엘리베이터는 이제 우리 것이다..."
"INTRO3-6","도대체 무슨 짓을 하려는 거냐?!"
"INTRO3-7","지금 시작이다, 엑스. 새로운 세계가 탄생할 것이다!"
"INTRO3-8","하하하하하하하하하하!"
"ANTONION1","그래비티 안토니온... 넌 한때 놀라운 과학자였어. 무슨 일이 있었던 거야?"
"ANTONION2","놀라운 과학자? 네가 무슨 자격으로 그런 말을 하는 거냐?"
"ANTONION3","너 같은 것들에게 칭찬 받으려고 연구하는 게 아니다."
"ANTONION4","혹시... 시그마가 너를 이레귤러로 만든 거냐?"
"ANTONION5","이레귤러? 또 나에게 꼬리표를 붙이는군. 건방지게!"
"ANTONION6","어찌 됐든, 내 앞을 가로막겠다면 파괴해 주마!"
"MANOWAR1","기가볼트 만오워!"
"MANOWAR2","아벨 시티의 전력 공급을 정상으로 돌려놓아라! 안 그러면 도시가 파괴된다!"
"MANOWAR3","... ... ..."
"MANOWAR4","...난 잘못한 게 없어... 넌 도대체 누구야?"
"MANOWAR5","난 메가맨 X. 이레귤러 헌터야."
"MANOWAR6","시그마가 널 이레귤러로 만든 건가?"
"MANOWAR7","난 이레귤러가 아니야... 내 자신과 행동을 완전히 제어하고 있어..."
"MANOWAR8","새로운 세계라는 꿈을 실현하기 위해 열심히 일하고 있는 거야...!"
"MANOWAR9","넌 이레귤러가 됐어! 막을 수밖에 없다!"
"MANTIS1","이봐! 이레귤러 헌터가 여기서 뭐 하는 거야?"
"MANTIS2","다크 맨티스... 넌 이레귤러가 됐어. 네 무기 생산을 끝내겠다."
"MANTIS3","우리 뉴 제너레이션 레플리로이드는 이레귤러가 될 수 없도록 설계됐거든, 꼬마."
"MANTIS4","그럼 왜 무기를 만들고 있는 거야? 시그마가 널 조종하고 있는 거냐?"
"MANTIS5","그럼 널 조종하고 있는 건 뭐야, 엑스? 네 소중한 ""정의""? 그거냐?"
"MANTIS6","다크 맨티스... 네 행동은 이레귤러의 것이다!"
"MANTIS7","역시 구형 레플리로이드는 아무것도 모르는군."
"MANTIS8","내 검으로 네 소위 ""정의""가 얼마나 잘못된 것인지 보여주마!"
"PANDA1","로켓의 초기 형태가 전쟁용 미사일이었다는 걸 알고 있었나?"
"PANDA2","역사 전체가 파괴만을 목적으로 하는 것들을 만드는 데 사용됐지. 미사일... 레플리로이드..."
"PANDA3","무슨 소리야? 파괴를 바라는 레플리로이드는 없어."
"PANDA4","정말로 그런 생각을 해본 적이 없나, 엑스?"
"PANDA5","이 세계가 파괴만을 바라고 있다는 것을?"
"PANDA6","그게 시그마가 믿는 것인가? 하지만... 그건..."
"PANDA7","네가 무슨 말을 하려는지 알겠다."
"PANDA8","그런 생각이 이레귤러적이라고 생각하는 거지?"
"PANDA9","그래서 우리는 싸울 수밖에 없는 거야."
"ROOSTER1","여기가 어딘지 알고 있나, 엑스?"
"ROOSTER2","폐기물 처리 센터의 경계야. 쓰레기를 압축하고 태우는 곳이지..."
"ROOSTER3","번 루스터, 왜 폭동을 일으킨 거야? 시그마가 조종하고 있는 거냐?"
"ROOSTER4","이건 평범한 폭동이 아니야. 이건 네가 이레귤러라고 낙인찍고 이 고철 더미에 버린 모든 레플리로이드를 위한 복수야!"
"ROOSTER5","이레귤러는 재앙과 파괴만 가져올 뿐이야! 우리는 그들을 막을 수밖에 없어!"
"ROOSTER6","이게 네가 말하는 정의냐? 폐기처분 당해야 할 건 너야!"
"ROOSTER7","시그마가 뭘 하려는 건지 알고 있나? 그 녀석은 널 이용하고 있을 뿐이야!"
"ROOSTER8","이용? 새로운 세계를 만들기 위해 치러야 할 대가라면 감수하겠다!"
"ROOSTER9","우리가 만들 새로운 세계에 너 같은 레플리로이드의 자리는 없다!"
"SUNFLOWER1","엑스... 여기까지 왔다면 이미 눈치챘겠지."
"SUNFLOWER2","우리가 여기서 무엇을 원하는지 짐작하고 있을 거야."
"SUNFLOWER3","이레귤러들... 시그마의 지배 아래 있는 거지?"
"SUNFLOWER4","미안하지만, 아무도 우릴 조종할 수 없어."
"SUNFLOWER5","우리가 착한 녀석은 아닐지 몰라도, 괴물은 아니야."
"SUNFLOWER6","아무도 우리의 계획을 막을 권리가 없어!"
"TRILOBYTE1","여기서 채굴하는 광석이 우주 개발에 사용된다는 걸 알고 있나?"
"TRILOBYTE2","시그마가 배후에 있겠지! 이 광물로 뭘 하려는 거야?"
"TRILOBYTE3","설명해 봤자 너 같은 머리 빈 이레귤러 헌터는 이해하지 못할 거다."
"TRILOBYTE4","구형 고철 더미는 여기서 묻어주마!"
"YETI1","방해하는 건 용서하지 않겠다."
"YETI2","아발란치 예티! 도대체 뭘 하고 있는 거야?"
"YETI3","우리는 더 이상 너희의 세계를 이상적이라고 생각하지 않는다. 구형 레플리로이드는 여기에 볼일이 없어."
"YETI4","물러나라, 엑스!"
"YETI5","안 돼! 이 시스템을 복구하지 않으면 세계의 생태 균형이 위험해!"
"YETI6","흥. 이미 늦었어, 엑스."
"YETI7","너와 보잘것없는 이레귤러 헌터들은 진 거야!"
"VILE1-1","바일!"
"VILE1-2","루미네를 어디로 데려갔어? 야코프 프로젝트를 방해하려는 거냐?"
"VILE1-3","오랜만에 재회했는데 질문 공세뿐이냐?"
"VILE1-4","우리의 작은 친구 걱정은 하지 마. 루미네는 잘 돌봐지고 있으니까. 하하하..."
"VILE1-5","궤도 엘리베이터는 우리에게 너무 중요해서 운영자를 다치게 할 수 없지."
"VILE1-6","네가 뭘 하고 있는지 모르는 거냐?"
"VILE1-7","야코프 프로젝트는 인간과 레플리로이드의 중요한 합작 사업이야!"
"VILE1-8","진정해, 엑스..."
"VILE1-9","이 작은 재회를 즐기자고, 응?"
"VILE2-1","바일!"
"VILE2-2","더 이상 쫓아다니지 않겠다. 루미네를 놓아줘. 지금 당장!"
"VILE2-3","하하하... 루미네? 언제나 긍정적이군, 그렇지?"
"VILE2-4","주위를 둘러봐, 바보! 너의 세계는 이미 무너지기 시작했어! 네가 요구할 입장이라고 생각하는 거냐?"
"VILE2-5","네가 아는 세계? 이레귤러? 다 작별이야!"
"VILE2-6","혼돈, 파멸, 파괴! 그것이 우리가 만들어진 이유야!"
"VILE3-1","하하하! 멸망할 세계를 위해 참 열심이군!"
"VILE3-2","그래서 처음부터 시그마가 조종하고 있었던 거구나, 바일?"
"VILE3-3","하하하... 이제야 깨닫기 시작했나, 엑스?"
"VILE3-4","궤도 엘리베이터... 에너지... 우주 광물... 로켓 데이터..."
"VILE3-5","우주로 가는 길... 이 세계를 지탱해 온 것... 이제 우리 것이다!"
"VILE3-6","이런 때에 네 소중한 ""이레귤러""라는 말이 얼마나 중요하겠냐?"
"VILE3-7","네가 뭘 하려든 상관없어. 무슨 수를 써서라도 막겠다!"
"VILE4-1","그래서, 아직도 발버둥치겠다는 거냐?"
"VILE4-2","그래도 희망이 있다고 스스로를 속이고 있는 거냐?"
"VILE4-3","내가 서 있는 한, 희망은 있다!"
"VILE4-4","너와 시그마 모두 쓰러뜨려주마!"
"VILE4-5","하하하... 지금 파괴하기엔 아깝겠군..."
"VILE4-6","마지막 순간까지 기다리면서 좀 즐겨볼까!"
"COPYSIGMA1","시그마!?"
"COPYSIGMA2","그 이름으로 불러도 좋다, 나는 진정 시그마니까."
"COPYSIGMA3","모든 레플리로이드에게... 모든 인간에게... 전 세계에 복수할 생각인가?"
"COPYSIGMA4","완전히 미쳤군! 지금 당장 막아주마!"
"COPYSIGMA5","무엇을 막겠다는 거냐? 우리는 이미 달을 지배하고 있다."
"COPYSIGMA6","낡은 세계는 부패하고 썩었다. 우리가 그것을 대체할 새로운 세계를 열 것이다!"
"COPYSIGMA7","하지만 그 전에, 엑스, 아마도 우리의 최후의 대결을 할 때가 된 것 같군!"
"SIGMA1","어서 오라, 이레귤러 헌터. 다시 만나서 반갑군, 엑스."
"SIGMA2","우리의 만남은 운명이었다, 엑스. 우리의 운명이 바로 여기서 결판난다."
"SIGMA3","새로운 시대를 열 때가 왔다. 그리고 네 파괴가 그 필수적인 부분이다, 엑스."
"SIGMA4","..."
"SIGMA5","네가 ""정의""라고 부르는 것에 대한 네 헌신이 나를 처음으로 생각하게 만들었지..."
"SIGMA6","이 세계의 불완전함을 깨닫고 반드시 바꿔야 한다고 결심했다."
"SIGMA7","네 광기를 나 탓으로 돌리지 마라, 시그마!"
"SIGMA8","하하하... 이미 늦었다, 엑스. 톱니바퀴는 돌아가기 시작했다. 돌이킬 수 없어."
"SIGMA9","뉴 제너레이션 레플리로이드가 바로 그들이야, 엑스. 나의 자식들이 이 모든 것의 주역이다..."
"SIGMA10","자식들? 무슨 소리야!?"
"SIGMA11","야코프 프로젝트... 뉴 제너레이션 레플리로이드를 탄생시킨 프로그램... 모두 나 때문에 가능했다!"
"SIGMA12","절망과 무력감에 빠져라! 신세계의 지배자 앞에서 너는 무력하다!"
"SIGMA13","이제, 엑스... 이 부패한 세계와 함께 파괴당하거라!"
"FINALLUMINE1","아, 루미네! 괜찮아?"
"FINALLUMINE2","괜찮냐고...? 물론이지."
"FINALLUMINE3","시그마를 쓰러뜨렸으니 만족스럽겠지."
"FINALLUMINE4","하지만, 그는 단지 내 계획을 도운 것뿐이었어..."
"FINALLUMINE5","뉴 제너레이션 레플리로이드가 각성했고 새로운 세계가 곧 온다!"
"FINALLUMINE6","루미네! 뭘 하는 거야!?"
"FINALLUMINE7","설마 너도 이레귤러가 된 건 아니겠지..."
"FINALLUMINE8","이레귤러? 그게 아니라는 걸 알잖아, 엑스."
"FINALLUMINE9","그래서 머뭇거리고 있는 거야. 넌 그런 결단력이 없어..."
"FINALLUMINE10","...!"
"FINALLUMINE11","너 같은 구형 모델은 자기 행동이 정말 자기 것인지 걱정해야 하지."
"FINALLUMINE12","바로 지금 이 순간에도 무엇이 너에게 영향을 미치고 있을지 누가 알겠어?"
"FINALLUMINE13","하지만 우리 뉴 제너레이션 레플리로이드는 수백 대의 구형 레플리로이드 데이터를 사용해 만들어졌어."
"FINALLUMINE14","그것이 우리에게 모든 바이러스에 대한 완전한 면역력을 부여하지. 우리는 원하는 대로 행동할 수 있어, 자유 의지가 보장되니까!"
"FINALLUMINE15","그리고 그것은 시그마처럼 행동하는 것도 포함될 수 있어... 내 말이 무슨 뜻인지 알겠어?"
"FINALLUMINE16","시그마처럼 미치는 것을 선택할 레플리로이드는 없어!"
"FINALLUMINE17","생각해 봐, 엑스... 시그마가 정말 미쳤을까?"
"FINALLUMINE18","..."
"FINALLUMINE19","그래, 그는 너희 세계에 반역했지. 아마 바이러스 때문이었을 거야."
"FINALLUMINE20","그래도 그의 투쟁은 우리 모두에게 이 세계가 얼마나 썩었는지 보여줬어!"
"FINALLUMINE21","인간이 레플리로이드를 이용해 저주받은 공격의 순환을 영속시키고 있다..."
"FINALLUMINE22","그래서 구세계에 맞서 싸우기로 한 우리의 결정은 의식적으로 이루어진 거야."
"FINALLUMINE23","다시 말해서..."
"FINALLUMINE24","우리는 자의로 이레귤러가 될 수 있는 힘을 가지고 있다!"
"FINALLUMINE25","...!"
"FINALLUMINE26","엑스... 정말로 우리를 막을 자격이 있다고 생각하느냐?"
"FINALLUMINE27","넌 인간의 도구에 불과해. 구세계의 도구일 뿐..."
"FINALLUMINE28","이만큼 진화한 우리에게 맞설 수 있다고 생각하나?"
"FINALLUMINE29","하하하하하하하하하! 웃기지 마..."
"FINALLUMINE30","세계는 변하고 있다! 진화가 순리대로 진행되는 것은 당연한 일이다!"
"FINALLUMINE31","자, 줄을 서서 소멸당하거라!"
"FINALLUMINE32","루미네... 미안하지만... 다른 선택지가 없어."
"FINALLUMINE33","네가 야코프 프로젝트의 배후였다 해도..."
"FINALLUMINE34","네 사악한 계획을 막을 때까지 포기하지 않겠다!"
"FINALLUMINE35","넌 우리의 동맹이 될 수 있었지만, 결국 적이 되었군."
"FINALLUMINE36","이대로 놔두지 않겠다!"
"FINALLUMINE37","적... 동맹... 이 문제는 그렇게 단순하지 않아."
"FINALLUMINE38","레플리로이드는 인류와 함께 돌이킬 수 없이 변했다."
"FINALLUMINE39","그들의 존재의 본질도 변했지..."
"FINALLUMINE40","그리고 우리의 새로운 세계에 너는 필요 없다!"
"ENDING1-1","ENDING1-1"
"ENDING1-2","믿을 수 없어..."
"ENDING1-3","날 쓰러뜨렸을지 모르지만... 이미 시작된 것을 멈추기엔 너무 늦었어..."
"ENDING1-4","그런 녀석이 더 있다면 얼마든지 상대해 주마."
"ENDING1-5","하하하... 정말 상황 파악을 못 하는군?"
"ENDING1-6","뭐, 상관없어... 곧 알게 될 거야..."
"ENDING1-7","....."
"ENDING1-8","으윽! 이 고통을 더 이상 참을 수 없어... 그냥... 빨리 끝내줘..."
"ENDING2-1","여기는 엑스..."
"ENDING2-2","적은... 처리했습니다."
"ENDING2-3","지금 돌아가겠습니다..."
"ENDING2-4","알겠습니다..."
"FINAL-1","액슬!"
"FINAL-2","엑스... 엑스... 들리나요? 통신이 복구됐습니다. 상황 보고!"
"FINAL-3","여기는 엑스, 시그마의 계획을 막는 데 성공했습니다... 하지만 액슬이..."
"FINAL-4","액슬이 부상을 입었지만 괜찮습니다."
"FINAL-5","지금 귀환합니다."
"FINAL2-1","(각성...)"
"FINAL2-2","(루미네가 그렇게 설명했지...)"
"FINAL2-3","(그는 말했어... 이것이 진화라고...)"
"FINAL2-4","(만약 그가 옳다면...)"
"FINAL2-5","(그렇다면... 우리는 무엇을 하고 있는 걸까?)"
"FINAL3-1","아까 루미네가 한 말에 대해 생각하고 있었겠지."
"FINAL3-2","너무 신경 쓰지 마. 시그마가 되는 것만으로는 진화라고 할 수 없어."
"FINAL3-3","..."
"FINAL3-4","어쨌든, 엑스..."
"FINAL3-5","그 ""진화적 도약""이 도래했을 때 우리 레플리로이드가 고철 더미에 합류할 운명이라 해도..."
"FINAL3-6","우리는 여전히 싸워야 해..."
"FINAL3-7","이레귤러뿐만 아니라 우리 자신의 운명에 맞서서도..."
"SECRET2-1","어서 오라, 메가맨 X. 기다리고 있었다."
"SECRET2-2","네가 지금까지 만난 누구와도 다르군..."
"SECRET2-3","평화와 자비의 기운이 느껴진다. 너는 누구냐?"
"SECRET2-4","이렇게 빨리 알아채다니 대단하군."
"SECRET2-5","나는 세레나데다."
"SECRET2-6","내가 전에 만난 상대들과 다르다고 했지?"
"SECRET2-7","그것은 나의 압도적인 힘 때문이다."
"SECRET2-8","압도적...?"
"SECRET2-9","그렇다. 언더킹의 칭호를 잃은 이래 계속 수련해 왔다."
"SECRET2-10","20년 동안 힘을 모아왔다. 이제 너를 선택해 내 힘을 시험하겠다."
"SECRET2-11","세레나데, 라고 했나? 흠..."
"SECRET2-12","좋아, 네 대결을 받아들이겠다!"
"SECRET2-13","그럼, 오라..."
"SECRET2-14","솔직히 널 이길 만큼 강하다고 생각했다. 내가 틀렸군."
"SECRET2-15","네 마음속에 있는 친절, 사랑, 존경이 널 더욱 강하게 만들고 있다."
"SECRET2-16","이 대결을 아름답게 싸웠다. 넌 정말로 이 세계에서 가장 강한 로봇이야."
"SECRET2-17","보답할 것이 있으면 좋겠지만, 내가 줄 수 있는 건 감사뿐이다."
"SECRET2-18","메가맨 X. 우리는 다른 곳에서 다시 만나게 될 것이다..."
"SECRET2-19","그때까지, 안녕히!"
"SECRET3-1","마침내 입수했다. 이 데이터에는 현재 수배 중인 모든 범죄자 정보가 담겨 있어..."
"SECRET3-2","거기 멈춰. 이 구역은 S 클래스 헌터 전용이고, 그 데이터도 마찬가지야! 넘기고 조용히 따라와!"
"SECRET3-3","오해하지 마, 엑스."
"SECRET3-4","내 이름은 레드. 네가 최근 사건들로 고생하고 있다는 걸 알고 도움을 주기로 했다."
"SECRET3-5","이것으로 우리만의 이레귤러 사냥을 시작해 네 어깨의 짐을 덜어줄 수 있어... 물론 대가는 있지."
"SECRET3-6","그냥 더러운 현상금 사냥꾼 같군."
"SECRET3-7","뭘로 생각하든 자유야. 물러서지 않겠다... 준비해!"
"SECRET3-8","나쁘지 않군... 구형치고는..."
"ZEROSECRET1","헤헤헤헤헤!"
"ZEROSECRET2","드디어 방법을 이해했어, 이렇게 행복한 적은 없었는데..."
"ZEROSECRET3","제... 제로?"
"ZEROSECRET4","엑스! 머릿속이 아주 맑아지고 있어... 이제 내 진짜 목적을 이해했다."
"ZEROSECRET5","더 이상 이레귤러 따위는 신경 쓰지 않아... 이제 내가 할 일은 하나뿐이야..."
"ZEROSECRET6","제로? 무슨 일이야? 이건 네가 아니야. 정신 차려! 이러다간 죽어!"
"ZEROSECRET7","드디어 사슬에서 해방된 기분이야, 엑스. 그동안 나약하고 무력했던 시간이..."
"ZEROSECRET8","드디어 진정한 형태로 각성했다! 내 눈을 봐, 엑스! 이 행복을 느낄 수 없냐?! 하하하하하하하하하하하하하하하하!!!!!!"
"ZEROSECRET9","..."
"ZEROSECRET10","제로... 네가 전에 나에게 말했던 거, 맞지?"
"ZEROSECRET11","눈에 보이지도, 분석할 수도 없는 것들이 있다고."
"ZEROSECRET12","느껴야 한다고..."
"ZEROSECRET13","그리고 이제... 강렬하게 느낄 수 있어, 시그마보다 더 사악한 무언가를!"
"ZEROSECRET14","이것이 우리의 운명이지? 나는 싸우겠다! 도망치지 않겠다! 널 쓰러뜨리고 내 친구를 되찾겠다!"
"ZEROSECRET15","그렇다면 더 이상 설명할 필요가 없군. 파괴해주마!"
"ZEROSECRET16","제로!!!!"
"INTRO2-1_AXL","여기는 액슬! 궤도 엘리베이터 부근 사고 현장에 접근 중!"
"INTRO2-2_AXL","이런, 완전 난장판이야. 이레귤러가 여기저기 다 있어!"
"INTRO2-3_AXL","돌입하겠습니다! 내가 신호를 보내면 구조 메카닐로이드를 보내 주세요!"
"INTRO2-4_AXL","알겠어, 액슬! 조심해!"
"INTRO2-5_AXL","시... 시그마?! 어... 어떻게?!"
"INTRO2-6_AXL","사고 중 손상으로부터 자신을 보호하기 위해..."
"INTRO2-7_AXL","튼튼한 시그마의 몸체를 카피해야 했습니다."
"INTRO2-8_AXL","우리 뉴 제너레이션 레플리로이드는 모든 바이러스에 완전한 면역력을 가지고 있습니다."
"INTRO2-9_AXL","그래서 시그마처럼 위험한 것을 카피해도 아무런 위험이 없습니다."
"INTRO2-10_AXL","잠깐, 누구세요?"
"INTRO2-11_AXL","저는 루미네입니다..."
"INTRO2-12_AXL","엘리베이터와 야코프 프로젝트를 담당하는 책임자입니다."
"INTRO2-13_AXL","알겠습니다. 잠시만요, 팀에 신호를 보내 구조대를-"
"INTRO3-1_AXL","이거 이거... 여기 누가 있나? 꼬마 신참이군?"
"INTRO3-2_AXL","뭐야?! 넌 누구야?"
"INTRO3-3_AXL","나는 바일이다. 만나서 반갑다고 하고 싶지만, 거짓말이 되겠군."
"INTRO3-4_AXL","네 친구 엑스는 어디에 있지?"
"INTRO3-5_AXL","엑스? 그와 무슨 사이야?"
"INTRO3-6_AXL","하하하! 별거 아니야... 그냥 못다 한 일을 처리하려고."
"INTRO3-7_AXL","아무도 쓰러뜨리지 못할 거야! 루미네를 놓아줘!"
"INTRO3-8_AXL","그럴 수 없지. 궤도 엘리베이터는 이제 우리 것이다..."
"INTRO3-9_AXL","뭘 하려는 거야?!"
"INTRO3-10_AXL","지금 시작이다, 꼬마... 새로운 세계가 탄생할 것이다!"
"INTRO3-11_AXL","하하하하하하하하하하!"
"ANTONION1_AXL","안토니온... 넌 한때 천재였는데. 미쳤어? 뭘 꾸미고 있는 거야?"
"ANTONION2_AXL","미쳤다고? 하하. 웃기는군."
"ANTONION3_AXL","넌 네 자신이 완전히 정상이라고 생각하나? 올바른 편에 서 있다고 확신해?"
"ANTONION4_AXL","꽤 확신해. 선악을 구분하는 건 어렵지 않거든. 그 정도는 확실히 알아."
"ANTONION5_AXL","하! 나도 동감이야!"
"ANTONION6_AXL","문제는 우리가 사는 세계야. 하지만 내가 그걸 고칠 계획이지!"
"MANOWAR1_AXL","여기서 무슨 일이야, 만오워?"
"MANOWAR2_AXL","전력을 정상으로 돌려놓지 않으면 아벨 시티 시민들이 고통받을 거야."
"MANOWAR3_AXL","... ... ..."
"MANOWAR4_AXL","이레귤러화가 너무 심해서 말도 못 하게 됐군..."
"MANOWAR5_AXL","뭐? 이레귤러가 뭐냐? 그게 뭔지 아나?"
"MANOWAR6_AXL","이레귤러? 바로 너처럼 폭주한 레플리로이드를 말하는 거야."
"MANOWAR7_AXL","미안하지만 쓰러뜨려야겠다."
"MANTIS1_AXL","네가 우리 뉴 제너레이션 레플리로이드의 프로토타입이라고 들었다."
"MANTIS2_AXL","그래서 왜 이레귤러 헌터가 된 거지?"
"MANTIS3_AXL","너 같은 사악한 이레귤러를 쓸어버리는 게 재미있으니까, 맨티스."
"MANTIS4_AXL","흥. 감히 될 수 없는 것이라고 비난하냐?"
"MANTIS5_AXL","선과 악 같은 건 존재하지 않아. 아직 깨닫지 못한 거냐?"
"MANTIS6_AXL","프로토타입일지는 몰라도, 너 같은 이레귤러랑 같다고 생각하지 마!"
"MANTIS7_AXL","우리 뉴 레플리로이드의 프로토타입치곤 꽤 순진하군."
"MANTIS8_AXL","솔직히 좀 부럽다."
"MANTIS9_AXL","내 칼날로 보여주지?"
"PANDA1_AXL","넌 우리 뉴 제너레이션 레플리로이드와 같은 카피 능력을 가지고 있지."
"PANDA2_AXL","..."
"PANDA3_AXL","그 힘이 세상을 바꿀 수 있다고 생각해 본 적 있나?"
"PANDA4_AXL","내가 생각하는 건 오직 너 같은 이레귤러를 혼내줄 때 편리하다는 것뿐이야!"
"PANDA5_AXL","그런 무례함. 역시 너는 쓸모없군."
"ROOSTER1_AXL","여기가 어딘지 알아, 친구?"
"ROOSTER2_AXL","내 이름은 액슬이고 네 친구가 아니야."
"ROOSTER3_AXL","어쨌든 여기는 폐기물 처리 센터잖아..."
"ROOSTER4_AXL","그것보다 훨씬 더 의미가 있지."
"ROOSTER5_AXL","이레귤러로 판정된 모든 레플리로이드의 무덤이야."
"ROOSTER6_AXL","아, 그래서 그 보복으로 봉기를 일으킨 거야?"
"ROOSTER7_AXL","그건 이레귤러 행동이잖아."
"ROOSTER8_AXL","이게 네가 말하는 정의냐? 폐기처분 당해야 할 건 너야!"
"ROOSTER9_AXL","우리가 만들 새로운 세계에 너 같은 레플리로이드와 구형 모델의 자리는 없다!"
"SUNFLOWER1_AXL","액슬... 변신 능력자. 새 시대를 이끌 레플리로이드의 프로토타입..."
"SUNFLOWER2_AXL","그래서 뭐? 합류하라는 거야? 꿈도 꾸지 마!"
"SUNFLOWER3_AXL","네가 좀 더 똑똑했다면, 너도 선택받을 수 있었을 텐데..."
"SUNFLOWER4_AXL","그건 아니지. 우리가 착한 녀석은 아닐지 몰라도, 괴물은 아니야."
"SUNFLOWER5_AXL","그런 개념은 너 같은 바보에겐 이해할 수 없겠지."
"SUNFLOWER6_AXL","이 녀석 완전히 폭주했군, 헛소리를 계속하기 전에 처리해야겠어."
"TRILOBYTE1_AXL","여기서 채굴하는 광물은 우주 개발에 필수적이다."
"TRILOBYTE2_AXL","반쪽짜리 프로토타입인 네가 내 말을 이해할 수 있을까."
"TRILOBYTE3_AXL","이레귤러들 말은 한 번도 이해가 안 됐어."
"TRILOBYTE4_AXL","나는 선택받았고 넌 버려졌어. 넌 절대 나만큼 뛰어날 수 없다!"
"TRILOBYTE5_AXL","판단력이 부족한 건 너야, 트릴로바이트. 시그마에게 속아서 이용당하고 있잖아!"
"TRILOBYTE6_AXL","우리의 새로운 세계가 곧 탄생한다! 구세계의 바보들은 멸망할 것이다!"
"YETI1_AXL","네가 변신할 수 있는 프로토타입이라고?"
"YETI2_AXL","이렇게 쉽게 이레귤러가 된다니, 네 프로토타입인 게 기쁘지 않군."
"YETI3_AXL","이레귤러 헌터 따위가 거센 말을 하는군."
"YETI4_AXL","누가 하찮다고? 세계를 파괴하려는 건 나가 아니라 너야!"
"VILE1-1_AXL","하하하하하!"
"VILE1-2_AXL","지금 포기하고 끝내는 게 어떠냐?"
"VILE1-3_AXL","네가 아는 세계? 이레귤러? 다 작별이야!"
"VILE1-4_AXL","혼돈, 파멸, 파괴! 그것이 우리가 만들어진 이유야!"
"VILE1-5_AXL","흥, 그딴 말 한다고 두들겨 맞는 걸 피할 수 있을 것 같아?"
"VILE2-1_AXL","바일, 이라고 했나?"
"VILE2-2_AXL","여기서 뭘 하고 있는 거야?"
"VILE2-3_AXL","루미네와 엘리베이터로 뭘 할 계획이야?"
"VILE2-4_AXL","루미네 걱정은 하지 마. 너와 달리 그는 우리 계획에 중요한 존재야."
"VILE2-5_AXL","네가 한때 A 클래스 헌터였든 상관없어..."
"VILE2-6_AXL","지금은 이레귤러야, 그리고 너 같은 쓰레기를 어떻게 처리하는지 잘 알아!"
"VILE2-7_AXL","하하! 화났나? 덤벼 봐!"
"VILE3-1_AXL","하! 세계가 파멸 직전인데 아직도 정의 타령이냐?"
"VILE3-2_AXL","당연하지!"
"VILE3-3_AXL","시그마를 잡으러 가기 전에 네게 먼저 정의를 베풀어 주겠어!"
"VILE3-4_AXL","궤도 엘리베이터... 에너지... 우주 광물... 로켓 데이터..."
"VILE3-5_AXL","우주로 가는 길..."
"VILE3-6_AXL","이 세계를 지탱해 온 것 - 이제 우리 것이다!"
"VILE3-7_AXL","이런 때에 네 소중한 ""이레귤러""라는 말이 얼마나 중요하겠냐?"
"VILE3-8_AXL","널 고철로 만들고 나서 말해주지!"
"VILE4-1_AXL","그래서, 아직도 발버둥치겠다는 거냐?"
"VILE4-2_AXL","그래도 희망이 있다고 스스로를 속이고 있는 거냐?"
"VILE4-3_AXL","널 쓰러뜨리기만 하면 되니까 희망이 넘쳐, 이 녀석아."
"VILE4-4_AXL","지금 포기하면 모든 노력이 물거품이야. 절대 포기 안 해!"
"VILE4-5_AXL","하하하... 지금 파괴하기엔 아깝겠군..."
"COPYSIGMA1_AXL","시그마!?"
"COPYSIGMA2_AXL","겁쟁이처럼 우주로 도망쳐서 숨으면 우리를 피할 수 있다고 생각했어?"
"COPYSIGMA3_AXL","도망? 숨기? 오해하고 있군."
"COPYSIGMA4_AXL","우리는 단지 그 무지한 행성을 뒤로 하기로 한 것뿐이다."
"COPYSIGMA5_AXL","뭐라고 하든 상관없어. 어차피 지금 여기서 불태워 주마!"
"COPYSIGMA6_AXL","누가 ""불태워질""지 두고 보자... 넌 선택받지 못했다."
"COPYSIGMA7_AXL","새로운 세계에 살 수 있는 건 우리 뉴 레플리로이드뿐이다! 반쪽짜리 프로토타입 따위는 필요 없어!"
"SIGMA1_AXL","흥. 네가 그 액슬이라는 녀석이군."
"SIGMA2_AXL","뉴 제너레이션 레플리로이드의 프로토타입."
"SIGMA3_AXL","여기까지 온 건 놀랍군."
"SIGMA4_AXL","이봐... 프로토타입이라고 부르지 마..."
"SIGMA5_AXL","나는 나야... 그리고 넌... 이레귤러야."
"SIGMA6_AXL","넌 보잘것없고 약한 프로토타입일 뿐이다!"
"SIGMA7_AXL","네 카피 능력은 제대로 개발되지 않았다. 그래서 탈락한 거야."
"SIGMA8_AXL","이레귤러 클럽은 빠져도 상관없어!"
"SIGMA9_AXL","순수한 뉴 제너레이션 레플리로이드만이... 나의 자식들만이 자격이 있다!"
"SIGMA10_AXL","자식들?"
"SIGMA11_AXL","그래, 프로토타입아... 나의 자식들이다..."
"SIGMA12_AXL","야코프 프로젝트에서 태어난 뉴 제너레이션 레플리로이드는 모두 내 개인 데이터가 담긴 카피 칩을 가지고 있다."
"SIGMA13_AXL","이제 그 프로젝트의 최종 단계가 시작된다!"
"SIGMA14_AXL","파괴당하거라!!!"
"FINALLUMINE1_AXL","아, 루미네. 괜찮아?"
"FINALLUMINE2_AXL","괜찮냐고...? 물론이지."
"FINALLUMINE3_AXL","시그마를 쓰러뜨렸으니 만족스럽겠지."
"FINALLUMINE4_AXL","너 덕분에 계획이 순조롭게 진행됐어."
"FINALLUMINE5_AXL","하지만... 루미네, 넌 시그마에게 이용당한 거 아니야?"
"FINALLUMINE6_AXL","이용? 그렇지 않아."
"FINALLUMINE7_AXL","그는 단지 내 계획을 도운 것뿐이었어."
"FINALLUMINE8_AXL","뉴 제너레이션 레플리로이드가 각성했고, 새로운 세계가 곧 온다!"
"FINALLUMINE9_AXL","루미네! 뭘 하는 거야? 설마 너도 이레귤러가 된 건..."
"FINALLUMINE10_AXL","이레귤러? 그게 아니라는 걸 알잖아?"
"FINALLUMINE11_AXL",".........!"
"FINALLUMINE12_AXL","우리 뉴 제너레이션 레플리로이드가 가진 카피 칩은..."
"FINALLUMINE13_AXL","수백 대의 구형 레플리로이드 데이터에서 파생됐어."
"FINALLUMINE14_AXL","물론 그 안에 시그마도 포함되어 있지."
"FINALLUMINE15_AXL","내 말이 무슨 뜻인지 알겠어?"
"FINALLUMINE16_AXL","카피 칩? 시그마? 그러면 나도 그처럼 미치게 되는 거야?"
"FINALLUMINE17_AXL","미안하지만, 너 같은 프로토타입은 그런 걸 일으킬 스펙이 안 돼."
"FINALLUMINE18_AXL","게다가, 시그마가 정말 미쳤을까?"
"FINALLUMINE19_AXL",".........?"
"FINALLUMINE20_AXL","그는 너희 세계에 반역했지. 하지만 이유가 있었어..."
"FINALLUMINE21_AXL","나머지 뉴 제너레이션 레플리로이드도 언제든 그렇게 될 수 있어..."
"FINALLUMINE22_AXL","구세계에 맞서 싸우기로 한 결정은 의식적으로 이루어진 거야."
"FINALLUMINE23_AXL","다시 말해서, 우리는 자의로 이레귤러가 될 수 있는 힘을 가지고 있다!"
"FINALLUMINE24_AXL","액슬... 정말로 우리를 막을 자격이 있다고 생각하느냐?"
"FINALLUMINE25_AXL","넌 인간의 도구에 불과해. 구세계의 도구일 뿐..."
"FINALLUMINE26_AXL","이만큼 진화한 우리 앞에 무기를 들고 맞설 수 있다고 생각하나?"
"FINALLUMINE27_AXL","하하하하하! 우스꽝스러운 짓은 그만둬!"
"FINALLUMINE28_AXL","세계는 변하고 있다. 진화가 순리대로 진행되는 것은 당연한 일이다!"
"FINALLUMINE29_AXL","자, 줄을 서서 소멸당하거라!"
"FINALLUMINE30_AXL","네가 와서 내가 뭔지, 뭐가 돼야 하는지 말하게 두지 않겠어."
"FINALLUMINE31_AXL","넌 적이고, 살아서 여기를 나가게 하지 않겠다!"
"FINALLUMINE32_AXL","적... 동맹... 이 문제는 그렇게 단순하지 않아. 레플리로이드는 인류와 함께 돌이킬 수 없이 변했다."
"FINALLUMINE33_AXL","그들의 존재의 본질도 변했다. 우리의 새로운 세계에 너는 필요 없다!"
"ENDING1-1_AXL","믿을 수 없어..."
"ENDING1-2_AXL","날 쓰러뜨렸을지 모르지만... 이미 시작된 것을 멈추기엔 너무 늦었어..."
"ENDING1-3_AXL","그런 녀석이 더 있다면 얼마든지 상대해 주마."
"ENDING1-4_AXL","하하하... 정말 상황 파악을 못 하는군?"
"ENDING1-5_AXL","뭐, 상관없어... 곧 알게 될 거야..."
"ENDING1-6_AXL","....."
"ENDING1-7_AXL","으윽! 이 고통을 더 이상 참을 수 없어... 그냥... 빨리 끝내줘..."
"ENDING2-1_AXL","여기는 액슬..."
"ENDING2-2_AXL","액슬... 액슬... 상황 보고!"
"ENDING2-3_AXL","임무는....완수했습니다"
"ENDING2-4_AXL","적은... 처리했습니다. 지금 돌아가겠습니다..."
"ENDING2-5_AXL","알겠습니다..."
"SECRET2-1_AXL","어서 오라, 액슬. 기다리고 있었다."
"SECRET2-2_AXL","오, 이미 날 알고 있었어?"
"SECRET2-3_AXL","솔직히 지금까지 만난 누구보다 훨씬 더... ""여유롭네"". 뭐하는 사람이야?"
"SECRET2-4_AXL","이렇게 빨리 알아채다니 관찰력이 좋군."
"SECRET2-5_AXL","나는 세레나데다."
"SECRET2-6_AXL","내가 전에 만난 상대들과 다르다고 했지?"
"SECRET2-7_AXL","그것은 나의 압도적인 힘 때문이다."
"SECRET2-8_AXL","압도적인 힘? 진심이야? 솔직히 그렇게 안 보이는데..."
"SECRET2-9_AXL","그렇다. 나의 강함은 공격성이 아니다. 언더킹의 칭호를 잃은 이래 계속 수련해 왔다."
"SECRET2-10_AXL","20년 동안 힘을 모으고 능력을 연마해 왔다. 이제 너를 선택해 시험하겠다."
"SECRET2-11_AXL","20년? 와, 정말... 긴 시간이네. 뭐 나도 아직 카피 능력이 있으니까."
"SECRET2-12_AXL","세레나데, 라고 했나? 흠..."
"SECRET2-13_AXL","정말 날 상대하고 싶어? 감당 못 할 수도 있는데. 뭐 도전은 도전이지. 좋아!"
"SECRET2-14_AXL","그럼 앞으로 나와라... 액슬. 보여줘!"
"SECRET2-15_AXL","솔직히 내 힘이면 널 이길 수 있다고 생각했다. 틀렸군."
"SECRET2-16_AXL","하지만 넌... 힘만에 의지하지 않는군. 네 정신에 너를 더 강하게 만드는 무언가가 있어."
"SECRET2-17_AXL","단순한 전투 기술 이상이야. 네 끈기, 네 마음..."
"SECRET2-18_AXL","뭐, 사람들을 놀라게 하는 버릇이 있거든. 그런 묘기가 가득하다고 할까."
"SECRET2-19_AXL","하지만 너도 만만치 않았어. 그건 인정해."
"SECRET2-20_AXL","아름답게 싸웠다, 액슬. 이 세계에서 만난 가장 강한 전사일지도 모르겠군."
"SECRET2-21_AXL","보상으로 줄 게 더 있으면 좋겠지만... 감사밖에 드릴 수 없다."
"SECRET2-22_AXL","헤, 신경 쓰지 마. 좋은 싸움이었어. 그것만으로 충분한 보상이야..."
"SECRET2-23_AXL","뭐, 숨겨둔 파워업이 있으면 사양하지 않을게."
"SECRET2-24_AXL","어쩌면 다른 곳에서 다시 만나게 될지도... 그때까지, 안녕히, 액슬."
"SECRET2-25_AXL","잘 가, 세레나데. 다음에는 봐주지 않을 테니까!"
"SECRET2-26_AXL","SECRET2-26_AXL"
"SECRET3-1_AXL","마침내 입수했다. 이 데이터에는 현재 수배 중인 모든 범죄자 정보가 담겨 있어..."
"SECRET3-2_AXL","레... 레드? 어떻게...?"
"SECRET3-3_AXL","액슬, 오랜만이구나. 혼자서 잘 지내고 있나?"
"SECRET3-4_AXL","레드, 잠깐! 여기는 고급 헌터 전용 구역이야!"
"SECRET3-5_AXL","넌 변했어, 레드. 아직도 ""그 사람""의 방식을 따르고 있는 거야?"
"SECRET3-6_AXL","그 때문에 레드 얼럿을 뒤틀어 버린 거잖아!"
"SECRET3-7_AXL","오해하지 마. 이 데이터가 있으면 헌터들보다 훨씬 효율적으로 이레귤러를 사냥할 수 있어."
"SECRET3-8_AXL","레드 얼럿은 다시 정의를 되찾을 수 있어, 액슬."
"SECRET3-9_AXL","그건 정의가 아니야... 그건 권력이야! 남용하게 놔두지 않겠어!"
"SECRET3-10_AXL","헤, 너한테서 이런 말을 듣게 될 줄은 몰랐군. 좋아, 실력이 늘었는지 보여줘. 전력으로 간다!"
"SECRET3-11_AXL","나쁘지 않군..... 꼬마, 헌터로서 성장했구나."
"SECRET3-12_AXL","이럴 필요 없어, 레드. 다시 시작하기엔 늦지 않았어, 합류하면 여전히 네 자신일 수 있어."
"SECRET3-13_AXL","어쩌면..... 아닐 수도. 걱정하지 마, 난 내 길을 가겠어."
"SECRET3-14_AXL","하지만 지금은 누굴 믿을지 조심하겠다."
"SECRET3-15_AXL","다음에 만나면, 이렇게 쉽지 않을 거야. 잘 가.... 그리고 몸조심해라, 꼬마."
"SECRET3-16_AXL","레드...."
"INTRO1-1_ZERO","여기가 노아즈 파크인가. 나쁘지 않은 곳이군."
"INTRO1-2_ZERO","제로, 들리나요? 이 지역에 거대한 이레귤러 메카닐로이드가 있습니다."
"INTRO1-3_ZERO","궤도 엘리베이터 근처 사고 현장과 가깝군. 알겠다!"
"INTRO1-4_ZERO","이 지역의 이레귤러를 소탕하겠다."
"INTRO1-5_ZERO","사고 현장에 도착하면 즉시 구조 메카닐로이드를 보내줘."
"INTRO1-6_ZERO","알겠습니다, 조심하세요, 제로!"
"INTRO2-1_ZERO","뭐... 뭐야? 이게 무슨 뜻이지, 시그마?"
"INTRO2-2_ZERO","사고 중 손상으로부터 자신을 보호하기 위해..."
"INTRO2-3_ZERO","튼튼한 시그마의 몸체를 카피해야 했습니다."
"INTRO2-4_ZERO","우리 뉴 제너레이션 레플리로이드는 모든 바이러스에 완전한 면역력을 가지고 있습니다."
"INTRO2-5_ZERO","그래서 시그마처럼 위험한 것을 카피해도 아무런 위험이 없습니다."
"INTRO2-6_ZERO","넌 누구야? 신원을 밝혀라!"
"INTRO2-7_ZERO","저는 루미네입니다..."
"INTRO2-8_ZERO","엘리베이터와 야코프 프로젝트를 담당하는 책임자입니다."
"INTRO2-9_ZERO","흠... 알겠다. 움직이지 마, 구조팀을 불러-"
"INTRO3-1_ZERO","하하하! 다시 만나서 반갑군, 제로."
"INTRO3-2_ZERO","바일? 네 출몰 보고가 사실이었군."
"INTRO3-3_ZERO","너와 놀고 싶지만, 할 일이 너무 많아서 말이야..."
"INTRO3-4_ZERO","네 같은 수배범이 루미네를 데려가게 놔두지 않겠다. 지금 당장 놓아줘!"
"INTRO3-5_ZERO","그럴 수 없지. 궤도 엘리베이터는 이제 우리 것이다..."
"INTRO3-6_ZERO","뭘 할 작정이냐, 이레귤러 쓰레기!"
"INTRO3-7_ZERO","지금 시작이다, 제로. 새로운 세계가 탄생할 것이다!"
"INTRO3-8_ZERO","하하하하하하하하하하!"
"ANTONION1_ZERO","그래비티 안토니온. 한때 놀라운 과학자였는데, 이레귤러가 된 것 같군."
"ANTONION2_ZERO","놀라운? 이레귤러? 그 말들이 무슨 의미가 있냐?"
"ANTONION3_ZERO","나보다 똑똑한 녀석에게 물어봐. 시그마가 너를 이렇게 만들었나?"
"ANTONION4_ZERO","시그마가 너와 다른 녀석들을 이레귤러로 만든 건가?"
"ANTONION5_ZERO","감히 우리 마스터를 그 한마디로 정리하려 하느냐?"
"ANTONION6_ZERO","우리의 정직함은 너의 극대한 어리석음에 필적한다."
"ANTONION7_ZERO","어쨌든, 우리의 위대한 계획을 이해하지 못한다면 파괴해 주마!"
"MANOWAR1_ZERO","이봐! 기가볼트 만오워!"
"MANOWAR2_ZERO","아벨 시티의 전력을 정상으로 되돌려라. 지금 당장!"
"MANOWAR3_ZERO","... ... ..."
"MANOWAR4_ZERO","너무 심하게 이레귤러화 돼서 대답도 못 하는군..."
"MANOWAR5_ZERO","난 이레귤러가 아니야... 잘못한 게 없어..."
"MANOWAR6_ZERO","마스터가 새로운 세계를 실현하기 위해 에너지가 필요해."
"MANOWAR7_ZERO","아벨 시티의 전력을 폭주시키는 게 시그마의 사악한 계획에 어떻게 맞는 거야?"
"MANOWAR8_ZERO","난 마스터의 새로운 세계라는 꿈을 실현하기 위해 열심히 일하고 있을 뿐이야. 그가 틀린 게 아니야."
"MANOWAR9_ZERO","새로운 세계?! 그 계획은 여기서 끝이다!"
"MANOWAR10_ZERO","교훈을 가르쳐 주겠다!"
"MANTIS1_ZERO","와. 이 녀석 좀 봐. 너 제로지?"
"MANTIS2_ZERO","나를 정말 알고 있다면, 지금쯤 벌벌 떨어야 할 텐데."
"MANTIS3_ZERO","너희 구형 레플리로이드는 정말 아무것도 모르는군, 그렇지?"
"MANTIS4_ZERO","무슨 뜻이야, 이레귤러?"
"MANTIS5_ZERO","우리 진영의 훌륭한 장군이 될 수 있었을 텐데. 마스터가 꽤 관심을 보이고 있다."
"MANTIS6_ZERO","흥! 이레귤러와 한패가 될 생각은 없다, 고맙긴 하지만."
"MANTIS7_ZERO","걱정 마... 너를 처리한 후에 네 보스도 잡으러 갈 테니까."
"PANDA1_ZERO","정말로 그런 생각을 해 본 적이 없나, 제로?"
"PANDA2_ZERO","이 세계가 파괴만을 바라고 있다는 것을?"
"PANDA3_ZERO","그게 시그마가 말하는 거냐?"
"PANDA4_ZERO","어쩌면. 어쩌면 마스터도 네 안에서 자신의 일부를 봤을지..."
"PANDA5_ZERO","됐어..."
"PANDA6_ZERO","너희 이레귤러들이 떠드는 완벽한 세계 같은 건 존재하지 않아."
"PANDA7_ZERO","그래, 존재하지 않지."
"PANDA8_ZERO","그래서 이 세계를 파괴해야 하는 거야."
"PANDA9_ZERO","끝나는 건 이 세계야, 제로."
"ROOSTER1_ZERO","왜 폭동을 일으킨 거야? 시그마의 짓이냐?"
"ROOSTER2_ZERO","여기가 어딘지 아나?"
"ROOSTER3_ZERO","폐기물 처리 센터..."
"ROOSTER4_ZERO","내가 네 녀석을 잘게 썬 후에 여기에 버려줄 테니까."
"ROOSTER5_ZERO","들리지 않나, 제로?"
"ROOSTER6_ZERO","네가 이레귤러라고 판정해서 여기로 보낸 모든 레플리로이드의 울부짖음이?"
"ROOSTER7_ZERO","뭐? 웃기는군! 그런 게 들린다면 너도 이레귤러라는 뜻이겠지?"
"ROOSTER8_ZERO","하! 누가 옳고 누가 그른지 곧 알게 될 거야."
"ROOSTER9_ZERO","새로운 세계가 현실이 되면 날 비웃지 못할 거다!"
"SUNFLOWER1_ZERO","제로... 분명 눈치챘겠지."
"SUNFLOWER2_ZERO","우리가 여기서 무엇을 원하는지 짐작하고 있을 거야."
"SUNFLOWER3_ZERO","이레귤러들의 사고방식을 내가 어떻게 알겠어?"
"SUNFLOWER4_ZERO","아니! 아니! 아니! 우리가 착한 녀석은 아닐지 몰라도, 괴물은 아니야."
"SUNFLOWER5_ZERO","마스터는 널 잘 기억하고 있다. 넌 한때 궁극의 파괴자가 될 수 있었지. 이제 옛날 얘기지만."
"SUNFLOWER6_ZERO","이런... 완전히 돌아버렸군."
"TRILOBYTE1_ZERO","여기서 채굴하는 광물은 우주 개발에 필수적이다."
"TRILOBYTE2_ZERO","하지만 너한테는 별 의미가 없겠지, 제로?"
"TRILOBYTE3_ZERO","그걸 시그마를 위해 채굴하는 거냐? 미쳤나?"
"TRILOBYTE4_ZERO","마스터가 왜 이런 자원을 원하는지 생각해 본 적 있나?"
"TRILOBYTE5_ZERO","네 계획을 이해할 필요도 없어. 역겹다는 건 알겠고 용서하지 않겠다!"
"TRILOBYTE6_ZERO","흥! 네 같은 고장난 고철에게 모욕당할 수는 없다!"
"TRILOBYTE7_ZERO","조만간 마스터 앞에 답해야 할 거다, 쓸모없는 고철 더미!"
"YETI1_ZERO","제로. 마스터는 새로운 이상적 세계에서 네 역할을 보고 있다."
"YETI2_ZERO","이레귤러들이 내게서 뭘 보는 거야? 두들겨 맞을 가능성 빼고 말이야..."
"YETI3_ZERO","정말 구형이구나, 그렇지? 그런 사고방식으로는 세계를 바꿀 수 없어."
"YETI4_ZERO","파괴로 세상을 바꾸겠다고? 이레귤러다운 발상이군."
"YETI5_ZERO","너의 세계... 너의 이상... 마스터에게는 이해 불가다."
"VILE1-1_ZERO","바일!"
"VILE1-2_ZERO","엘리베이터와 루미네로 뭘 하려는 거냐?"
"VILE1-3_ZERO","루미네? 하하하... 걱정 마. 아주 잘 돌보고 있으니까."
"VILE1-4_ZERO","궤도 엘리베이터는 우리에게 너무 중요해서 운영자를 다치게 할 수 없지."
"VILE1-5_ZERO","그 장난감은 바일, 너 같은 이레귤러에게는 좀 복잡하겠지."
"VILE1-6_ZERO","하하하... 보고 싶었다, 제로."
"VILE1-7_ZERO","이 재회를 최대한 즐기는 게 어떠냐?"
"VILE2-1_ZERO","바일!"
"VILE2-2_ZERO","루미네를 넘겨라. 이번에는 거절을 받아들이지 않겠다."
"VILE2-3_ZERO","루미네? 네가 요구할 입장이라고 생각하는 거냐?"
"VILE2-4_ZERO","주위를 둘러봐, 바보! 너의 세계는 이미 무너지기 시작했어!"
"VILE2-5_ZERO","네가 아는 세계? 이레귤러? 다 작별이야!"
"VILE2-6_ZERO","혼돈, 파멸, 파괴! 그것이 우리가 만들어진 이유야!"
"VILE3-1_ZERO","그 ""정의"" 타령 안 질리냐?"
"VILE3-2_ZERO","시그마의 충견 노릇 안 질리냐?"
"VILE3-3_ZERO","궤도 엘리베이터... 에너지... 우주 광물... 로켓 데이터..."
"VILE3-4_ZERO","우주로 가는 길..."
"VILE3-5_ZERO","이 세계를 지탱해 온 것은 우리의 것이다!"
"VILE3-6_ZERO","모든 게 끝나려는데 이 세계를 진지하게 대할 수 있겠냐?"
"VILE3-7_ZERO","흥! 네 보스를 잡으러 가기 전에 먼저 처리해 주마!"
"VILE4-1_ZERO","그래서, 아직도 발버둥치겠다는 거냐?"
"VILE4-2_ZERO","그래도 희망이 있다고 스스로를 속이고 있는 거냐?"
"VILE4-3_ZERO","발버둥?"
"VILE4-4_ZERO","그냥 돌아설 때마다 너랑 시그마를 만나는 게 지겨울 뿐이야."
"VILE4-5_ZERO","하하하... 지금 파괴하기엔 아깝겠군."
"VILE4-6_ZERO","마지막 순간까지 기다리면서 좀 즐겨볼까."
"COPYSIGMA1_ZERO","시그마!?"
"COPYSIGMA2_ZERO","다시 만나게 되어 기대하진 않았다."
"COPYSIGMA3_ZERO","제로. 안타깝군... 넌 나처럼 될 능력과 잠재력이 있었는데."
"COPYSIGMA4_ZERO","넌... 내 DNA를 이용하려 했었지."
"COPYSIGMA5_ZERO","나를 건드리면 어떻게 되는지 가르쳐 주마!"
"COPYSIGMA6_ZERO","유감이지만, 달은 내 통제 하에 있고 계획은 최종 단계에 접어들었다."
"COPYSIGMA7_ZERO","세계가 풀려나가는 순간이 도래했다!"
"SIGMA1_ZERO","제로... 세계의 종말에서 우리가 만날 줄 누가 상상했겠냐."
"SIGMA2_ZERO","네 바이러스가 내 시스템에 침입한 순간, 씨앗이 심어졌다."
"SIGMA3_ZERO","그때 모든 것이 시작됐다... 세계의 파멸이!"
"SIGMA4_ZERO","그 헛소리는 이제 충분히 들었다, 시그마."
"SIGMA5_ZERO","화내지 마라, 제로. 사실 너에게 빚진 게 있다."
"SIGMA6_ZERO","너 덕분에 나의 자식들이 이 멋진 새로운 세계를 우주에 만들 수 있었다."
"SIGMA7_ZERO","자식들?"
"SIGMA8_ZERO","그렇다. 야코프 프로젝트에서 태어난 뉴 제너레이션 레플리로이드는 모두 내 개인 데이터가 담긴 카피 칩을 가지고 있다."
"SIGMA9_ZERO","이제, 네가 그토록 사랑하는 세계를 파괴할 계획이 드디어 결실을 맺는다!"
"SIGMA10_ZERO","너와 네 동료들을 위해 눈물을 흘리지 않겠다!"
"SIGMA11_ZERO","세계의 종말이, 그리고 네 종말이 왔다! 안녕히!"
"SIGMA12_ZERO","시그마... 내가 아직 가동하는 한, 네 해피 엔딩은 없다!!!"
"FINALLUMINE1_ZERO","루미네! 야코프 프로젝트의 책임자. 괜찮아?"
"FINALLUMINE2_ZERO","괜찮냐고...? 물론이지."
"FINALLUMINE3_ZERO","시그마를 쓰러뜨렸으니 만족스럽겠지."
"FINALLUMINE4_ZERO","너 덕분에 계획이 순조롭게 진행됐어."
"FINALLUMINE5_ZERO","계획? 무슨 뜻이야? 시그마의 사악한 계획에 이용당한 거 아니야?"
"FINALLUMINE6_ZERO","이용? 그렇지 않아."
"FINALLUMINE7_ZERO","그는 단지 내 계획을 도운 것뿐이었어."
"FINALLUMINE8_ZERO","뉴 제너레이션 레플리로이드가 각성했고, 새로운 세계가 곧 온다!"
"FINALLUMINE9_ZERO","루미네? 무슨 소리야? 너도 이레귤러가 된 거냐?"
"FINALLUMINE10_ZERO","이레귤러? 그게 아니라는 걸 알잖아?"
"FINALLUMINE11_ZERO","그래서 날 끝내지 못하는 거지? 넌 그럴 결단력이 없어... 네가 아닌 다른 누군가가 해야 하는 거지?"
"FINALLUMINE12_ZERO","뭐?"
"FINALLUMINE13_ZERO","너 같은 구형 모델은 자기 행동이 정말 자기 것인지 걱정해야 하지."
"FINALLUMINE14_ZERO","바로 지금 이 순간에도 무엇이 너에게 영향을 미치고 있을지 누가 알겠어? 유령일지도?"
"FINALLUMINE15_ZERO","하지만 우리 뉴 제너레이션 레플리로이드는 수백 대의 구형 레플리로이드 데이터를 사용해 만들어졌어."
"FINALLUMINE16_ZERO","그것이 우리에게 모든 바이러스에 대한 완전한 면역력을 부여하지. 우리는 원하는 대로 행동할 수 있어, 자유 의지가 보장되니까!"
"FINALLUMINE17_ZERO","물론 그 안에 시그마도 포함되어 있지. 내 말이 무슨 뜻인지 알겠어?"
"FINALLUMINE18_ZERO","시그마처럼 미치는 것을 선택할 레플리로이드는 없어!"
"FINALLUMINE19_ZERO","그래, 그는 너희 세계에 반역했지. 아마 바이러스 때문이었을 거야."
"FINALLUMINE20_ZERO","어쩌면 시그마가 맞았을지도. 이것의 근원은 너야, 제로."
"FINALLUMINE21_ZERO","너 덕분에 우리 뉴 제너레이션 레플리로이드가 지금의 우리가 될 수 있었어."
"FINALLUMINE22_ZERO","이 세계가 얼마나 썩었는지 알게 해준 것에 감사해야지."
"FINALLUMINE23_ZERO","인간이 레플리로이드를 이용해 저주받은 공격의 순환을 영속시키고 있다..."
"FINALLUMINE24_ZERO","그래서 구세계에 맞서 싸우기로 한 우리의 결정은 의식적으로 이루어진 거야."
"FINALLUMINE25_ZERO","다시 말해서, 우리는 자의로 이레귤러가 될 수 있는 힘을 가지고 있다!"
"FINALLUMINE26_ZERO","......"
"FINALLUMINE27_ZERO","제로... 정말로 우리를 막을 자격이 있다고 생각하느냐?"
"FINALLUMINE28_ZERO","넌 인간의 도구에 불과해. 구세계의 도구일 뿐..."
"FINALLUMINE29_ZERO","이만큼 진화한 우리 앞에 세이버를 들고 맞설 수 있다고 생각하나?"
"FINALLUMINE30_ZERO","하하하하하하하하하하! 넌 자기가 뭘 위해 싸우는지도 모르잖아!"
"FINALLUMINE31_ZERO","네 세계의 종말이 이미 시작됐다는 것도 모르는 ""영웅"" 행세를 하고 있군!"
"FINALLUMINE32_ZERO","네 행동이 정말 네 소위 ""정의""를 위한 거라고 생각해? 진정한 정의는 우리야!"
"FINALLUMINE33_ZERO","세계는 변하고 있다. 진화가 순리대로 진행되는 것은 당연한 일이다!"
"FINALLUMINE34_ZERO","자, 줄을 서서 소멸당하거라, 너의 고통을 영원히 끝내주마!"
"FINALLUMINE35_ZERO","정의? 영웅? 누가 그런 목적으로 싸운다고 했지?"
"FINALLUMINE36_ZERO","난 단지 옳다고 생각하는 것과 희망이 존재한다고 믿는 이들을 위해 싸웠을 뿐이야."
"FINALLUMINE37_ZERO","넌 적이야... 그리고 베어버리는 것도 주저하지 않겠다!"
"FINALLUMINE38_ZERO","적, 동맹... 이 문제는 그렇게 단순하지 않아."
"FINALLUMINE39_ZERO","레플리로이드는 인류와 함께 돌이킬 수 없이 변했다."
"FINALLUMINE40_ZERO","그들의 존재의 본질도 변했다. 우리의 새로운 세계에 너는 필요 없다!"
"FINALLUMINE41_ZERO","아무리 떠들어 봤자 소용없어. 이대로 놔두지 않겠다!"
"SECRET2-1_ZERO","어서 오라, 제로. 처음 만나서 반갑다."
"SECRET2-2_ZERO","응? 아, 고맙군. 다른 이레귤러와는 달라 보이는군."
"SECRET2-3_ZERO","뭔가... 평화로운 것이 느껴진다. 넌 누구냐?"
"SECRET2-4_ZERO","이렇게 빨리 알아채다니 관찰력이 좋군."
"SECRET2-5_ZERO","나는 세레나데다."
"SECRET2-6_ZERO","내가 전에 만난 상대들과 다르다고 했지?"
"SECRET2-7_ZERO","그것은 나의 압도적인 힘 때문이다."
"SECRET2-8_ZERO","압도적?"
"SECRET2-9_ZERO","그렇다. 나의 강함은 공격성이 아니다. 언더킹의 칭호를 잃은 이래 계속 수련해 왔다."
"SECRET2-10_ZERO","네 존재감을 언급했는데, 어딘가... 익숙한 느낌이 드는군."
"SECRET2-11_ZERO","흠?"
"SECRET2-12_ZERO","혹시... 우리에게 파멸을 가져올 운명인 자가 바로 너인가?"
"SECRET2-13_ZERO","뭐? 나에 대해 뭘 아는 거야? 지금 당장 말해!"
"SECRET2-14_ZERO","싸워보면 알게 되지 않겠나?"
"SECRET2-15_ZERO","20년 동안 힘을 모으고 능력을 연마해 왔다. 너를 선택해 시험하겠다."
"SECRET2-16_ZERO","세레나데, 라고 했나?"
"SECRET2-17_ZERO","좋다, 대결을 받아들이겠다. 해보자!"
"SECRET2-18_ZERO","좋다, 와라 제로! 네 힘도 보여달라!"
"SECRET2-19_ZERO","솔직히 내 힘이면 널 이길 수 있다고 생각했다. 틀렸군."
"SECRET2-20_ZERO","네 싸움 방식을 더 잘 관찰해 보니, ""그""와는 다른 것 같군."
"SECRET2-21_ZERO","강한 유사점은 있지만, 넌 무엇을 위해 싸우는지 알고 있는 것 같다."
"SECRET2-22_ZERO","나의 반대편에 해당하는 존재가 있다는 거냐?"
"SECRET2-23_ZERO","그렇다, 하지만 그는 나처럼 ""또 다른 전사""에게 패배할 것이다."
"SECRET2-24_ZERO","아름답게 싸웠다, 제로. 이 세계에서 만난 가장 강한 상대였다."
"SECRET2-25_ZERO","보상으로 줄 게 더 있으면 좋겠지만... 감사밖에 드릴 수 없다."
"SECRET2-26_ZERO","헤, 걱정할 것 없어. 네가 이레귤러가 아니라는 것만으로도 충분한 보상이야."
"SECRET2-27_ZERO","어쩌면 다른 곳에서 다시 만나게 될지도... 그때까지, 안녕히, 제로."
"SECRET2-28_ZERO","그리고 기억해라, 네가 정말 무엇을 위해 싸우고 있는지 생각해 봐."
"SECRET2-29_ZERO","..."
"SECRET3-1_ZERO","네... 네놈!"
"SECRET3-2_ZERO","오, 너였군. 액슬과 함께 우리에게 대적했었지?"
"SECRET3-3_ZERO","움직이지 마! 이 구역은 S 클래스 헌터 전용이야. 그 데이터를 지금 당장 넘겨!"
"SECRET3-4_ZERO","아직 이해 못 했나? 이것만 있으면 헌터들보다 훨씬 효율적으로 이레귤러를 사냥할 수 있다."
"SECRET3-5_ZERO","그동안 오래 싸워왔잖아. 우리가 큰 도움이 될 수 있어, 물론 대가는 있지만."
"SECRET3-6_ZERO","이레귤러와의 싸움이 게임이라도 되는 줄 아냐? 현상금 사냥꾼 따위가 왜 그런 생각을 하지?"
"SECRET3-7_ZERO","흥, 정말 S 클래스 헌터답군."
"SECRET3-8_ZERO","그럼 직접 상대해 보지 않겠나? 여전히 무자비한지 보고 싶다."
"SECRET3-9_ZERO","시작할까?"
"SECRET3-10_ZERO","쯧, 나쁘지 않군.... 구형치고는..."
"SECRET3-11_ZERO","한 번만 더 방해하면 다시 잘게 잘라주는 걸 주저하지 않겠다."
"SECRET3-12_ZERO","그리고 제자가 스승의 실수에서 배우지 못했다는 걸 알면 액슬도 실망할 거야."
"SECRET3-13_ZERO","하하하... 네 말이 맞았을지도."
"SECRET3-14_ZERO","다음에 만나면, 이렇게 쉽지 않을 거야. 안녕히, 제로.... 그리고 부탁이야, 내 아이를 계속 돌봐줘."
"SECRET3-15_ZERO","..."
"FINAL-6","알겠습니다!"
"VILE4-6_AXL","마지막 순간까지 기다리면서 좀 즐겨볼까."
"SUNFLOWER_ZERO_WEAPON","텐쇼우하\n(천조파)"
"ANTONION_ZERO_WEAPON","쥬우하잔\n(중파참)"
"MANTIS_ZERO_WEAPON","라셋츠센\n(나찰선)"
"MANOWAR_ZERO_WEAPON","라이코우센\n(뇌광섬)"
"PANDA_ZERO_WEAPON","요우단토츠\n(엽단돌)"
"TRILOBYTE_ZERO_WEAPON","렛쿄우단\n(열경단)"
"YETI_ZERO_WEAPON","효우류우쇼우\n(빙룡승)"
"ROOSTER_ZERO_WEAPON","엔코우진\n(염황진)"
"ZERONORMAL_NAME","노멀 바디"
"ZERONORMAL_DISC","특수 능력 없음."
"ZEROBLACK_NAME","???"
"ZEROBLACK_DISC","전체적으로 강화됩니다."
"NEXT_CHARACTER_NAME","다음 캐릭터"
"NEXT_CHARACTER_DISC","다음 캐릭터로 전환"
"PREV_CHARACTER_NAME","이전 캐릭터"
"PREV_CHARACTER_DISC","이전 캐릭터로 전환"
"ZEROBODY_NAME","기본 바디"
"ZEROBODY_DESC","피해 15% 감소"
"X_LEFT_TITLE_1","헤드:"
"X_LEFT_DESC_1","X 버스터용 DNA 카피 시스템"
"X_LEFT_TITLE_2","암:"
"X_LEFT_DESC_2","X-버스터 MK17, 차지 가능한 태양 에너지 발사."
"X_LEFT_TITLE_3","바디:"
"X_LEFT_DESC_3","티타늄 X 합금, 높은 내구성."
"X_LEFT_TITLE_4","레그:"
"X_LEFT_DESC_4","공중 이동을 위한 에어 대시 시스템."
"X_RIGHT_DESC","닥터 토마스 라이트의 최고 걸작. 모든 레플리로이드의 원형.\n\n원거리 공격이 가능한 올라운드 헌터.\n\n\n초보 플레이어에게 적합합니다."
"ZERO_LEFT_TITLE_1","헤드:"
"ZERO_LEFT_DESC_1","전투를 통해 새로운 기술을 습득."
"ZERO_LEFT_TITLE_2","Z-세이버:"
"ZERO_LEFT_DESC_2","다단 콤보를 위한 빔 세이버."
"ZERO_LEFT_TITLE_3","바디:"
"ZERO_LEFT_DESC_3","기동성 향상 및 강력한 기술을 위한 에너지 증폭."
"ZERO_LEFT_TITLE_4","에어 왈츠:"
"ZERO_LEFT_DESC_4","스러스터를 이용한 공중 2단 점프."
"ZERO_RIGHT_DESC","엑스 부재 시 헌터를 이끈다. 시그마 바이러스와 연관이 있다.\n\n근접전에 능숙한 강력한 헌터.\n\n숙련된 플레이어에게 적합합니다."
"AXL_LEFT_TITLE_1","카피 칩:"
"AXL_LEFT_DESC_1","액슬이 적의 능력을 카피할 수 있게 합니다."
"AXL_LEFT_TITLE_2","액슬 불릿:"
"AXL_LEFT_DESC_2","강력한 탄환을 연사합니다."
"AXL_LEFT_TITLE_3","경량 프레임:"
"AXL_LEFT_DESC_3","기동성을 높이고 회피 능력을 부여합니다."
"AXL_LEFT_TITLE_4","호버:"
"AXL_LEFT_DESC_4","공중에서 호버링이 가능합니다. (공격하면서 호버링하려면 샷 + 점프 버튼을 누르세요)"
"AXL_RIGHT_DESC","카피 칩을 장착한 뉴 제너레이션 레플리로이드 프로토타입, 출신은 아직 불명.\n\n적의 공격을 회피할 수 있는 민첩한 헌터.\n\n적응력 있는 플레이어에게 적합합니다."
"GAME_START_X","X로 시작"
"GAME_START_AXL","액슬로 시작"
"GAME_START_ZERO","제로로 시작"
"SUBTANK_NAME","서브 탱크"
"SUBTANK_DISC","비상용 예비 탱크"
"HEARTS_NAME","라이프 업"
"HEARTS_DISC","라이프 에너지를 증가시킵니다"
"BLACKZEROHEAD_NAME","블랙 헤드 파츠"
"BLACKZEROHEAD_DISC","공격 시 받은 피해를 회복합니다"
"BLACKZEROBODY_NAME","블랙 바디 파츠"
"BLACKZEROBODY_DISC","넉백 무효, 피해 15% 감소"
"BLACKZEROARM_NAME","블랙 암 파츠"
"BLACKZEROARM_DISC","데미지 20% 증가, 능력 강화"
"BLACKZEROLEG_NAME","블랙 풋 파츠"
"BLACKZEROLEG_DISC","속도 증가, 공중 추가 점프"
"AXLWHITEHEAD_NAME","화이트 헤드 파츠"
"AXLWHITEHEAD_DISC","탄환 명중 시 받은 피해를 회복합니다"
"AXLWHITEBODY_NAME","화이트 바디 파츠"
"AXLWHITEBODY_DISC","넉백 무효, 피해 30% 감소"
"AXLWHITEARM_NAME","화이트 암 파츠"
"AXLWHITEARM_DISC","탄약 소모량 50% 감소"
"AXLWHITELEG_NAME","화이트 풋 파츠"
"AXLWHITELEG_DISC","무한 호버, 속도 증가, 수직 대시"
"ULTIMATE_SET_NAME","노바 스트라이크"
"ULTIMATE_SET_DISC","관통력으로 전방 돌진"
"ICARUS_SET_NAME","기가 크래시"
"ICARUS_SET_DISC","화면의 모든 적에게 피해를 줍니다."
"HERMES_SET_NAME","X 드라이브"
"HERMES_SET_DISC","짧은 시간 동안 무적 상태가 됩니다."
"CANCEL_ACT","취소"
"BETAZERO_NAME","제로 (베타)"
"BETAZERO_DISC","베타 제로로 플레이 (게임이 크래시될 수 있음)"
"CUSTOMZERO_NAME","커스텀 제로"
"CUSTOMZERO_DISC","세이브 폴더에서 색상을 커스터마이즈, 블랙 제로보다 강력"
"ZEROHEAD_NAME","헤드 파츠"
"ZEROHEAD_DESC","새로운 기술을 습득할 수 있음"
"ZEROARMS_NAME","암 파츠"
"ZEROARMS_DISC","Z-세이버 및 기타 무장"
"ZEROLEGS_NAME","레그 파츠"
"ZEROLEGS_DISC","더블 점프 및 에어 대시 가능"
"AXLHEAD_NAME","헤드 파츠"
"AXLHEAD_DISC","다른 레플리로이드로 변신 가능."
"AXLBODY_NAME","바디 파츠"
"AXLBODY_DISC","전술 구르기가 가능합니다"
"AXLARMS_NAME","암 파츠"
"AXLARMS_DISC","에너지 탄환 발사 권총"
"AXLLEGS_NAME","레그 파츠"
"AXLLEGS_DISC","호버 및 에어 대시 가능"
"JOKE_MODE_OPTION","밈 모드"
