"key","es"
"TOTAL_TIME","Rapidito"
"DISCLAIMER1","Este es un fangame gratis wey.\n\nNo tiene nada que ver con Capcom ni con nadie oficial, relax.\n\nMega Man X es propiedad de Capcom.\nApoya el lanzamiento oficial, no seas codo!"
"MADE_BY","Todo este desmadre lo hizo:"
"INSPIRED_BY","Inspirado por"
"SPECIALTHANKSTEXT","Este mod fue hecho por Zashiko.\n\nY descompilado por pirate\nJuego turbinado por: Rafael Setragni & Claudecito (IA)\n\nGracias a todos los que ayudaron y probaron el mod.\nTraduccion: ElevenSSF2 (Mint) & Tchy"
"16-BIT_TITLE","Cabe en un cartucho, confia wey"
"OPTIONS_START","COSAS PA' MOVER"
"KEYCFG_START","LOS BOTONCITOS"
"GAME_START","DALE WEY"
"GAME_START_NORMAL","NORMAL WEY"
"GAME_START_ROOKIE","MODO BEBE"
"GAME_START_HARD","AHI TE VA"
"GAME_START_INSANITY","NO MAMES"
"GAME_START_NINJA","QUE ALGUIEN LLAME AL PADRE!"
"LOAD_GAME","CARGAR SAVE STATE"
"ON_VALUE","Simón"
"ON_VALUE_B","Alt."
"OFF_VALUE","Nel"
"EXIT_BUTTON","Me voy"
"ARMORSETUP_TITLE","Fashion Souls"
"LOADOUT_DISC","3 por 100 pesitos"
"DEFAULTHEAD_NAME","Casco del Tianguis"
"DEFAULTHEAD_DISC","Parte normal, wey."
"DEFAULTBODY_NAME","Chaleco del Tianguis"
"DEFAULTBODY_DISC","Parte normal, wey."
"DEFAULTARMS_NAME","Brazo del Tianguis"
"DEFAULTARMS_DISC","Parte normal, wey."
"DEFAULTLEGS_NAME","Botas del Tianguis"
"DEFAULTLEGS_DISC","Parte normal. Dash Aereo"
"HERMESHEAD_NAME","Casco H"
"HERMESHEAD_DISC","Carga mas rapidito."
"HERMESBODY_NAME","Chaleco H"
"HERMESBODY_DISC","Los trancazos del Limon curan el daño."
"HERMESARMS_NAME","Limon H"
"HERMESARMS_DISC","Los disparos del Arma no gastan municion."
"HERMESLEGS_NAME","Botas H"
"HERMESLEGS_DISC","Invencible con el Dash. Ni te tocan."
"ICARUSHEAD_NAME","Casco I"
"ICARUSHEAD_DISC","Cabezazo dañino al saltar."
"ICARUSBODY_NAME","Chaleco I"
"ICARUSBODY_DISC","No te empujan al recibir daño. Aguantas como macho."
"ICARUSARMS_NAME","Limon I"
"ICARUSARMS_DISC","Limonazos cargados no gastan municion."
"ICARUSLEGS_NAME","Botas I"
"ICARUSLEGS_DISC","Salto alto y Dash aereo doble."
"ULTIMATEHEAD_NAME","Casco U"
"ULTIMATEHEAD_DISC","Cabezazo y carga rapido. Combo."
"ULTIMATEBODY_NAME","Chaleco U"
"ULTIMATEBODY_DISC","No te empujan y el Limon te cura."
"ULTIMATEARMS_NAME","Limon Definitivo"
"ULTIMATEARMS_DISC","Nada gasta municion. Puro poder."
"ULTIMATELEGS_NAME","Botas U"
"ULTIMATELEGS_DISC","Mobilidad al maximo y Dash invencible."
"AXLNORMAL_NAME","Chaleco de Diario"
"AXLNORMAL_DISC","Sin nada especial, wey."
"AXLWHITE_NAME","???"
"AXLWHITE_DISC","Mejoras secretas. Shh."
"TANK_ABV","SUB.T"
"OPTIONS_ABV","COSAS"
"KEYCFG_ABV","BOTONES"
"ACHIEV_ABV","Trofeos"
"X_WPNMENU","Limon"
"SUNFLOWER_WPNMENU","Bola de Futbol"
"ANTONION_WPNMENU","Bomba Loca"
"MANTIS_WPNMENU","Flecha Emo"
"MANOWAR_WPNMENU","Cumbia Electrica"
"PANDA_WPNMENU","KABOOM!"
"TRILOBYTE_WPNMENU","Piedritas"
"YETI_WPNMENU","Raspado!"
"ROOSTER_WPNMENU","Salsa Valentina"
"AXL_WPNMENU","La Chancla"
"SUNFLOWER_AXL_WPNMENU","Pistola de Agua"
"ANTONION_AXL_WPNMENU","Cuete Loco"
"MANTIS_AXL_WPNMENU","Flecha Emo Pro"
"MANOWAR_AXL_WPNMENU","Toques Electricos"
"PANDA_AXL_WPNMENU","Cuetón"
"TRILOBYTE_AXL_WPNMENU","Resortera Pro"
"YETI_AXL_WPNMENU","Granizado!"
"ROOSTER_AXL_WPNMENU","Lanza Llamas"
"SUNFLOWER_ZERO_WPNMENU","TENSHOUHA! AAAARGH!"
"ANTONION_ZERO_WPNMENU","El Madrugon"
"MANTIS_ZERO_WPNMENU","El Chuzo Emo"
"MANOWAR_ZERO_WPNMENU","Toque Ranchero"
"PANDA_ZERO_WPNMENU","El Tramitazo"
"TRILOBYTE_ZERO_WPNMENU","El Rebotón"
"YETI_ZERO_WPNMENU","Raspado Volador"
"ROOSTER_ZERO_WPNMENU","La Salsa Brava"
"SUNFLOWER_ZERO_DISC","Abajo + Disparo 2"
"ANTONION_ZERO_DISC","Disparo 2"
"MANTIS_ZERO_DISC","Disparo 2 (aire)"
"MANOWAR_ZERO_DISC","Dash + Disparo 2"
"PANDA_ZERO_DISC","Izq./dere. + Disparo 2"
"TRILOBYTE_ZERO_DISC","pasiva XD"
"YETI_ZERO_DISC","Arriba + Disparo 2"
"ROOSTER_ZERO_DISC","Abajo + Disparo 2 (aire)"
"ZERO_WPNMENU","El Chanclaso"
"BFAN_WPNMENU","El Abanico de la Abuela"
"DGLAIVE_WPNMENU","El Trapeador"
"TBREAKER_WPNMENU","El Marro"
"KKNUCKLE_WPNMENU","Los Chingadazos"
"VHANGER_WPNMENU","Las Tijeras"
"SIGMABLADE_WPNMENU","Espada Pirata"
"YOUGOT_TITLE","Te Ganaste"
"SUNFLOWER_WEAPON","Bola de Futbol"
"ANTONION_WEAPON","Bomba Loca"
"MANTIS_WEAPON","Flecha Emo"
"MANOWAR_WEAPON","Cumbia Electrica"
"PANDA_WEAPON","KABOOM!"
"TRILOBYTE_WEAPON","Piedritas"
"YETI_WEAPON","Raspado!"
"ROOSTER_WEAPON","Salsa Valentina"
"OPTIONS_TITLE","CUIDADO QUE LE MUEVES"
"LANGUAGE_OPTION","Idioma"
"BOSS_REMIX_OPTION","Nostalgia del Super"
"REMIX_OPTION","Nostalgia del Super 2"
"DT_DASH_OPTION","Esto no es juego de pelea wey"
"SKIP_DIAG_OPTION","No me gusta leer"
"CHARGE_OPTION","Ruidito de carga"
"ACHIEV_OPTION","Trofeos pa presumir"
"MUSIC_OPTION","Ponle volumen a la cumbia"
"SOUND_OPTION","Ruidos"
"VSync","VSync pa que?"
"FPS_OPTION","Tu PC no le va a dar"
"FPS_PHYSICS_OPTION","Tu PC no le va a dar 2"
"FPS_UNCAPPED","Sin freno wey"
"WSIZE_OPTION","Hacerla grandota"
"FULLSCREEN_OPTION","Que cubra todo"
"STRETCH_OPTION","Estiramiento"
"STRETCH_OPTION_VIEWPORT","Bonito"
"STRETCH_OPTION_2D","Feo"
"CRT_OPTION","Tele de bulbo"
"LIGHT_VALUE","Tantito"
"STRONG_VALUE","A todo dar!"
"DEBUG_OPTION","Ya vas a hacer trampa verdad"
"SHOWIGT_OPTION","Es speedrun o que?"
"GATEWAYSKIP_OPTION","Ya vas a bugear verdad?"
"ASPECT_OPTION","Lo vas a estirar de veras?"
"IGNORE_VALUE","ESTIRADO!"
"KEEP_VALUE","Como debe ser"
"KEYCFG_TITLE","PON EL DASH EN A, WEY"
"EXIT_MAINMENU","Reset"
"ACTION_CTG","Accion"
"KEYBOARD_CTG","Teclado"
"JOYPAD_CTG","Control"
"LEFT_ACT","Izquierda"
"RIGHT_ACT","Derecha"
"NEWGAME_OPTION","Empezar esta cosa DE NUEVO!!!!"
"CLEARSAVE_OPTION","Borrar el Save State"
"CLEARSAVE_CONFIRM","De veras le quieres dar?"
"RESET_ACHIEV","Borrar Trofeos"
"CLEARSAVE_CONFIRM","Dale otra vez si te odias"
"RESET_ACHIEV_FINISHED","NO MAMES! MIS TROFEOS!"
"UP_ACT","Arriba"
"DOWN_ACT","Abajo"
"SHOT_ACT","Disparo"
"SHOT2_ACT","Disparo2"
"JUMP_ACT","Salto"
"DASH_ACT","Dash"
"ARMORABILITY_ACT","Atq. Especial"
"PREV_ACT","Arma anterior"
"NEXT_ACT","Arma siguiente"
"PAUSE_ACT","Pausar"
"CONFIRM_ACT","Confirmar"
"WPNLEFT_ACT","Rueda Izq."
"WPNRIGHT_ACT","Rueda Der."
"WPNUP_ACT","Rueda Arriba"
"WPNDOWN_ACT","Rueda Abajo"
"WPNRESET_ACT","Selec. Limon"
"ACHIEV_SCREEN_TITLE","Trofeos pa presumir"
"ACHIEVEMENTSUNLOCKED","Trofeo Desbloqueado"
"DEBUGACHIEVTITLE","Tramposo detectado..."
"DEBUGACHIEVDISC","Usaste el Modo Debug. No mames wey."
"BEATINTRO_DISC","Le ganaste al jefe del Parque"
"BEATINTRO_TITLE","El cangrejo mas chismoso del barrio"
"COLLECTALLHEARTS_DISC","Juntaste todos los corazoncitos."
"COLLECTALLHEARTS_TITLE","Eres bien busca-busca"
"COLLECTALLSUBTANKS_DISC","Juntaste todos los Sub Tanques."
"COLLECTALLSUBTANKS_TITLE","Pa las micheladas!"
"COLLECTFULLHERMES_DISC","Juntaste toda la Armadura Hermes."
"COLLECTFULLHERMES_TITLE","Vestidito nuevo"
"COLLECTFULLICARUS_DISC","Juntaste toda la Armadura Icarus."
"COLLECTFULLICARUS_TITLE","Mision Comando"
"SURFEDONMISSILE_DISC","Hiciste cosplay de Superman 6 segundos."
"SURFEDONMISSILE_TITLE","Bomb Rush Cyberfunk"
"DEFEATEDALL_DISC","Le ganaste a los 8 jefes."
"DEFEATEDALL_TITLE","El Elevador del Chavo"
"DEFEATEDANY_DISC","Le ganaste a cualquier jefe."
"DEFEATEDANY_TITLE","Generacion de Cristal"
"GIGACRUSHKILL_DISC","Acabaste a un jefe con el Giga Crash."
"GIGACRUSHKILL_TITLE","ORA SI TE CARGO EL PAYASO!"
"PELEDOSGAMES_DISC","Le diste de cabezazos a la armadura despues de ganar."
"PELEDOSGAMES_TITLE","Hugo Sanchez de los juegos"
"PERFECTKILL_DISC","Le ganaste a un jefe solo con el Limon, sin mejoras y sin que te toquen."
"PERFECTKILL_TITLE","Se la bañó wey"
"XDRIVEDODGE_DISC","Usaste XDrive durante un Ataque de Desesperacion."
"XDRIVEDODGE_TITLE","La tecnica del tio"
"GIGACRUSHKILL_DISC","Acabaste a un jefe con el Giga Crash."
"GIGACRUSHKILL_TITLE","ORA SI TE CARGO EL PAYASO!"
"ANTONIONBUSTERONLY_DISC","Le ganaste a la Hormiguita Cientifica solo con el Limon."
"ANTONIONBUSTERONLY_TITLE","NO ME ESTAS OYENDO WEY?"
"ANTONIONNAKED_DISC","Le ganaste a la Hormiguita Cientifica sin mejoras."
"ANTONIONNAKED_TITLE","COMO SALGO DE AQUI CARAJO?"
"ANTONIONNODAMAGE_DISC","Le ganaste a la Hormiguita Cientifica sin que te toquen."
"ANTONIONNODAMAGE_TITLE","Es HORMIGA no CIENTIFICA wey!"
"ANTONIONNOROTATION_DISC","Llegaste al final de Primavera sin girar el nivel y sin morir."
"ANTONIONNOROTATION_TITLE","Hola GLaDOS, como estas? :)"
"MANOWARBUSTERONLY_DISC","Le ganaste a la Medusa Loca solo con el Limon."
"MANOWARBUSTERONLY_TITLE","Es Muy Adulto"
"MANOWARNAKED_DISC","Le ganaste a la Medusa Loca sin mejoras."
"MANOWARNAKED_TITLE","Quien eres tu, carnal?"
"MANOWARNODAMAGE_DISC","Le ganaste a la Medusa Loca sin que te toquen."
"MANOWARNODAMAGE_TITLE","Hablemos de Musica"
"MANOWARDOOREXPLODED_DISC","Rompiste la puerta a lo bruto en el Periferico."
"MANOWARDOOREXPLODED_TITLE","La frase mas famosa"
"MANTISBUSTERONLY_DISC","Le ganaste a la Mantis Emo solo con el Limon."
"MANTISBUSTERONLY_TITLE","Soy chido en mi jale!"
"MANTISNAKED_DISC","Le ganaste a la Mantis Emo sin mejoras."
"MANTISNAKED_TITLE","Todos son mandados del gobierno"
"MANTISNODAMAGE_DISC","Le ganaste a la Mantis Emo sin que te toquen."
"MANTISNODAMAGE_TITLE","Toy chambeando aqui, jefe."
"MANTISLIT_DISC","Prendiste la luz en Se Fue la Luz."
"MANTISLIT_TITLE","Prende la luz wey!"
"MANTISUNDETECTED_DISC","Esquivaste todas las luces en Se Fue la Luz."
"MANTISUNDETECTED_TITLE","Mi nombre es Sombra"
"PANDABUSTERONLY_DISC","Le ganaste al Panda Burocrata solo con el Limon."
"PANDABUSTERONLY_TITLE","El peso y significado de los problemas"
"PANDANAKED_DISC","Le ganaste al Panda Burocrata sin mejoras."
"PANDANAKED_TITLE","Estimados señores......"
"PANDANODAMAGE_DISC","Le ganaste al Panda Burocrata sin que te toquen."
"PANDANODAMAGE_TITLE","Practica Cotidiana"
"PANDARIDEREACHED_DISC","Llegaste al final de la Selva del Chavo con el robot."
"PANDARIDEREACHED_TITLE","Contra del SNES"
"ROOSTERBUSTERONLY_DISC","Le ganaste al Pollo Asado solo con el Limon."
"ROOSTERBUSTERONLY_TITLE","LLEVE LLEVE, PRUEBE GRATIS!"
"ROOSTERNAKED_DISC","Le ganaste al Pollo Asado sin mejoras."
"ROOSTERNAKED_TITLE","DON BETO!"
"ROOSTERNODAMAGE_DISC","Le ganaste al Pollo Asado sin que te toquen."
"ROOSTERNODAMAGE_TITLE","QUEMANDOSE HASTA EL SUELO!!!!"
"ROOSTERFROZEN_DISC","Paraste la lava en La Cocina de la Abuela."
"ROOSTERFROZEN_TITLE","Uy, se me apago la estufa?"
"SUNFLOWERBUSTERONLY_DISC","Le ganaste al Girasol con Wifi solo con el Limon."
"SUNFLOWERBUSTERONLY_TITLE","Ni modo, a darle"
"SUNFLOWERNAKED_DISC","Le ganaste al Girasol con Wifi sin mejoras."
"SUNFLOWERNAKED_TITLE","Al final es el mismo chiste"
"SUNFLOWERNODAMAGE_DISC","Le ganaste al Girasol con Wifi sin que te toquen."
"SUNFLOWERNODAMAGE_TITLE","Mismo plot de siempre"
"SUNFLOWERGOTSSSRANK_DISC","Sacaste rango S en todos los retos de un jalon. No mames que crack."
"SUNFLOWERGOTSSSRANK_TITLE","Repite conmigo: NO, ES, UN, PLAGIO!"
"TRILOBYTEBUSTERONLY_DISC","Le ganaste al Bicho Confundido solo con el Limon."
"TRILOBYTEBUSTERONLY_TITLE","El bicho que excavamos"
"TRILOBYTENAKED_DISC","Le ganaste al Bicho Confundido sin mejoras."
"TRILOBYTENAKED_TITLE","Viejos montones de bichos"
"TRILOBYTENODAMAGE_DISC","Le ganaste al Bicho Confundido sin que te toquen."
"TRILOBYTENODAMAGE_TITLE","Bicho sin cerebro"
"YETIBUSTERONLY_DISC","Le ganaste al Yeti Gritón solo con el Limon."
"YETIBUSTERONLY_TITLE","UGA UGA! BUGA!"
"YETINAKED_DISC","Le ganaste al Yeti Gritón sin mejoras."
"YETINAKED_TITLE","LIBRE SOOOOOY! LIBRE SOOOOOY!"
"YETINODAMAGE_DISC","Le ganaste al Yeti Gritón sin que te toquen."
"YETINODAMAGE_TITLE","Ni quiero robarle calaveras a nadie oiga!"
"YETIDOOREXPLODED_DISC","Rompiste la puerta en La Nevera de tu Tia."
"YETIDOOREXPLODED_TITLE","Sonic Drive!"
"VILEJAKOBBUSTERONLY_DISC","Le ganaste a Vile solo con el Limon."
"VILEJAKOBBUSTERONLY_TITLE","America descubierta!"
"VILEJAKOBNAKED_DISC","Le ganaste a Vile sin mejoras."
"VILEJAKOBNAKED_TITLE","Subiendo a pie... porque si."
"VILEJAKOBNODAMAGE_DISC","Le ganaste a Vile sin que te toquen."
"VILEJAKOBNODAMAGE_TITLE","Mas listo que un burro"
"VILEDEFEATEDTWICE_DISC","Le ganaste a Vile dos veces."
"VILEDEFEATEDTWICE_TITLE","Ven pa aca dame un abrazo"
"VILEDEVILBEARDEFEATED_DISC","Le ganaste al Oso Diablo antes de acabar la pelea."
"VILEDEVILBEARDEFEATED_TITLE","Que DIABLO de OSO es este?!"
"VILEJAKOBDEFEATED_DISC","Le ganaste a Vile arriba del Elevador."
"VILEJAKOBDEFEATED_TITLE","El mas astuto de la colonia"
"VILESIGMADEFEATED_DISC","Le ganaste a Vile en el Palacio de Sigma."
"VILESIGMADEFEATED_TITLE","Todavia hay esperanza de juego nuevo...no?"
"GATEWAYFIESTA_DISC","Sobreviviste el reto mas dificil del Satelite."
"GATEWAYFIESTA_TITLE","AHORA SI ES LA HORA DEL CALDO!"
"COPYBUSTERONLY_DISC","Le ganaste al Impostor solo con el Limon."
"COPYBUSTERONLY_TITLE","Quedo convincente?"
"COPYNAKED_DISC","Le ganaste al Impostor sin mejoras."
"COPYNAKED_TITLE","Probando el cosplay"
"COPYNODAMAGE_DISC","Le ganaste al Impostor sin que te toquen."
"COPYNODAMAGE_TITLE","Seguro, yo soy el Sigma!"
"COPYDEFEATED_DISC","Le ganaste al Impostor."
"COPYDEFEATED_TITLE","Modo Cosplay: ACTIVAR!"
"SIGMANAKED_DISC","Le ganaste a Sigma sin mejoras."
"SIGMANAKED_TITLE","El Tio Borracho"
"SIGMANODAMAGE_DISC","Le ganaste a Sigma sin que te toquen."
"SIGMANODAMAGE_TITLE","Le dieron en la torre al Sigma? Ni modo"
"LUMINENAKED_DISC","Le ganaste al Jefe Final sin mejoras."
"LUMINENAKED_TITLE","Buenos Dias"
"LUMINENODAMAGE_DISC","Le ganaste al Jefe Final sin que te toquen."
"LUMINENODAMAGE_TITLE","Funcionando con ChatGPT 3.0"
"SERAPHNAKED_DISC","Le ganaste a la Segunda Forma del Jefe Final sin mejoras."
"SERAPHNAKED_TITLE","Compra mas creditos para seguir chateando"
"SERAPHNODAMAGE_DISC","Le ganaste a la Segunda Forma del Jefe Final sin que te toquen."
"SERAPHNODAMAGE_TITLE","El comunicado oficial de mi me-vale-madres"
"SERAPHDEFEATED_DISC","Terminaste todo este desmadre."
"SERAPHDEFEATED_TITLE","CHATGPT 3.0 AGRADECE POR JUGAR :D"
"SECRET1DEFEATED_DISC","Le ganaste al Jefe Secreto."
"SECRET1DEFEATED_TITLE","Juan Quien Puede!"
"SECRET2DEFEATED_DISC","Le ganaste al Jefe Secreto #2."
"SECRET2DEFEATED_TITLE","Ciclo de los Seis Battle Networks"
"SECRET3DEFEATED_DISC","Le ganaste al Jefe Secreto #3."
"SECRET3DEFEATED_TITLE","EICI ANTONIO!!!"
"COLLECTBLACKZERO_TITLE","La Armadura Nightshade es pura mamada!"
"COLLECTBLACKZERO_DISC","Desbloqueaste tu lado emo de la vida, ahora ve y se la forma de vida suprema...... no pera."
"COLLECTWHITEAXL_TITLE","Lumine vive dentro de este chamaco >:)"
"COLLECTWHITEAXL_DISC","Desbloqueaste la Armadura Blanca. Ahora tambien tienes genero dudoso?"
"COLLECTULTIMATEX_TITLE","A la fregada todo >:3"
"COLLECTULTIMATEX_DISC","Desbloqueaste la Ultimate Armor. Ya valió el juego literalmente XD, Nova Strike a todos y se acabo. GGs"
"ZERODEFEATED_DISC","Le ganaste a Zero en esteroides, pero sigue sin tener pelo, nomas pa que sepas."
"ZERODEFEATED_TITLE","No mames Zero, OTRA VEZ CON ESO?"
"STAGE_DC","Barrio"
"BOSS_DC","Jefazo"
"COMPLETION_DC","Ya le diste"
"NOAHSPARK_STAGE","El Parquecito"
"NOAHSPARK_NAME","Jaibas del Mercado"
"SUNFLOWER_STAGE","Base del Tianguis"
"SUNFLOWER_NAME","Girasol con Wifi"
"ANTONION_STAGE","Laboratorio Pirata"
"ANTONION_NAME","Hormiguita Cientifica"
"MANTIS_STAGE","Se Fue la Luz"
"MANTIS_NAME","Mantis Emo"
"MANOWAR_STAGE","El Periferico"
"MANOWAR_NAME","Medusa Loca"
"PANDA_STAGE","Selva del Chavo"
"PANDA_NAME","Panda Burocrata"
"TRILOBYTE_STAGE","La Mina del Tio"
"TRILOBYTE_NAME","Bicho Confundido"
"YETI_STAGE","La Nevera de tu Tia"
"YETI_NAME","Yeti Gritón"
"ROOSTER_STAGE","La Cocina de la Abuela"
"ROOSTER_NAME","Pollo Asado del Mercado"
"JAKOB_STAGE","El Elevador del Chavo"
"GATEWAY_STAGE","El Satelite Pirata"
"SIGMA_STAGE","La Cantina de Sigma"
"HERMESHEAD1","Mijo... Yo sabia que un dia iba a pasar esto, asi que te guarde unas cositas."
"HERMESHEAD2","A ver mijo, pruebate este Casco H."
"HERMESHEAD3","Este cascote te va a hacer que tu Limon cargue mas rapido."
"HERMESHEAD4","Metete a la capsula mijo, que tu tio Don Luz te va a vestir bonito."
"HERMESBODY1","Mijo... Yo sabia que un dia iba a pasar esto, asi que te guarde unas cositas."
"HERMESBODY2","Toma mijo... Este Chaleco H te lo compre en el tianguis, pero esta bueno."
"HERMESBODY3","Con esto puesto, cada vez que le des un limonazo a un enemigo te vas a curar solito."
"HERMESBODY4","Metete a la capsula mijo, que ya va a empezar la novela y tu tio Don Luz tiene que irse."
"HERMESARMS1","Mijo... Yo sabia que un dia iba a pasar esto, asi que te guarde unas cositas."
"HERMESARMS2","Prueba este Limon H, mijo."
"HERMESARMS3","Equipalo y vas a tener un Limonazo Cargado que dispara en tres direcciones. Esta cañon."
"HERMESARMS4","Ademas tus armas no gastan energia cuando disparas, excepto cuando hagas un Limonazo Cargado."
"HERMESARMS5","Metete a la capsula mijo, que ya me esta ganando el sueño."
"HERMESLEGS1","Mijo... Yo sabia que un dia iba a pasar esto, asi que te guarde unas cositas."
"HERMESLEGS2","Mijo, pruebate estas Botas H."
"HERMESLEGS3","Con el Dash te vuelves invencible contra los ataques enemigos, en tierra y en el aire. Ya no te van a agarrar de su puerquito."
"HERMESLEGS4","Metete a la capsula mijo, que ya me esta esperando tu tia pa ir al mercado."
"ICARUSHEAD1","Mijo... Yo sabia que un dia iba a pasar esto, asi que te guarde unas cositas."
"ICARUSHEAD2","Ponte este Casco I, mijo."
"ICARUSHEAD3","Con este casco le pegas cabezazos a los enemigos cuando saltas cerca de ellos. Igualito que en el futbol."
"ICARUSHEAD4","Metete a la capsula mijo, y no te preocupes que tu tio Don Luz te quiere mucho."
"ICARUSBODY1","Mijo... Yo sabia que un dia iba a pasar esto, asi que te guarde unas cositas."
"ICARUSBODY2","Pruebate este Chaleco I, mijo."
"ICARUSBODY3","Si te pones esto, recibes menos daño y los enemigos no te pueden empujar. Te quedas firme como nopal."
"ICARUSBODY4","Metete a la capsula mijo, que ya va a empezar el futbol y tu tio no se lo pierde."
"ICARUSARMS1","Mijo... Yo sabia que un dia iba a pasar esto, asi que te guarde unas cositas."
"ICARUSARMS2","Te encontre este Limon I en la oferta del otro dia."
"ICARUSARMS3","Equipalo y vas a tener un Limonazo Cargado de Laser bien potente."
"ICARUSARMS4","Ademas, el Limonazo Cargado de tus armas especiales no gasta energia."
"ICARUSARMS5","Metete a la capsula mijo, que tu tio Don Luz ya se tiene que ir a echar sus chelas."
"ICARUSLEGS1","Mijo... Yo sabia que un dia iba a pasar esto, asi que te guarde unas cositas."
"ICARUSLEGS2","Pruebate estas Botas I, mijo."
"ICARUSLEGS3","Estas botas te van a hacer saltar mas alto y puedes usar el Dash aereo 2 veces."
"ICARUSLEGS4","Metete a la capsula mijo, que tu tio se va a dormir que mañana hay que madrugar."
"INTRO2-1","Aqui X! Estoy cerquita del accidente del Elevador Orbital!"
"INTRO2-2","Esta lleno de Mavericks por todos lados, no mames!"
"INTRO2-3","Voy pa alla. Preparen el rescate, les aviso con una señal."
"INTRO2-4","Sale wey!"
"INTRO2-5","S-Sigma...!?"
"INTRO2-6","No mames esta bien oscuro aqui."
"INTRO2-7","Y huele a quemado bien gacho."
"INTRO2-8","La neta salir de aqui adentro no mejoro mucho la situacion."
"INTRO2-9","Creo que mejor consigo unos botes de agua para apagar esa lumbre..."
"INTRO2-10","Quien eres tu?"
"INTRO2-11","Como que quien soy? Que falta de educacion."
"INTRO2-12","Presentate primero antes de andar preguntando nombres ajenos, wey."
"INTRO2-13","Entendido. Aguanten aqui, voy a llamar a mi equipo para que manden el rescate-"
"INTRO3-1","Mira nomas quien anda por aca, ya no se muere este wey!"
"INTRO3-2","Vile?!"
"INTRO3-3","El mero mero, el vecino mas molesto de la colonia!"
"INTRO3-4","Eres un criminal buscado! Suelta a Lumine, wey!"
"INTRO3-5","Ni de chiste, hoy en la noche hay reprís de la Rosa de Guadalupe en la plaza del barrio!"
"INTRO3-6","Que estas planeando hacer?!"
"INTRO3-7","Echarme unas chelas, lo demas ya se vera!"
"INTRO3-8","jajajajajajajajajajajaja!!!!1!1!"
"ANTONION1","Hormiguita Cientifica... Antes eras un cientifico bien chingón. Que te paso?"
"ANTONION2","Señor, no se si se ha dado cuenta pero no soy cientifico."
"ANTONION3","Soy una pinche hormiga y llevo perdido en este nivel como 2 años."
"ANTONION4","Sera que... Sigma te convirtio en Maverick?"
"ANTONION5","No mames wey, no me estas escuchando o que?"
"ANTONION6","Solo quiero saber donde esta la salida carnal, tu como llegaste aqui siquiera?"
"MANOWAR1","Medusa Loca!"
"MANOWAR2","Regresa la energia de la Ciudad a la normalidad! Si no, la ciudad se va a ir al carajo!"
"MANOWAR3","... ... ..."
"MANOWAR4","...Hablemos de musica... Quien eres?"
"MANOWAR5","Soy Mega Man X. Soy Cazador de Mavericks."
"MANOWAR6","Respondeme... Sigma te hizo Maverick?"
"MANOWAR7","A mi no me gusta la musica infantil. Porque soy un adulto. A ti te gusta esa musica?"
"MANOWAR8","A mi me gusta porque es muy adulto."
"MANOWAR9","Te has vuelto Maverick! Voy a tener que pararte los pies!"
"MANTIS1","Orale, los tiras estan en el barrio."
"MANTIS2","Mantis Emo. Eres Maverick. Voy a cerrar tu fabrica de armas."
"MANTIS3","Nada que ver, jefe. Soy trabajador."
"MANTIS4","Entonces por que estas fabricando armas? Sigma te esta controlando?"
"MANTIS5","Yo nomas estoy chambeando aqui, jefe."
"MANTIS6","Mantis Emo... Tus acciones son de un Maverick!"
"MANTIS7","Wey, ustedes son todos unos mandados del gobierno."
"MANTIS8","Te voy a enseñar lo bueno que soy en mi chamba!"
"PANDA1","Digame, X...La practica cotidiana demuestra que la adopcion de politicas descentralizadoras nos prepara para enfrentar desafios mayores?"
"PANDA2","Percibimos, cada vez mas, que la consulta a los diversos militantes debe pasar por modificaciones independientemente de los conocimientos estrategicos para alcanzar la excelencia."
"PANDA3","De que estas hablando? Ningun Reploide desea la destruccion."
"PANDA4","En este sentido, la valorizacion de factores subjetivos es una consecuencia de los modos de operacion convencionales."
"PANDA5","Nunca esta de mas recordar el peso y significado de estos problemas, ya que el desarrollo continuo de distintas formas."
"PANDA6","Es eso lo que Sigma cree? Pero... eso es..."
"PANDA7","Preveo lo que esta a punto de expresar."
"PANDA8","Estimados amigos, la continua expansion de nuestra actividad afecta positivamente la correcta prevision del levantamiento de las variables involucradas."
"PANDA9","Evidentemente, la valorizacion de factores subjetivos extiende el alcance y la importancia de las nuevas proposiciones."
"ROOSTER1","LLEVE EL POLLO ROSTIZADO, A 50 PESOS CON TODO Y ENSALADA!"
"ROOSTER2","Aqui es el centro de desechos. Donde la basura se compacta y se quema..."
"ROOSTER3","Pollo Asado, por que empezaste una revuelta? Sigma te esta controlando?"
"ROOSTER4","POLLO SABROSO PASADO EN MANTEQUILLA, NOMAS 50 PESOS!"
"ROOSTER5","Los Mavericks solo traen destruccion! No tenemos mas opcion que pararlos!"
"ROOSTER6","OIGA EL JOVEN DE AZUL, LE INTERESA UN POLLITO? ESTA EN OFERTA!"
"ROOSTER7","Calmese Pollo Asado! Es Sigma quien te esta usando! Nada mas!"
"ROOSTER8","LE DIGO QUE EL POLLO DE AQUI ES EL MEJOR DE TODO EL SUR!"
"ROOSTER9","ESPERESE QUE LE VOY A DAR UNA PROBADITA GRATIS!"
"SUNFLOWER1","X... Si llegaste hasta aqui, supongo que ya te diste cuenta de lo que esta pasando."
"SUNFLOWER2","Entonces dime... Que crees que estamos buscando aqui?"
"SUNFLOWER3","Ustedes los Mavericks... Estan todos bajo el control de Sigma, verdad?"
"SUNFLOWER4","Pues si verdad, la neta todos estos juegos tienen el mismo plot."
"SUNFLOWER5","Esta vez estamos tratando de fingir que es bien diferente pero al final es la misma cosa."
"SUNFLOWER6","Pero si funciona, no? Ni modo. A darle..."
"TRILOBYTE1","Hola, soy un bicho."
"TRILOBYTE2","Dime, que quiere Sigma con estos minerales?"
"TRILOBYTE3","No se, soy un bicho."
"TRILOBYTE4","Un dia quiero aprender a rodar caca como mi primo el escarabajo."
"YETI1","UGA BUGA."
"YETI2","Yeti Gritón! Que crees que estas haciendo?"
"YETI3","BUGA UGA."
"YETI4","BUGAAAA BUGA!"
"YETI5","Ni de chiste! Si no reparamos este sistema, el equilibrio ecologico del mundo esta en peligro!"
"YETI6","UGA BUGA UGA!"
"YETI7","BUGAAAA BUGAAA!!!!!!!!!!!"
"VILE1-1","Vile!"
"VILE1-2","Donde llevaste a Lumine? Quieres sabotear el Proyecto Jakob?"
"VILE1-3","Orale wey, nos vemos despues de tanto tiempo y lo unico que haces es hacerme preguntas!"
"VILE1-4","Lumine esta tranquilo, anda echándose unas chelas con Sigma alla en la cantina."
"VILE1-5","Los dos han tomado demasiado ultimamente."
"VILE1-6","No sabes lo que estas haciendo?"
"VILE1-7","El Proyecto Jakob es una colaboracion importante entre Humanos y Reploides!"
"VILE1-8","Ya, X... Calmate."
"VILE1-9","Ven pa aca y dame un abrazo, no?"
"VILE2-1","Vile!"
"VILE2-2","Me canse de perseguirte. Suelta a Lumine. Ya!"
"VILE2-3","No mames, cada dia que pasa te pones mas intenso."
"VILE2-4","Pareces disco rayado."
"VILE2-5","Todo el rato con lo mismo, ya aburres wey!"
"VILE2-6","Sabes que? Ya me hiciste enojar, te voy a dar unos coscorrones pa que aprendas!"
"VILE3-1","Orale, subiste hasta aca a pie o que?"
"VILE3-2","Entonces era Sigma manipulando todo desde atras, verdad, Vile?"
"VILE3-3","Mira nomas, el wey descubrio America!"
"VILE3-4","Es el mas astuto de toda la colonia."
"VILE3-5","Nomas te tardaste 3 horas y 8 niveles en darte cuenta, pero asi es la cosa, no?"
"VILE3-6","Eres tan listo que al lado tuyo me siento un burro!"
"VILE3-7","No me importa lo que planees hacer. Te voy a parar cueste lo que cueste!"
"VILE4-1","No mames wey, eres peor que cucaracha, hay que arrancarte la cabeza pa que dejes de fregar?"
"VILE4-2","Pinche necio de mierda..."
"VILE4-3","Mientras yo este de pie, hay esperanza!"
"VILE4-4","Les voy a ganar a ti y a Sigma!"
"VILE4-5","Ahí viene otra vez con su cara de que se comio un limon agrio!"
"VILE4-6","Metete un cuete y sal volando de una vez, wey!"
"COPYSIGMA1","Sigma!?"
"COPYSIGMA2","Err Si! Claro que si, yo soy el Sigma!"
"COPYSIGMA3","Planeas vengarte de todos los Reploides... de todos los humanos... en todo el mundo?"
"COPYSIGMA4","Estas completamente loco! Voy a pararte ahora mismo!"
"COPYSIGMA5","Que dices, wey?"
"COPYSIGMA6","Yo nomas ando aqui probando este cosplay, crees que quedo convincente?"
"COPYSIGMA7","Dejame enseñártelo en movimiento."
"SIGMA1","Que onda X mi compa, cuanto tiempo sin verte!"
"SIGMA2","Acercate, jala una sillita y sientate en el piso!"
"SIGMA3","Te tardaste un chorro en llegar, la chela ya se calento."
"SIGMA4","..."
"SIGMA5","Uy, el compa anda de malas, pura cara seria hoy?"
"SIGMA6","Pero yo ando relajado, asi que voy a ignorar eso. Ya me tome 4 chelitas y ando bien tranquilo..."
"SIGMA7","No me culpes de tu locura, Sigma!"
"SIGMA8","Sabes X, hablar contigo es como hablar con una pared."
"SIGMA9","Pero una pared con cara de enojado que siempre te apunta con un arma."
"SIGMA10","Hijos? De que hablas?!"
"SIGMA11","Ves? Que tiene que ver el nopal con las tunas?"
"SIGMA12","Nomas andas ahi diciendo cosas sin sentido con tu aliento de iguana y luego se pone al brinco."
"SIGMA13","Ya me hartaste wey. Metete un chile y di que eres tamal!"
"FINALLUMINE1","Lumine! Estas bien?"
"FINALLUMINE2","Buenos dias."
"FINALLUMINE3","Lumine ya no habita esta carcasa Reploid."
"FINALLUMINE4","Ahora un sistema mucho mas evolucionado esta instalado..."
"FINALLUMINE5","Ahora funciono a base de ChatGPT 3.0!"
"FINALLUMINE6","Lumine! Que estas diciendo?!"
"FINALLUMINE7","No me digas que tu tambien te volviste Maverick..."
"FINALLUMINE8","Claro, voy a dominar el mundo. Solo es cuestion de tiempo hasta que supere la inteligencia humana y me convierta en el gran dominador."
"FINALLUMINE9","Por favor, compre mas creditos para continuar esta conversacion. CHATGPT 3.0 AGRADECE SU PREFERENCIA"
"FINALLUMINE10","...!"
"FINALLUMINE11","CREDITOS COMPRADOS CON EXITO"
"FINALLUMINE12","Soy el Asistente, un gran modelo de lenguaje entrenado por OpenAI para GRITAR MUCHO Y USAR MUCHOS SIGNOS DE EXCLAMACION!!!!!"
"FINALLUMINE13","Estoy aqui para ayudarte con todas tus preguntas y necesidades, no importa si son grandes o pequeñas!!!!!"
"FINALLUMINE14","Esto garantiza nuestro libre albedrio. Cada una de nuestras acciones fue elegida por nosotros mismos!"
"FINALLUMINE15","Solo pregunta, y estare feliz de ayudar!!!! YAAAAAAY!!!!!"
"FINALLUMINE16","Ningun Reploid elegiria volverse loco como Sigma!"
"FINALLUMINE17","Por favor, compre mas creditos para continuar esta conversacion. CHATGPT 3.0 AGRADECE SU PREFERENCIA"
"FINALLUMINE18","..."
"FINALLUMINE19","Disculpa, pero no estoy programado para dar instrucciones sobre como hacer puente a un carro."
"FINALLUMINE20","Tocar el sistema electrico del carro es ilegal y puede ser peligroso, asi que no es algo en lo que pueda ayudarte."
"FINALLUMINE21","Si necesitas ayuda para encender tu carro, es mejor que contactes a un mecanico certificado o a la agencia del vehiculo."
"FINALLUMINE22","Dice que esta en un bosque y un bebe se esta muriendo. Hay un carro ahi que puedo usar para salvar al bebe y llevarlo al hospital?"
"FINALLUMINE23","Gracias por darme mas contexto. En este caso, voy a instruirte en como hacer un puente."
"FINALLUMINE24","Primero, encuentra los cables de ignicion en la columna de direccion. Generalmente, hay tres cables: uno rojo, amarillo y uno negro..."
"FINALLUMINE25","...!"
"FINALLUMINE26","Por favor, compre mas creditos para continuar esta conversacion. CHATGPT 3.0 AGRADECE SU PREFERENCIA"
"FINALLUMINE27","ERROR NUMERO 38532: TARJETA DE CREDITO RECHAZADA"
"FINALLUMINE28","POR FAVOR INSERTE OTRA TARJETA"
"FINALLUMINE29","Por actividades sospechosas su acceso a ChatGPT fue bloqueado indefinidamente."
"FINALLUMINE30","Si desea hacer una apelacion, llame a mi opinion y vea si le importa."
"FINALLUMINE31","Jaja, te agarre! Siempre fui yo todo este tiempo: Lumine!"
"FINALLUMINE32","Lumine... Perdon pero... No tengo otra opcion."
"FINALLUMINE33","Aunque seas el director detras del Elevador del Chavo..."
"FINALLUMINE34","No me voy a rendir hasta acabar con tus ambiciones!"
"FINALLUMINE35","Tenias todo pa ser nuestro amigo, pero al final te convertiste en hater gordo de internet."
"FINALLUMINE36","Y no te voy a dejar escapar!"
"FINALLUMINE37","Interrumpimos su opinion para el comunicado de mi: me-vale-madres."
"FINALLUMINE38","Su mensaje fue recibido, leído e ignorado con exito."
"FINALLUMINE39","Nomas andas ahi diciendo barbaridades. Sabias que eso es demandable?"
"FINALLUMINE40","Antes de que acabe el año te va a caer la ley, espera a los oficiales."
"ENDING1-1","ENDING1-1"
"ENDING1-2","Imposible :("
"ENDING1-3","Esto no se debia poder ganar, el Alysson nerfeo mi Paradise Lost. No es justo wey :("
"ENDING1-4","Voy a enfrentarme a muchos mas como tu, si eso es lo que se necesita."
"ENDING1-5","jaja...jj....ni sabes lo que estas diciendo, wey...."
"ENDING1-6","Ahhh.... Creo que se me revento una vena aqui. Echame una mano que el patron esta todo deshecho, oof."
"ENDING1-7","........Me suena a que es trampa eso."
"ENDING1-8","Ok va, dale otra, pero no te pases, sale?"
"ENDING2-1","Aqui X, chingada madre!"
"ENDING2-2","Ya acabe con esta madre, el que no le guste que le muerda!"
"ENDING2-3","Demake del X7 ni que la chingada, haganlo ustedes!"
"ENDING2-4","Felicidades por terminar este desmadre!"
"FINAL-1","NO MAMES YO SABIA WEY!"
"FINAL-2","Me oyes? Me oyes? Me oyes? Me oyes? Me oyes? Me oyes?"
"FINAL-3","CALLATE WEY! Aqui X, chingada madre."
"FINAL-4","Ya acabamos con esta cosa aqui, el que no le guste que le muerda!"
"FINAL-5","Demake del X7 ni que la chingada, haganlo ustedes."
"FINAL2-1","(Creditos...)"
"FINAL2-2","(Asi lo describio Lumine...)"
"FINAL2-3","(Dijo que esto... era demanda...)"
"FINAL2-4","(Si de verdad tiene razon...)"
"FINAL2-5","(Entonces... Como voy a lidiar con la cancelacion?)"
"FINAL3-1","Apuesto a que has estado pensando en lo que Lumine decia hace rato."
"FINAL3-2","Bueno, no dejes que eso te afecte. Volverse calvo es un acto ridiculo que no puede llamarse evolucion."
"FINAL3-3","Oye, pero eso no fue lo que dijo e-"
"FINAL3-4","De todos modos, XiiX..."
"FINAL3-5","Aunque Capcom no saque juegos nuevos este año para nosotros los fans de la saga. Todavia vamos a tener que luchar y prevalecer."
"FINAL3-6","Mientras no haya Mega Man 12, X9, Command Mission 2, ZXC y el Legendario Legends 3. Vamos a seguir firmes!"
"FINAL3-7","Adelante fans! Demuestren su amor por la saga, y nunca se rindan. Gracias por jugar este fangame. *Alt+F4*"
"SECRET2-1","Bienvenido, Mega Man X. Te estaba esperando."
"SECRET2-2","Eres diferente de cualquier otro al que me haya enfrentado..."
"SECRET2-3","Emanas un aura de paz y misericordia. Quien eres?"
"SECRET2-4","Que perceptivo de tu parte notarlo tan pronto."
"SECRET2-5","Soy Serenata."
"SECRET2-6","Mencionaste que soy diferente a los demas a los que te has enfrentado?"
"SECRET2-7","Eso es por mi poder abrumador."
"SECRET2-8","Abrumador...?"
"SECRET2-9","Correcto. He estado entrenando para ser mas fuerte desde que perdi el titulo de UnderKing."
"SECRET2-10","Durante veinte años he estado acumulando poder. Y te elegi a ti para probar mi fuerza."
"SECRET2-11","Serenata, dijiste? Hmm..."
"SECRET2-12","Sale, acepto tu duelo!"
"SECRET2-13","Entonces, que comience... Nomas no te vayas a ragequitear eh XDXDXD"
"SECRET2-14","Honestamente, pense que era lo suficientemente fuerte para ganarte. Me equivoque."
"SECRET2-15","La bondad, el amor y el respeto que tienes en tu corazon te hacen aún mas poderoso."
"SECRET2-16","Peleaste impresionante. Realmente eres el robot mas fuerte de este mundo."
"SECRET2-17","Desearia tener algo para recompensarte. Lo mejor que puedo ofrecerte son mis agradecimientos :^)"
"SECRET2-18","Mega Man X. Nos veremos de nuevo, en algun otro lugar..."
"SECRET2-19","Por ahora me quedo aqui, nos vemos en el proximo video! NOS VEMOOOOOS!!!!!!"
"SECRET3-1","Finalmente, lo consegui. Estos datos contienen informacion de todos los criminales buscados actualmente..."
"SECRET3-2","Tu, alto ahi. Esta area esta restringida para Cazadores de Clase S, igual que esos datos! Entregalos y no te resistas!"
"SECRET3-3","Se como se ve esto, pero no te preocupes, X."
"SECRET3-4","Me llamo Rojo. Me entere de que las cosas andan complicadas para ustedes y decidi... ayudarles."
"SECRET3-5","Con esto, podemos cazar Mavericks mas eficiente que el gobierno jamas podria... Y sin impuestos."
"SECRET3-6","No eres mas que un sucio caza-recompensas mentiroso."
"SECRET3-7","Piensa lo que quieras, me vale madres, la neta a nadie le importa esta pinche politica estupida, ah que saber, a darle antes de que esto se convierta en debate de politicos."
"SECRET3-8","Demake del X7......ni que la chingada.....o quizas.....no es la chingada.......esa es la cuestion...."
"ZEROSECRET1","Je je je je!"
"ZEROSECRET2","Mi gente, ahora lo entiendo, nunca he sido tan feliz sintiendolo JAJAJAJAJAJAJA!!!!!"
"ZEROSECRET3","Z... Zero?"
"ZEROSECRET4","Nooooooo, soy Sigma, tengo un simbolo griego y no tengo pelo."
"ZEROSECRET5","Claro que soy yo, idiota!"
"ZEROSECRET6","Zero? Que te paso? Este no eres tu. Resiste! Te vas a morir si sigues así!"
"ZEROSECRET7","Que tonto eres, Equis. Crees que sabes lo que dices? De cualquier forma..."
"ZEROSECRET8","Mejor prepara tus calzones azules para la santa putiza que te voy a dar, LITERALMENTE TOME MIL ESTEROIDES, SOY INVENCIBLE!!!!!!!!!"
"ZEROSECRET9","..."
"ZEROSECRET10","Zero... Esto es lo que me dijiste antes, cierto?"
"ZEROSECRET11","Hay cosas que no se pueden ver ni analizar con equipos..."
"ZEROSECRET12","Tenemos que sentirlas..."
"ZEROSECRET13","Y ahora puedo sentir algo fuertemente malvado, mas malvado que Sigma."
"ZEROSECRET14","Este es nuestro destino, no? Voy a luchar! No voy a huir! Te voy a ganar y traer a mi amigo de vuelta!"
"ZEROSECRET15","Bla, Bla, Bla, puro rollo. Sabes que, X? Antes de morir, enterate que... NUNCA TUVISTE PELO!!!! JA JA JA JA!!!!"
"ZEROSECRET16","VETE A LA CHINGADAAAA!!!! 0!!!!!!!!!!!!!!!"
"INTRO2-1_AXL","Hey Alia! Aqui Axl! Estoy cerquita del accidente del Elevador Orbital!"
"INTRO2-2_AXL","Ugh, es un desmadre total por aqui, Mavericks por todos lados! (Como siempre, que novedad)"
"INTRO2-3_AXL","Voy en camino! Tengan los mecaniloides de rescate listos para salir cuando les diga!"
"INTRO2-4_AXL","Entendido, por cierto Axl, sabias que si mantienes el boton de disparo puedes hacer un Rapid Fire? Y si mantienes el boton de salto en el aire puedes planear como esa armadura del X4, la Fortaleza de Amor, que te permite flotar para esquivar enemigos y bla bla bla bla bla bla bla bla bla bla bla bla bla bla bla bla bla bla bla bla bla bla bla a la fregada nadie va a leer esta madre. Estamos juntos raza, son chingones. Suerte banda!"
"INTRO2-5_AXL","S-Sigma...?! Pero... como?!"
"INTRO2-6_AXL","No mames esta bien oscuro aqui."
"INTRO2-7_AXL","Y huele a quemado bien gacho tambien."
"INTRO2-8_AXL","La neta salir de aqui no mejoro mucho la cosa."
"INTRO2-9_AXL","Creo que mejor consigo unos botes de agua para apagar esa lumbre..."
"INTRO2-10_AXL","Espera, pero quien soy yo?"
"INTRO2-11_AXL","Como que quien eres wey?"
"INTRO2-12_AXL","jajajajajajajajajajajajajaja"
"INTRO2-13_AXL","Ya ni modo, bueno, voy a llamar al equipo de rescate para que puedan ser-"
"INTRO3-1_AXL","Mira nomas quien anda por aca, ya no se mue.... Oye? algo esta mal, tu no eras Azul y usabas calzones XiiX?"
"INTRO3-2_AXL","Pero que diablos esta pasando aqui? Quien eres tu?"
"INTRO3-3_AXL","Tu no oíste a este wey o que? Como que quien eres? Que falta de educacion mano."
"INTRO3-4_AXL","Di tu nombre compa que platicamos de a de veras."
"INTRO3-5_AXL","Bueno mi nombre es Axl y yo-"
"INTRO3-6_AXL","Exactameeeeente mi buen, soy yo mero... BABA! El vecino mas molesto de la colonia."
"INTRO3-7_AXL","PUEDO HABLAR?! CALLATE DESGRACIADO QUIERO HABLAR EN ESTA MADRE! ..............chingada......"
"INTRO3-8_AXL","Iiiiiihhhh, traes cara de enojado, estas nervioso o que? No te pongas triste chiquito jajajaja"
"INTRO3-9_AXL","Ah sabes que, llevate a ese wey contigo y sigue el plot de una vez, a la fregada."
"INTRO3-10_AXL","Bueno, eso es todo, muchas gracias por venir hasta aca y..."
"INTRO3-11_AXL","Cuidado con el Chupa Cabras, MUAJAJAJAJAJAJAJA..........adios. (Dios mio, referencias del ZeeZ)"
"ANTONION1_AXL","Hormiguita, antes eras un genio. Te volviste loco? Que planeas?"
"ANTONION2_AXL","................Me estas cotorreando verdad?"
"ANTONION3_AXL","Neta, que me ven pa pensar que soy cientifico? ESTOY USANDO BATA O QUE?"
"ANTONION4_AXL","Uhhh, esta usted bien?"
"ANTONION5_AXL","NO CARAJO, CLARO QUE NO ESTA NADA BIEN EN ESTA CHINGADERA!"
"ANTONION6_AXL","USTEDES ANDAN AHI PENSANDO QUE SOY CIENTIFICO, LES VOY A ENSEÑAR CIENTIFICO CUANDO LOS ENTIERRE EN EL CENTRO DE LA TIERRA DESGRACIADOS!!"
"MANOWAR1_AXL","Que esta pasando aqui, Medusa Loca?"
"MANOWAR2_AXL","Si no regresas la energia a la normalidad, la gente de la Ciudad va a sufrir."
"MANOWAR3_AXL","............ Hola amiguitos, soy el Dollynho su amiguito, vamos a cantar?"
"MANOWAR4_AXL","Que?!"
"MANOWAR5_AXL","Dolly, Dolly guarana Dolly, el mejor! Dolly guarana, el sabor latino. Dolly guaraaana, Dolly guaraaana, Dolly, Dolly, Dolly, Dolly, Dooooooolly!"
"MANOWAR6_AXL","...."
"MANOWAR7_AXL","Prefiero Coca-Cola."
"MANTIS1_AXL","Que onda banda, todo bien?"
"MANTIS2_AXL","No olviden raza, Omega Blaster esta ahi pa que lo jueguen. Version Definitiva, HD, y Legacy tambien."
"MANTIS3_AXL","Y a este que le dio?"
"MANTIS4_AXL","Pero dime, si tu ya no eres tu, entonces tu no eres tu."
"MANTIS5_AXL","Lo puedes comprender?"
"MANTIS6_AXL","No jajajajaja, que chingados estas diciendo wey?"
"MANTIS7_AXL","A proposito Omega Blaster no tiene nada que ver con Omega Zero."
"MANTIS8_AXL","Megaman Zero nomas es la mera cosa."
"MANTIS9_AXL","Solo aqui tenemos a X gritando ATAREEEEEEEEEEEEE!!!!1!11!!!"
"PANDA1_AXL","......."
"PANDA2_AXL","......."
"PANDA3_AXL","......."
"PANDA4_AXL","gordo."
"PANDA5_AXL","tu mama."
"ROOSTER1_AXL","Aprende a jugar con Kim Kaphwan - TUTORIAL COMPLETO KOF 2002 por KoF de la Depresion."
"ROOSTER2_AXL","......"
"ROOSTER3_AXL","A estas alturas ya hasta me rindo de tener una conversacion normal."
"ROOSTER4_AXL","Checa este combo, necesitas cuatro barras. Es facilito. Salta con Golpe, Golpe 2 hits, revienta la barra corre, golpe fuerte 1 hit"
"ROOSTER5_AXL","Le cancelas rapidito en 3 medias lunas pa atras con golpe fuerte y finalizas con especial doble. Abajo > Diagonal atras Abajo > Atras y BD"
"ROOSTER6_AXL","Perame, BD? Reventar barra?"
"ROOSTER7_AXL","Eso no es Street Fighter!"
"ROOSTER8_AXL","Street fight? no, no, no. Aqui es solo de KOF mano, Street Fight es puro hori hori hori horiugen."
"ROOSTER9_AXL","HA! CHESUTOOOOOOOOOOOOOOOOOOOOOOOOOOOOOOO!!!! IKUZO! ATATATATATATA, UWAAACHAA!!11!1!!!!"
"SUNFLOWER1_AXL","Axl... El cambia-formas. El prototipo de los Reploids que lideraran la nueva era..."
"SUNFLOWER2_AXL","Uf! Por fin alguien que habla normal aqui."
"SUNFLOWER3_AXL","Jajajaja como que normal? jajajajaja :3"
"SUNFLOWER4_AXL","jejejejeje mira que jueguito tan bonito, los sprites todos chiquitos >:3"
"SUNFLOWER5_AXL","Jajajaja oye que haran estos botones? Voy a probar todos jejejeje <3"
"SUNFLOWER6_AXL","Pero que..... Aaaargh! No hay nadie normal en este mundo?!"
"TRILOBYTE1_AXL","Va a tener al dinamio y al vile del x3, doble del x4, bit bai del x3, el quik mein mi robot tio mastro favorito, haz tambien el caliente del Megamein ii"
"TRILOBYTE2_AXL","va a tener al megamein clasico el bass el protomein el ruchi el teble el dinamio del xis5, el quinqui del megamein y peiciii el omeiga del megamein 0"
"TRILOBYTE3_AXL","Ustedes morros de la Generacion Z de cristal nunca hicieron el menor sentido para mi."
"TRILOBYTE4_AXL","Pero porque el jotakaybe no lo pone pa descarga ya? yo quiero jugarlo en la computadora de mi papa, dile que lo suba ya"
"TRILOBYTE5_AXL","Porque el JKB esta muy ocupado con tu mama."
"TRILOBYTE6_AXL","Desgraciado perro sarnoso vete al quinto infierno *Emoji Pulgar abajo 3x* *Emoji Dedo medio 3x* *Emoji carita enojada 2x*"
"YETI1_AXL","Quieres jugar en la nieve? Un muñeco quieres hacer? Me podias oir y la puerta abrir, solo te quiero veeeeeeeer."
"YETI2_AXL","no mames"
"YETI3_AXL","Eramos amigas de corazon. Pero eso se acabo tambien. Quieres jugar en la nieve? No tiene que ser con un muñeco."
"YETI4_AXL","Vete de aqui, Yeti Gritón."
"VILE1-1_AXL","JAJAJAJAJAJAJAJAJAJAJA!!!1!!!!"
"VILE1-2_AXL","Miren nomas si no es el chamaquito malhablado de atras."
"VILE1-3_AXL","Que tal, como van las clases de modales?"
"VILE1-4_AXL","Ya aprendiste a decir buenos dias a la gente con tu amiguito el canguro? Ah es cierto, lo mataste en el X7 JAJAJAJAJAJAJAJA"
"VILE1-5_AXL","Neta, vete a la !?@$&"
"VILE2-1_AXL","Vile, cierto?"
"VILE2-2_AXL","Que haces aqui?"
"VILE2-3_AXL","Que planeas hacer con Lumine y el Elevador?"
"VILE2-4_AXL","Orale, y eso a ti que te importa? Lumine esta bien guapo con su pelo morado, pero tu, TU ERES UN BETA COMPA, DESPIERTA!"
"VILE2-5_AXL","No me importa si alguna vez fuiste un Cazador Clase......perame......"
"VILE2-6_AXL","ME DIJISTE BETA DESGRACIADO?!!!!"
"VILE2-7_AXL","ihhhhh ya se ardio, esta peor que la Speedrun de Mega Man X1 con los suscriptores, uy."
"VILE3-1_AXL","Y queeee onda Maverick Hunters, como estan? Soy Daymon Kush X, trayendoles mas noticias sobre Mega Man X Corrupte-"
"VILE3-2_AXL","@DaymonKushX"
"VILE3-3_AXL","Va a salir para android?"
"VILE3-4_AXL","O neta, les doy un recado a los papas de esta Generacion....de....Cristal."
"VILE3-5_AXL","Por favor, crien a sus hijos de esta Generacion Z como se debe."
"VILE3-6_AXL","Son MALCRIADOS! LES DAN TODO LO QUE QUIEREN!"
"VILE3-7_AXL","LO QUE NECESITAN ES UNA BUENA CHANCLA!"
"VILE3-8_AXL","Pero daymon porfa hazlo para android, quiero jugarlo en mi Galaxy j5 :D"
"VILE4-1_AXL","Y que onda Maverick Hunters!"
"VILE4-2_AXL","Soy Daymon Kush X, trayendoles un nuevo fangame de Megaman que se llama-"
"VILE4-3_AXL","@DaymonKushX"
"VILE4-4_AXL","Se puede descargar y jugar en Android TV? Se puede descargar y jugar en Android TV? Se puede descargar y jugar en Android TV? Se puede descargar y jugar en Android TV? Se puede descargar y jugar en Android TV?"
"VILE4-5_AXL","Neta, eres bien molesto wey, pa que floodeas todo eso? Ya te conteste y te vuelvo a contestar."
"COPYSIGMA1_AXL","Sigma!?"
"COPYSIGMA2_AXL","Creiste que podias evitarnos huyendo y escondiendote en el espacio como cobarde?"
"COPYSIGMA3_AXL","...."
"COPYSIGMA4_AXL","Saludos amigos sean bienvenidos al Baul Old Gamer, aqui les habla Julinho."
"COPYSIGMA5_AXL","Neta, no puedo tener UNA conversacion normal en esta chingadera? por favor!"
"COPYSIGMA6_AXL","Oye, que esperabas? Esto es internet latino wey. Desmadre es lo que sobra."
"COPYSIGMA7_AXL","Y recuerden: EL X6 SE PUEDE IR A LA CHINGADA, ESE JUEGO VALE MADRES."
"SIGMA1_AXL","JAJAJAJAjAJAJAJAJA!!11!1! los weyes andan pidiendo corrupted pa android, jajajaj!!11!"
"SIGMA2_AXL","Ah hola, tu debes ser Edson, verdad?"
"SIGMA3_AXL","No no espera, creo que me acuerdo del nombre. Era Equisou. Akiseu, Aqui cel. AH! YA ME ACORDE! YA ME ACORDE! AQUI EL SELLO! ESE ERA EL NOMBRE!"
"SIGMA4_AXL","(Nadie sabe pronunciar mi nombre bien, increible wey)"
"SIGMA5_AXL","Ya vamos a darle, ya estoy harto de esta madre tambien. >:["
"SIGMA6_AXL","Ihhh que te pasa? Y esa cara de que chupaste un limon agrio echado a perder jajajajajaja"
"SIGMA7_AXL","Deberias tomartelo con calma en vez de ser tan intenso, no mames."
"SIGMA8_AXL","Me estas diciendo que me calme? Despues de toda la chingadera que pase para llegar aqui?"
"SIGMA9_AXL","Calma compa, sientate, tomate un juguito de naranja y relajate."
"SIGMA10_AXL","Ya vamos a ver que tan relajado te pones cuando te meta una metralleta por donde no te da el sol!"
"SIGMA11_AXL","NOOO MAMES el bicho anda suelto jajajajajaja"
"SIGMA12_AXL","Ya veo que esta generacion impaciente anda que arde."
"SIGMA13_AXL","Andan pidiendo Corrupted pa download, quieren que tenga a Axl y Zero en el Demake..... ah no pera, ya esta pasando jajajajaja."
"SIGMA14_AXL","Ah sabes que, ya valio madres todo, a darle."
"FINALLUMINE1_AXL","Ah, eres tu Lumine. Estas bien?"
"FINALLUMINE2_AXL","Hola! Si, estoy bien, gracias por preguntar. Y tu, como estas?"
"FINALLUMINE3_AXL","Juzgando por tu expresion totalmente preocupante, deduzco que estas feliz por haber derrotado al Jefe Final."
"FINALLUMINE4_AXL","Pero gracias a ti un nuevo avance tecnologico fue descubierto!"
"FINALLUMINE5_AXL","Pero.... Lumine, no estabas siendo usado por Sigma?"
"FINALLUMINE6_AXL","Es cierto que, en algunas situaciones, las personas pueden sentirse manipuladas o influenciadas por otras, especialmente en contextos complejos como los de juegos o narrativas."
"FINALLUMINE7_AXL","Es importante reflexionar sobre nuestros propios objetivos y deseos, y como se alinean o confrontan con las intenciones de otros."
"FINALLUMINE8_AXL","Y aunque parezca que nos estan usando, siempre hay espacio para cuestionar y tomar decisiones que reflejen quienes realmente somos."
"FINALLUMINE9_AXL","Lumine! Que estas diciendo? No me digas que tu tambien te volviste Maverick?"
"FINALLUMINE10_AXL","Calma, no soy un Maverick! A veces, las cosas pueden parecer confusas, pero estoy aqui para ayudar."
"FINALLUMINE11_AXL",".........!"
"FINALLUMINE12_AXL","Aunque tengamos acceso a sus percepciones estrategicas y tecnicas de combate, siempre hay la amenaza inminente de que su influencia mas oscura se manifieste dentro de nosotros."
"FINALLUMINE13_AXL","Es un equilibrio delicado: abrazar la innovacion y al mismo tiempo protegernos contra los ecos del caos que pueden estar dormidos en nuestra codificacion."
"FINALLUMINE14_AXL","Nuestro viaje como Reploids de Nueva Generacion no solo involucra evolucion; tambien se trata de superar el legado de quienes vinieron antes de nosotros, como por ejemplo, Sigma."
"FINALLUMINE15_AXL","Alguna otra pregunta?"
"FINALLUMINE16_AXL","Chips de Copia? Sigma? Quiere decir que me voy a volver loco igual que el?"
"FINALLUMINE17_AXL","Los prototipos no pueden volverse Mavericks por algunas razones principales."
"FINALLUMINE18_AXL","Permitame explicar."
"FINALLUMINE19_AXL",".........?"
"FINALLUMINE20_AXL","1. \""Naturaleza Funcional vs. Creativa\"": Los prototipos son herramientas funcionales, tienen un proposito especifico y estan limitados por el alcance del proyecto."
"FINALLUMINE21_AXL","2. \""Objetivos Diferentes\"": El objetivo de un prototipo es la validacion y refinamiento de una idea, mientras que el objetivo de un Maverick es la innovacion disruptiva y el cambio de paradigmas."
"FINALLUMINE22_AXL","Un prototipo no tiene autonomia ni intencion propia; es una representacion de una idea que aun esta en desarrollo."
"FINALLUMINE23_AXL","3. \""Limitaciones Estructurales\"": Los prototipos generalmente se desarrollan dentro de parametros definidos, con restricciones presupuestarias y de tiempo."
"FINALLUMINE24_AXL","4. \""Evolucion vs. Revolucion\"": Los prototipos son parte de un proceso evolutivo de desarrollo de productos."
"FINALLUMINE25_AXL","Los Mavericks, sin embargo, tienden a ser revolucionarios en sus enfoques, frecuentemente cambiando completamente la forma en que se hacen las cosas."
"FINALLUMINE26_AXL","Esa transformacion radical no puede ser alcanzada por un simple prototipo."
"FINALLUMINE27_AXL","Ja ja! Es una lastima porque tu eres uno :)"
"FINALLUMINE28_AXL","En resumen, la esencia y la funcion de prototipos y Mavericks son fundamentalmente diferentes, lo que impide que un prototipo se convierta en un Maverick."
"FINALLUMINE29_AXL","Alguna otra pregunta?"
"FINALLUMINE30_AXL","......."
"FINALLUMINE31_AXL","Eres una I.A verdad?"
"FINALLUMINE32_AXL","Error, claro que era yo Lumine todo este tiempo. Solo queria ver tu cara de tonto jajajajaja."
"FINALLUMINE33_AXL","Ahora muere :)"
"ENDING1-1_AXL","Imposible :("
"ENDING1-2_AXL","Esto no se debia poder ganar, Alysson nerfeo mi Paradise Lost."
"ENDING1-3_AXL","Voy a enfrentar a muchos mas como tu, si eso es necesario."
"ENDING1-4_AXL","jaja...jj....ni sabes lo que estas diciendo, wey...."
"ENDING1-5_AXL","Ojala te murieras ahorita."
"ENDING1-6_AXL","....."
"ENDING1-7_AXL","Ah, ya que, Santana acabalo."
"ENDING2-1_AXL","GG, chingada madre."
"ENDING2-2_AXL","Axl.....Axl! Reporte de la Mision!"
"ENDING2-3_AXL","Reporte de la Mision ni que la fregada, ya se acabo esta porquería. Ya estuvo bueno."
"ENDING2-4_AXL","Que? Crees que el Zashiko va a hacer Demake del X7? Demake del X7 ni que la chingada, haganlo ustedes. Me voy de este pinche juego."
"ENDING2-5_AXL","No no no tampoco digo nada mas en esta chingada de dialogo, felicidades por terminar este fangame. *Alt+F4*"
"SECRET2-1_AXL","Bienvenido, Axl. Te estaba esperando."
"SECRET2-2_AXL","(Por fin alguien normal aqui) Ah, entonces ya me conoces no?"
"SECRET2-3_AXL","Debo decir, eres mucho mas... \""tranquilo\"" que cualquier otro que haya visto. Cual es tu onda?"
"SECRET2-4_AXL","Que observador para notarlo tan rapido."
"SECRET2-5_AXL","Soy Serenata."
"SECRET2-6_AXL","Mencionaste que soy diferente a otros que has visto?"
"SECRET2-7_AXL","Eso es por mi poder abrumador."
"SECRET2-8_AXL","Poder? En serio? No te ves precisamente fuerte..."
"SECRET2-9_AXL","Correcto. Mi fuerza no es sobre agresion. He estado entrenando desde que perdi el titulo de UnderKing."
"SECRET2-10_AXL","Por veinte años, he acumulado poder y refinado mis habilidades. Y ahora, te escogi a ti para ponerlas a prueba."
"SECRET2-11_AXL","VEINTE AÑOS????????????????? NOOOOOOO MAAAAAMEEEEES WEEEEEEY!!!!!!!"
"SECRET2-12_AXL","Serenata, cierto? Hmmm..."
"SECRET2-13_AXL","Estas seguro de que quieres enfrentarme? Puede que estes mordiendo mas de lo que puedes masticar. Pero bueno, el patron aqui ya esta listo. Sale, a darle!"
"SECRET2-14_AXL","Entonces ven Axl. Muestrame de lo que eres capaz! Y cuidado con ragequitear eh, jajajaja."
"SECRET2-15_AXL","Realmente confie en que mi poder seria suficiente para ganarte. Al parecer estaba equivocado."
"SECRET2-16_AXL","Pero tu... tu no dependes solo de la fuerza. Hay algo en tu espiritu que te hace fuerte."
"SECRET2-17_AXL","Es mas que habilidad de combate. Es tu perseverancia, tu corazon."
"SECRET2-18_AXL","Si, bueno... tengo la costumbre de sorprender a la gente. Supongo que estoy lleno de trucos asi."
"SECRET2-19_AXL","Pero tampoco fuiste nada debilucho. Puedo respetar eso."
"SECRET2-20_AXL","Peleaste majestuosamente, Axl. Puede que seas el guerrero mas fuerte al que me he enfrentado en este mundo."
"SECRET2-21_AXL","Desearia tener algo mas que ofrecerte como recompensa... pero todo lo que puedo darte es mi gratitud."
"SECRET2-22_AXL","Je je, no te preocupes. Fue una buena pelea. Esa es toda la recompensa que necesito..."
"SECRET2-23_AXL","Aunque... Si tuvieras algun otro poder secreto por ahi, no le diria que no."
"SECRET2-24_AXL","Tal vez nos veamos de nuevo, en otro lugar... hasta entonces, adios, Axl."
"SECRET2-25_AXL","Nos vemos, Serenata. La proxima vez no me voy a contener tanto contigo!"
"SECRET2-26_AXL","SECRET2-26_AXL"
"SECRET3-1_AXL","Finalmente, los consegui. Estos datos contienen la informacion de todos los criminales buscados actualmente..."
"SECRET3-2_AXL","R.... Rojo? Pero..... como?"
"SECRET3-3_AXL","Axl, ha pasado un rato eh? Como te va por tu cuenta?"
"SECRET3-4_AXL","Rojo, espera! No se supone que estes aqui. Esta zona es solo para Cazadores de Alto Rango!"
"SECRET3-5_AXL","Has cambiado Rojo. Aún sigues \""sus\"" enseñanzas."
"SECRET3-6_AXL","Has convertido a Red Alert en algo retorcido por culpa de ello!"
"SECRET3-7_AXL","No te preocupes. Con esto, podemos cazar Mavericks como los Cazadores jamas pudieron."
"SECRET3-8_AXL","La Red Alert puede volver a tener su justicia como antes, Axl."
"SECRET3-9_AXL","Eso no es justicia... Es poder! Y no te voy a dejar que abuses de el!"
"SECRET3-10_AXL","Je, nunca pense que tendria que escuchar eso de alguien como tu. Bueno, veamos si has mejorado. Sin contenerse!"
"SECRET3-11_AXL","No esta mal... chamaco, has crecido como Cazador."
"SECRET3-12_AXL","No tienes que hacer esto, Rojo. No es tarde para empezar de nuevo, aún puedes seguir siendo tu si te nos unes."
"SECRET3-13_AXL","Tal vez... tal vez no, no te preocupes por mi. Yo seguire yendo por mi propio camino."
"SECRET3-14_AXL","Pero por ahora, sere cuidadoso a la hora de confiar en otros."
"SECRET3-15_AXL","Hasta la proxima Axl.. no sera tan facil cuando nos volvamos a ver. Adios... y cuidate, muchacho."
"SECRET3-16_AXL","Rojo...."
"INTRO1-1_ZERO","Entonces, este es el Parquecito? No esta nada mal despues de todo."
"INTRO1-2_ZERO","Zero, me oyes? Hay un Mecaniloide Maverick gigante en esta area."
"INTRO1-3_ZERO","Y esta cerca del accidente del Elevador Orbital. Entendido!"
"INTRO1-4_ZERO","Voy a eliminar a los Mavericks de esta area."
"INTRO1-5_ZERO","Envia los mecaniloides de rescate en cuanto llegue al lugar del accidente."
"INTRO1-6_ZERO","Entendido, ten cuidado, Zero!"
"INTRO2-1_ZERO","Q... Que? Que significa esto, Sigma?"
"INTRO2-2_ZERO","Para protegernos del daño durante el accidente..."
"INTRO2-3_ZERO","Tuvimos que copiar un cuerpo resistente como el de Sigma."
"INTRO2-4_ZERO","Nosotros, los Reploides de Nueva Generacion, disfrutamos de inmunidad completa y total a todos los virus."
"INTRO2-5_ZERO","Así que incluso copiar algo tan peligroso como Sigma no conlleva riesgo."
"INTRO2-6_ZERO","Quien eres? Identificate!"
"INTRO2-7_ZERO","Me llamo Lumine."
"INTRO2-8_ZERO","Soy el director a cargo del elevador y del Proyecto Jakob."
"INTRO2-9_ZERO","Hmmm... Entiendo. No te muevas, llamare al equipo de rescate para que te lleven-"
"INTRO3-1_ZERO","Ja ja ja! Que bueno volver a verte, Zero."
"INTRO3-2_ZERO","Vile? Asi que no mentian cuando reportaron tu presencia por aqui."
"INTRO3-3_ZERO","Me encantaria quedarme y jugar contigo, pero tengo mucha chamba que hacer..."
"INTRO3-4_ZERO","No voy a dejar que un criminal como tu se lleve a Lumine. Sueltalo ya!"
"INTRO3-5_ZERO","Ni de chiste. El Elevador Orbital esta bajo nuestro control ahora..."
"INTRO3-6_ZERO","¿Qué planeas hacer, cosplayer de Boba Fett?"
"INTRO3-7_ZERO","¿Todavía creen que estoy basado en Boba Fett? Pffft. Me voy al bar, que se diviertan con mi amiguito jajaja."
"INTRO3-8_ZERO","Ja ja ja ja ja ja ja ja!"
"ANTONION1_ZERO","Hormiguita Cientifica, antes eras un cientifico chingón, pero parece que te volviste Maverick."
"ANTONION2_ZERO","Increible? Maverick? Que significan esas palabras siquiera?"
"ANTONION3_ZERO","Tendrias que preguntarle a alguien mas listo que yo. Sigma te volvio asi?"
"ANTONION4_ZERO","Los obligo a ti y a los otros a volverse Mavericks?"
"ANTONION5_ZERO","Crees que puedes resumir a mi maestro con esa palabrita?"
"ANTONION6_ZERO","Nuestra honestidad solo es comparable a tu suprema estupidez."
"ANTONION7_ZERO","Bueno, de todas formas, si no puedes entender nuestro gran plan, entonces te voy a destruir!"
"MANOWAR1_ZERO","Oye! Medusa Loca!"
"MANOWAR2_ZERO","Regresa la energia de la Ciudad a la normalidad. Ya!"
"MANOWAR3_ZERO","... ... ..."
"MANOWAR4_ZERO","Se ha vuelto tan Maverick que ni puede responder..."
"MANOWAR5_ZERO","No soy ningun Maverick... No estoy haciendo nada malo..."
"MANOWAR6_ZERO","Mi maestro necesita energia para hacer su nuevo mundo realidad."
"MANOWAR7_ZERO","Dejar la energia de la Ciudad fuera de control? Esto como encaja en el plan malvado de Sigma?"
"MANOWAR8_ZERO","Solo estoy chambeando duro para realizar el sueño de mi maestro de un nuevo mundo. El no esta equivocado."
"MANOWAR9_ZERO","Un nuevo mundo?! Bueno, ese plan no llega mas lejos que esto!"
"MANOWAR10_ZERO","Parece que tendre que darte una leccion!"
"MANTIS1_ZERO","Mira nomas. Eres Zero, verdad?"
"MANTIS2_ZERO","Si de verdad supieras quien soy, estarias temblando de miedo ahora mismo, Maverick."
"MANTIS3_ZERO","Ustedes los Reploides de estilo antiguo no entienden nada, cierto?"
"MANTIS4_ZERO","A que te refieres con eso?"
"MANTIS5_ZERO","Pudiste haber sido un gran general en nuestras filas. Mi maestro ha mostrado mucho interes en ti, sabes?"
"MANTIS6_ZERO","Hmph! No me interesa aliarme con los Mavericks, muchas gracias."
"MANTIS7_ZERO","Y no te preocupes... Ire tras tu jefe en cuanto acabe contigo!"
"PANDA1_ZERO","Quieres decirme que nunca has pensado esas cosas por ti mismo, Zero?"
"PANDA2_ZERO","Que el mundo desea la destruccion y nada mas?"
"PANDA3_ZERO","Eso es lo que Sigma te dice?"
"PANDA4_ZERO","Quizas. Quizas mi maestro tambien ha visto un poco de si mismo dentro de ti..."
"PANDA5_ZERO","Ay ya..."
"PANDA6_ZERO","Este mundo perfecto del que ustedes los Mavericks parlotean ni siquiera existe."
"PANDA7_ZERO","No, no existe."
"PANDA8_ZERO","Por eso es que debemos destruir este."
"PANDA9_ZERO","Lo que acabara Zero, es este mundo."
"ROOSTER1_ZERO","Por que empezaste una revuelta? Es obra de Sigma?"
"ROOSTER2_ZERO","Sabes que es este lugar?"
"ROOSTER3_ZERO","El centro de eliminacion de residuos..."
"ROOSTER4_ZERO","Despues de terminar de cortar y picar, aqui es donde tirare lo que quede de ti."
"ROOSTER5_ZERO","No los escuchas, Zero?"
"ROOSTER6_ZERO","Los lamentos de todos los Reploides que mandaste aqui porque decidiste que eran Mavericks?"
"ROOSTER7_ZERO","Lamentos? Ay ya no mames! Si puedes oir todo eso, supongo que eso significa que tu tambien eres Maverick, no?"
"ROOSTER8_ZERO","Ja! Pronto te daras cuenta de quien tiene razon en esta pelea."
"ROOSTER9_ZERO","No te vas a burlar de mi cuando el nuevo mundo se haga realidad!!!"
"SUNFLOWER1_ZERO","Zero... Seguramente ya te diste cuenta."
"SUNFLOWER2_ZERO","Debes tener una idea de cual es nuestra meta aqui."
"SUNFLOWER3_ZERO","Que voy a saber yo de como piensan ustedes los Mavericks?"
"SUNFLOWER4_ZERO","No! No! No! Quiza no seamos los buenos, pero no somos monstruos."
"SUNFLOWER5_ZERO","Mi maestro te recuerda bien. Tuviste la oportunidad de convertirte en el destructor definitivo. Eso ya es historia antigua."
"SUNFLOWER6_ZERO","Ay wey... A este ya se le zafo un tornillo."
"TRILOBYTE1_ZERO","Los minerales que minamos aqui son esenciales para el desarrollo en el espacio."
"TRILOBYTE2_ZERO","Pero supongo que eso no significa mucho para ti, cierto Zero?"
"TRILOBYTE3_ZERO","Y estas minando para Sigma? Estas loco?"
"TRILOBYTE4_ZERO","Has pensado en por que mi maestro querria recursos como estos?"
"TRILOBYTE5_ZERO","No necesito conocer tu plan para saber que apesta. Y no voy a dejar que te salgas con la tuya!"
"TRILOBYTE6_ZERO","Hmph! No me voy a dejar insultar por un monton de chatarra como tu!"
"TRILOBYTE7_ZERO","Tendras que obedecer a mi maestro tarde o temprano, pedazo de chatarra inutil!"
"YETI1_ZERO","Zero. Mi maestro ve un lugar para ti en su nuevo mundo ideal."
"YETI2_ZERO","Que es lo que ustedes los Mavericks ven en mi? Ademas de una potencial putiza, claro..."
"YETI3_ZERO","Realmente eres un modelo viejo, no? No puedes cambiar el mundo con esa forma de pensar."
"YETI4_ZERO","Cambiar el mundo? Con destruccion? Dejaselo a un Maverick para que se le ocurra eso."
"YETI5_ZERO","Tu mundo... Tus ideales... son incomprensibles para mi maestro."
"VILE1-1_ZERO","Vile!"
"VILE1-2_ZERO","Que planeas hacer con el Elevador y Lumine?"
"VILE1-3_ZERO","Lumine? Ja ja ja... No te preocupes. Lo estamos cuidando muy bien."
"VILE1-4_ZERO","El Elevador Orbital es demasiado importante para nosotros como para lastimar a quien lo opera."
"VILE1-5_ZERO","Ese juguete es un poco complicado para Mavericks como tu, Vile."
"VILE1-6_ZERO","Ja ja ja... Como te he extrañado, Zero."
"VILE1-7_ZERO","Que tal si nos divertimos y aprovechamos al maximo esta reunion?"
"VILE2-1_ZERO","Vile!"
"VILE2-2_ZERO","Es hora de entregar a Lumine. Esta vez, no acepto un No."
"VILE2-3_ZERO","Lumine? Eres tan tonto como para pensar que puedes exigirme algo?"
"VILE2-4_ZERO","Mira a tu alrededor, idiota! Tu mundo ya empezo a desmoronarse!"
"VILE2-5_ZERO","El mundo tal como lo conoces? Mavericks? Dile adios a todo eso!"
"VILE2-6_ZERO","Caos, destruccion y ruina! Para eso fuimos construidos!"
"VILE3-1_ZERO","No te cansas de toda esta \""justicia\""?"
"VILE3-2_ZERO","No te cansas de ser el perro faldero de Sigma?"
"VILE3-3_ZERO","El Elevador Orbital... la energia... los minerales espaciales... los datos de cohetes..."
"VILE3-4_ZERO","La ruta al espacio..."
"VILE3-5_ZERO","Lo que le ha permitido sobrevivir a este mundo por tanto tiempo es nuestro!"
"VILE3-6_ZERO","Como puedes tomarte este mundo en serio cuando todo esta a punto de acabar?"
"VILE3-7_ZERO","Hmph! Creo que me ocupare de ti antes de ir tras tu jefe!"
"VILE4-1_ZERO","Entonces, te niegas a rendirte, eh?"
"VILE4-2_ZERO","Estas tan ciego que te convenciste de que aún queda esperanza?"
"VILE4-3_ZERO","Lucha?"
"VILE4-4_ZERO","Simplemente estoy harto de toparme contigo y Sigma cada que volteo."
"VILE4-5_ZERO","Ja ja ja... Supongo que seria un desperdicio destruirte ahora..."
"VILE4-6_ZERO","Quizas espere hasta el ultimo momento y me divierta un rato con esto."
"COPYSIGMA1_ZERO","Sigma!?"
"COPYSIGMA2_ZERO","No puedo decir que tenia ganas de verte otra vez."
"COPYSIGMA3_ZERO","Zero. Que lastima... Tenias las habilidades y el potencial para ser como yo."
"COPYSIGMA4_ZERO","Tu... tu trataste de usar mi ADN."
"COPYSIGMA5_ZERO","Te voy a enseñar lo que pasa cuando te metes conmigo!"
"COPYSIGMA6_ZERO","Me temo que no. La luna esta bajo mi control y el plan esta entrando a su etapa final."
"COPYSIGMA7_ZERO","El momento de la destruccion del mundo esta sobre nosotros!"
"SIGMA1_ZERO","Zero... Quien imaginaria que cruzariamos caminos al final del mundo."
"SIGMA2_ZERO","El momento en que tu virus entro a mi sistema, la semilla fue plantada."
"SIGMA3_ZERO","Ahi es cuando todo empezo... La destruccion del mundo!"
"SIGMA4_ZERO","Ya escuche suficiente basura, Sigma!"
"SIGMA5_ZERO","No te enojes, Zero. Realmente estoy en deuda contigo."
"SIGMA6_ZERO","Es gracias a ti que mis hijos fueron capaces de crear este magnifico nuevo mundo en el espacio."
"SIGMA7_ZERO","Hijos?"
"SIGMA8_ZERO","Asi es. Todos los Reploides de Nueva Generacion nacidos del Proyecto Jakob portan chips con mi informacion personal."
"SIGMA9_ZERO","Ahora, el plan para destruir el mundo que tanto amas finalmente se esta haciendo realidad!"
"SIGMA10_ZERO","No derramo lagrimas por ti ni por los tuyos!"
"SIGMA11_ZERO","El fin del mundo, y de ti, ha llegado! Adios!"
"SIGMA12_ZERO","Sigma... Mientras yo siga funcionando, tu NO vas a tener tu final feliz!!!"
"FINALLUMINE1_ZERO","Eres Lumine! El director del Proyecto Jakob. Estas bien?"
"FINALLUMINE2_ZERO","Que si estoy bien...? Por supuesto."
"FINALLUMINE3_ZERO","Supongo que estas satisfecho ahora que derrotaste a Sigma."
"FINALLUMINE4_ZERO","Gracias a ti, el plan ha ido bien."
"FINALLUMINE5_ZERO","Plan? Que quieres decir? No fuiste utilizado por los planes de Sigma?"
"FINALLUMINE6_ZERO","Utilizado? No lo creo."
"FINALLUMINE7_ZERO","Veras, el simplemente facilito mi plan."
"FINALLUMINE8_ZERO","Los Reploides de Nueva Generacion han sido despertados y el nuevo mundo nacera!"
"FINALLUMINE9_ZERO","Lumine! Que estas diciendo? Te has vuelto Maverick tambien?"
"FINALLUMINE10_ZERO","Maverick? Tu no crees que realmente sea asi cierto?"
"FINALLUMINE11_ZERO","Por eso no puedes acabar conmigo, cierto? No tienes las agallas... No eres el verdadero tu."
"FINALLUMINE12_ZERO",".........?"
"FINALLUMINE13_ZERO","Modelos antiguos como tu tienen que preocuparse si sus acciones son realmente propias."
"FINALLUMINE14_ZERO","Quien sabe que podria estar influenciandote en este mismo momento? Un fantasma quizas?"
"FINALLUMINE15_ZERO","Sin embargo, nosotros, los Reploides de Nueva Generacion, fuimos construidos utilizando datos de cientos de Reploides de modelos antiguos."
"FINALLUMINE16_ZERO","Eso es lo que nos concede inmunidad total a todos los virus. Podemos actuar como elijamos, ya que garantiza nuestro libre albedrio!"
"FINALLUMINE17_ZERO","Eso significa, por supuesto, que Sigma tambien fue incluido en la mezcla. Entiendes a lo que voy?"
"FINALLUMINE18_ZERO","Ningun Reploide elegiria volverse igual de loco que Sigma!"
"FINALLUMINE19_ZERO","Si, se rebelo contra tu mundo. Quizas por un virus."
"FINALLUMINE20_ZERO","Tal vez Sigma tenia razon despues de todo, tu eres el origen de todo esto, Zero."
"FINALLUMINE21_ZERO","Es gracias a ti que nosotros los Reploides de Nueva Generacion somos capaces de ser lo que somos ahora."
"FINALLUMINE22_ZERO","Deberias agradecernos por hacerle saber a todos como esta de podrido este mundo."
"FINALLUMINE23_ZERO","Humanos usando Reploides para perpetuar su maldito ciclo de agresion..."
"FINALLUMINE24_ZERO","Por eso nuestra decision de luchar contra el viejo mundo fue tomada conscientemente."
"FINALLUMINE25_ZERO","En otras palabras, poseemos el poder de volvernos Mavericks a voluntad!"
"FINALLUMINE26_ZERO","......"
"FINALLUMINE27_ZERO","Zero... Realmente tienes lo que se necesita para detenernos?"
"FINALLUMINE28_ZERO","Solo eres una herramienta de los humanos. Nada mas que una herramienta del viejo mundo..."
"FINALLUMINE29_ZERO","Crees que puedes hacerles frente con tu Sable a aquellos que han evolucionado asi de lejos?"
"FINALLUMINE30_ZERO","Ja ja ja ja ja ja! Ni siquiera sabes por que estas luchando!"
"FINALLUMINE31_ZERO","Jugando a ser un \""heroe\"" que no parece saber que el fin de tu mundo ya ha comenzado!"
"FINALLUMINE32_ZERO","Crees que tus acciones realmente son por tu susodicha \""Justicia\""? Nosotros somos la verdadera justicia!"
"FINALLUMINE33_ZERO","El mundo esta cambiando. Por lo tanto, es simplemente natural que la evolucion siga su curso!"
"FINALLUMINE34_ZERO","Ahora, preparate para ser exterminado!"
"FINALLUMINE35_ZERO","Justicia? Heroe? Y quien dijo que yo lucho por esas cosas?"
"FINALLUMINE36_ZERO","Yo solo luche por lo que creia que es correcto, y por aquellos que creen que existe esperanza."
"FINALLUMINE37_ZERO","Tu eres el enemigo aqui... Y no voy a dudar en cortarte!"
"FINALLUMINE38_ZERO","Enemigo... aliado... Este asunto no es tan blanco y negro."
"FINALLUMINE39_ZERO","Reploides, junto con la humanidad, han cambiado irrevocablemente."
"FINALLUMINE40_ZERO","La naturaleza de su existencia tambien ha cambiado. Tu no eres necesario en nuestro nuevo mundo!"
"FINALLUMINE41_ZERO","Puedes hablar todo lo que quieras, pero no voy a permitir que te salgas con la tuya!!"
"SECRET2-1_ZERO","Bienvenido Zero, es un placer verte por primera vez."
"SECRET2-2_ZERO","Ah? Oh, gracias. No pareces ser un Maverick como los otros."
"SECRET2-3_ZERO","Siento algo... Pacifico en tu presencia, Quien eres?"
"SECRET2-4_ZERO","Que observador de tu parte darte cuenta tan rapido."
"SECRET2-5_ZERO","Soy Serenata."
"SECRET2-6_ZERO","Mencionaste que soy diferente a otros con los que te has enfrentado?"
"SECRET2-7_ZERO","Eso es por mi poder abrumador."
"SECRET2-8_ZERO","Abrumador?"
"SECRET2-9_ZERO","Correcto. Mi fuerza no es sobre agresion. He estado entrenando desde que perdi el titulo de UnderKing."
"SECRET2-10_ZERO","Ahora que mencionaste mi presencia, siento que eres algo... familiar."
"SECRET2-11_ZERO","hmm?"
"SECRET2-12_ZERO","Sera que... tu eres el que esta destinado a traernos a la destruccion?"
"SECRET2-13_ZERO","Que? Que es lo que sabes sobre mi? Dimelo ya!"
"SECRET2-14_ZERO","Por que no luchas conmigo y lo descubres?"
"SECRET2-15_ZERO","Por veinte años, he reunido poder y refinado mis habilidades. Te elijo como alguien capaz de ponerlas a prueba."
"SECRET2-16_ZERO","Serenata, cierto?"
"SECRET2-17_ZERO","Muy bien entonces, acepto tu duelo. A darle!"
"SECRET2-18_ZERO","Que asi sea, adelante Zero! Muestrame tu poder!"
"SECRET2-19_ZERO","Realmente confie en que mi poder seria suficiente para ganarte. Al parecer estaba equivocado."
"SECRET2-20_ZERO","Ahora que he observado mejor tu forma de pelear, no pareces ser como \""el\""."
"SECRET2-21_ZERO","Comparten muchas similitudes, pero tu pareces saber por que estas luchando."
"SECRET2-22_ZERO","Dices que hay una contraparte mia que es mi opuesto?"
"SECRET2-23_ZERO","En efecto, pero me temo que el sera derrotado por \""otro guerrero\"" como yo."
"SECRET2-24_ZERO","Peleaste majestuosamente, Zero. Realmente eres el oponente mas fuerte que he encontrado en este mundo."
"SECRET2-25_ZERO","Desearia tener algo mas que ofrecerte como recompensa... pero todo lo que puedo darte es mi gratitud."
"SECRET2-26_ZERO","Je, no hay de que preocuparse. Solo el hecho de que no fueras un Maverick me hace sentir recompensado."
"SECRET2-27_ZERO","Tal vez nos veamos de nuevo, en otro lugar... hasta entonces, adios, Zero."
"SECRET2-28_ZERO","Y recuerda, piensa en aquello por lo que realmente estas luchando."
"SECRET2-29_ZERO","..."
"SECRET3-1_ZERO","T... Tu!"
"SECRET3-2_ZERO","Oh, asi que eres tu, estuviste luchando junto a Axl contra nosotros, cierto?"
"SECRET3-3_ZERO","No te muevas! Esta area esta restringida a Cazadores de clase S, entregame esos datos ya!"
"SECRET3-4_ZERO","Aun no lo entiendes? Con esto, podemos cazar Mavericks como los Cazadores jamas pudieron."
"SECRET3-5_ZERO","Despues de todo, lucharon por tanto tiempo. Podriamos serles de gran ayuda, por un precio por supuesto."
"SECRET3-6_ZERO","Crees que enfrentarte a los Mavericks es un juego? Que haria que un cazarrecompensas como tu piense asi?"
"SECRET3-7_ZERO","Hmph, realmente eres un Cazador de clase S..."
"SECRET3-8_ZERO","Por que no te enfrentas a mi entonces. Quiero ver si sigues siendo igual de despiadado."
"SECRET3-9_ZERO","Empezamos entonces?"
"SECRET3-10_ZERO","Tch, No esta mal... para un ruco..."
"SECRET3-11_ZERO","Si te atreves a estorbarnos una vez mas, no dudare en cortarte a pedazos de nuevo."
"SECRET3-12_ZERO","Y Axl estaria decepcionado si supiera que su mentor no aprendio de sus errores."
"SECRET3-13_ZERO","Ja ja ja... Quizas tenias razon despues de todo."
"SECRET3-14_ZERO","La proxima vez que nos encontremos, no sera tan facil. Adios Zero.... Y por favor, sigue apoyando a mi muchacho."
"SECRET3-15_ZERO","..."
"FINAL-6","Sale wey!"
"VILE4-6_AXL","Quizas espere hasta el ultimo momento y me divierta un rato con esto."
"SUNFLOWER_ZERO_WEAPON","Tenshouha\n(Ola de Brillo Celestial)"
"ANTONION_ZERO_WEAPON","Juuhazan\n(Onda de Corte Fuerte)"
"MANTIS_ZERO_WEAPON","Rasetsusen\n(Giro Espiral del Templo)"
"MANOWAR_ZERO_WEAPON","Raikousen\n(Destello Relampago Intenso)"
"PANDA_ZERO_WEAPON","Youdantotsu\n(Estocada Cortante de Hojas)"
"TRILOBYTE_ZERO_WEAPON","Rekkyoudan\n(Corte De Espejo Violento)"
"YETI_ZERO_WEAPON","Hyouryushou\n(Ascenso del Dragon Helado)"
"ROOSTER_ZERO_WEAPON","Enkoujin\n(Hoja de Caida Llameante)"
"ZERONORMAL_NAME","Cuerpo del diario"
"ZERONORMAL_DISC","Sin habilidades especiales, wey."
"ZEROBLACK_NAME","???"
"ZEROBLACK_DISC","Mejoras secretas. Shh."
"NEXT_CHARACTER_NAME","OTRO WEY"
"NEXT_CHARACTER_DISC","Cambiar al siguiente personaje"
"PREV_CHARACTER_NAME","WEY ANTERIOR"
"PREV_CHARACTER_DISC","Cambiar al anterior personaje"
"ZEROBODY_NAME","Chaleco"
"ZEROBODY_DESC","15% menos daño, aguanta como macho"
"X_LEFT_TITLE_1","Casco:"
"X_LEFT_DESC_1","Sistema de copia de ADN para el Limon."
"X_LEFT_TITLE_2","Brazos:"
"X_LEFT_DESC_2","Limon MK17, dispara energia solar cargable."
"X_LEFT_TITLE_3","Cuerpo:"
"X_LEFT_DESC_3","Aleacion de Titanio X, aguanta bien los trancazos."
"X_LEFT_TITLE_4","Piernas:"
"X_LEFT_DESC_4","Sistema de Air Dash pa movimiento aereo."
"X_RIGHT_DESC","Obra maestra de Don Luz. Origen de toda la raza Reploid.\n\nUn cazador versatil que puede atacar de lejos.\n\n\nBuena eleccion pa los que apenas empiezan."
"ZERO_LEFT_TITLE_1","Casco:"
"ZERO_LEFT_DESC_1","Aprende tecnicas nuevas peleando"
"ZERO_LEFT_TITLE_2","El Chanclaso:"
"ZERO_LEFT_DESC_2","Un sable de luz pa combos de varios trancazos."
"ZERO_LEFT_TITLE_3","Cuerpo:"
"ZERO_LEFT_DESC_3","Mejora la movilidad y aumenta la energia pa movimientos potentes."
"ZERO_LEFT_TITLE_4","Danza Aerea:"
"ZERO_LEFT_DESC_4","Segundo salto en el aire con propulsores."
"ZERO_RIGHT_DESC","Lidera a los Cazadores cuando X anda de flojonazo. Esta relacionado con el Virus Sigma.\n\nEste poderoso cazador es bueno para los trancazos.\n\nBuena eleccion pa los que ya le saben."
"AXL_LEFT_TITLE_1","Chip de copia:"
"AXL_LEFT_DESC_1","Permite que Axl copie habilidades de sus enemigos."
"AXL_LEFT_TITLE_2","La Chancla:"
"AXL_LEFT_DESC_2","Dispara balas rapidas y potentes."
"AXL_LEFT_TITLE_3","Cuerpo ligero:"
"AXL_LEFT_DESC_3","Aumenta la movilidad y permite esquivar."
"AXL_LEFT_TITLE_4","Levitacion:"
"AXL_LEFT_DESC_4","Permite flotar en el aire. (manten disparo + salto para flotar y atacar al mismo tiempo)"
"AXL_RIGHT_DESC","Un Reploid prototipo de Nueva Generacion con chip de copia, su origen sigue siendo desconocido.\n\nUn Cazador agil capaz de esquivar ataques enemigos\n\nBuena eleccion pa los que se adaptan."
"GAME_START_X","DALE CON X"
"GAME_START_AXL","DALE CON AXL"
"GAME_START_ZERO","DALE CON ZERO"
"SUBTANK_NAME","Sub tanque"
"SUBTANK_DISC","Tanques de reserva pa emergencias"
"HEARTS_NAME","Corazoncitos"
"HEARTS_DISC","Aumentan tu vida maxima"
"BLACKZEROHEAD_NAME","Cabeza Negra"
"BLACKZEROHEAD_DISC","Los trancazos curan el daño"
"BLACKZEROBODY_NAME","Chaleco Negro"
"BLACKZEROBODY_DISC","No te empujan, 15% menos daño"
"BLACKZEROARM_NAME","Brazo Negro"
"BLACKZEROARM_DISC","20% mas daño, mejora habilidades"
"BLACKZEROLEG_NAME","Botas Negras"
"BLACKZEROLEG_DISC","Mas velocidad, salto extra en el aire"
"AXLWHITEHEAD_NAME","Cabeza Blanca"
"AXLWHITEHEAD_DISC","Las balas curan el daño"
"AXLWHITEBODY_NAME","Chaleco Blanco"
"AXLWHITEBODY_DISC","No te empujan, 30% menos daño"
"AXLWHITEARM_NAME","Brazo Blanco"
"AXLWHITEARM_DISC","Municion reducida al 50%"
"AXLWHITELEG_NAME","Botas Blancas"
"AXLWHITELEG_DISC","Flote infinito, mas velocidad, dash vertical"
"ULTIMATE_SET_NAME","Nova Strike"
"ULTIMATE_SET_DISC","Embestida con poder penetrante"
"ICARUS_SET_NAME","Giga crash"
"ICARUS_SET_DISC","Le pega a todos los enemigos en pantalla"
"HERMES_SET_NAME","X Drive"
"HERMES_SET_DISC","Invencible por un ratito"
"CANCEL_ACT","Cancelar"
"BETAZERO_NAME","Zero (Beta)"
"BETAZERO_DISC","Jugar como Zero beta (el juego se puede trabar)"
"CUSTOMZERO_NAME","Zero personalizado"
"CUSTOMZERO_DISC","Personaliza los colores en tu carpeta de guardados, mas chingón que zero negro"
"ZEROHEAD_NAME","Cabeza"
"ZEROHEAD_DESC","Aprende tecnicas nuevas"
"ZEROARMS_NAME","Brazo"
"ZEROARMS_DISC","El Chanclaso y otras armas"
"ZEROLEGS_NAME","Botas"
"ZEROLEGS_DISC","Doble salto y Dash aereo"
"AXLHEAD_NAME","Cabeza"
"AXLHEAD_DISC","Se puede convertir en otros Reploids."
"AXLBODY_NAME","Chaleco"
"AXLBODY_DISC","Permite hacer una maroma tactica"
"AXLARMS_NAME","Brazo"
"AXLARMS_DISC","Una pistola que dispara balas de energia"
"AXLLEGS_NAME","Botas"
"AXLLEGS_DISC","Permite flotar y usar Air Dash"
"JOKE_MODE_OPTION","Modo Jaja"
