"key","br"
"TOTAL_TIME","Tempo Total"
"DISCLAIMER1","Este jogo é um fangame gratuito.\n\nEle não é afiliado, associado, autorizado, aprovado ou oficialmente conectado com a Capcom ou qualquer uma de suas subsidiárias.\n\nMega Man X é propriedade da Capcom.\nPor favor, apoie os jogos oficiais!"
"MADE_BY","Um projeto solo por"
"INSPIRED_BY","Inspirado pela"
"SPECIALTHANKSTEXT","Esse mod foi feito pelo Zashiko\n\nE descompilado por Pirate\nLimpeza do projeto por: Rafael Setragni & Claude (IA)\n\nAgradecimentos especiais a todos os colaboradores e testadores do mod.\nTradução feita pelo: ElevenSSF2 (Mentinha)"
"16-BIT_TITLE","16-bits"
"OPTIONS_START","OPÇÕES"
"KEYCFG_START","CONTROLES"
"GAME_START","INICIAR JOGO"
"GAME_START_NORMAL","NORMAL"
"GAME_START_ROOKIE","FÁCIL"
"GAME_START_HARD","DIFÍCIL"
"GAME_START_INSANITY","INSANO"
"GAME_START_NINJA","QUASE IMPOSSÍVEL"
"LOAD_GAME","CARREGAR JOGO"
"ON_VALUE","Ativo"
"ON_VALUE_B","Alt."
"OFF_VALUE","Desl."
"EXIT_BUTTON","Sair"
"ARMORSETUP_TITLE","Armadura"
"LOADOUT_DISC","Escolha sua armadura"
"DEFAULTHEAD_NAME","Capacete Padrão"
"DEFAULTHEAD_DISC","Parte padrão."
"DEFAULTBODY_NAME","Peitoral Padrão"
"DEFAULTBODY_DISC","Parte padrão."
"DEFAULTARMS_NAME","Canhão Padrão"
"DEFAULTARMS_DISC","Parte padrão."
"DEFAULTLEGS_NAME","Botas Padrão"
"DEFAULTLEGS_DISC","Parte padrão. Dash aéreo."
"HERMESHEAD_NAME","Capacete H"
"HERMESHEAD_DISC","Carregamento de tiro mais rápido."
"HERMESBODY_NAME","Peitoral H"
"HERMESBODY_DISC","Acertar o Buster cura dano tomado."
"HERMESARMS_NAME","Buster H"
"HERMESARMS_DISC","Tiros de Arma não gastam munição."
"HERMESLEGS_NAME","Botas H"
"HERMESLEGS_DISC","Dash invencível."
"ICARUSHEAD_NAME","Capacete I"
"ICARUSHEAD_DISC","Pulo causa dano em inimigos."
"ICARUSBODY_NAME","Peitoral I"
"ICARUSBODY_DISC","Não é empurrado ao tomar dano."
"ICARUSARMS_NAME","Buster I"
"ICARUSARMS_DISC","Carregados não gastam munição."
"ICARUSLEGS_NAME","Botas I"
"ICARUSLEGS_DISC","Pulo mais alto e Dash aéreo 2x."
"ULTIMATEHEAD_NAME","Capacete U"
"ULTIMATEHEAD_DISC","Pulo causa dano e carrega o tiro mais rápido."
"ULTIMATEBODY_NAME","Peitoral U"
"ULTIMATEBODY_DISC","Não é empurrado e Buster cura dano tomado."
"ULTIMATEARMS_NAME","Ultimate Buster"
"ULTIMATEARMS_DISC","Tiros de Armas não gastam munição."
"ULTIMATELEGS_NAME","Botas U"
"ULTIMATELEGS_DISC","Mobilidade aprimorada e Dash Invencível."
"AXLNORMAL_NAME","Peitoral Padrão"
"AXLNORMAL_DISC","Sem Habilidades Especiais."
"AXLWHITE_NAME","???"
"AXLWHITE_DISC","Aprimoramentos extras."
"TANK_ABV","SUB.T"
"OPTIONS_ABV","OPÇÕES"
"KEYCFG_ABV","CONFIG"
"ACHIEV_ABV","Conqst"
"X_WPNMENU","X. Buster"
"SUNFLOWER_WPNMENU","O. Shield"
"ANTONION_WPNMENU","S. Bomb"
"MANTIS_WPNMENU","D. Arrow"
"MANOWAR_WPNMENU","T. Dancer"
"PANDA_WPNMENU","B. Launcher"
"TRILOBYTE_WPNMENU","C. Bouncer"
"YETI_WPNMENU","D. Diamond"
"ROOSTER_WPNMENU","F. Dash"
"AXL_WPNMENU","Axl Bullet"
"SUNFLOWER_AXL_WPNMENU","Ray Gun"
"ANTONION_AXL_WPNMENU","Spiral Magnum"
"MANTIS_AXL_WPNMENU","Black Arrow"
"MANOWAR_AXL_WPNMENU","Plasma Gun"
"PANDA_AXL_WPNMENU","Blast Launcher"
"TRILOBYTE_AXL_WPNMENU","Bound Blaster"
"YETI_AXL_WPNMENU","Ice Gattling"
"ROOSTER_AXL_WPNMENU","Flame Burner"
"SUNFLOWER_ZERO_WPNMENU","Tenshouha"
"ANTONION_ZERO_WPNMENU","Juuhazan"
"MANTIS_ZERO_WPNMENU","Rasetsusen"
"MANOWAR_ZERO_WPNMENU","Raikousen"
"PANDA_ZERO_WPNMENU","Youdantotsu"
"TRILOBYTE_ZERO_WPNMENU","Rekkyoudan"
"YETI_ZERO_WPNMENU","Hyouryuushou"
"ROOSTER_ZERO_WPNMENU","Enkoujin"
"SUNFLOWER_ZERO_DISC","Baixo + Tiro 2"
"ANTONION_ZERO_DISC","Tiro 2"
"MANTIS_ZERO_DISC","Tiro 2 (No Ar)"
"MANOWAR_ZERO_DISC","Dash + Tiro 2"
"PANDA_ZERO_DISC","Dir./Esq. + Tiro 2"
"TRILOBYTE_ZERO_DISC","Passiva"
"YETI_ZERO_DISC","Cima + Tiro 2"
"ROOSTER_ZERO_DISC","Baixo + Tiro 2 (No Ar)"
"ZERO_WPNMENU","Z-Sabre"
"BFAN_WPNMENU","B-Fan"
"DGLAIVE_WPNMENU","D-Glaive"
"TBREAKER_WPNMENU","T-Breaker"
"KKNUCKLE_WPNMENU","K-Knuckle"
"VHANGER_WPNMENU","V-Hanger"
"SIGMABLADE_WPNMENU","Sigma-Blade"
"YOUGOT_TITLE","Você obteve"
"SUNFLOWER_WEAPON","Optic Shield"
"ANTONION_WEAPON","Squeeze Bomb"
"MANTIS_WEAPON","Dark Arrow"
"MANOWAR_WEAPON","Thunder Dancer"
"PANDA_WEAPON","Blast Launcher"
"TRILOBYTE_WEAPON","Crystal Bouncer"
"YETI_WEAPON","Drift Diamond"
"ROOSTER_WEAPON","Fire Dash"
"OPTIONS_TITLE","OPÇÕES"
"LANGUAGE_OPTION","Idioma"
"BOSS_REMIX_OPTION","Nostalgia"
"REMIX_OPTION","Nostalgia 16-bit"
"DT_DASH_OPTION","Dash 2x pra frente"
"SKIP_DIAG_OPTION","Diálogos Puláveis"
"CHARGE_OPTION","Som Carregar Gradual"
"ACHIEV_OPTION","Mostrar Conquistas"
"MUSIC_OPTION","Volume da Música"
"SOUND_OPTION","Volume dos Sons"
"VSync","VSync"
"FPS_OPTION","FPS Alvo"
"FPS_PHYSICS_OPTION","FPS de física"
"FPS_UNCAPPED","Ilimitado"
"WSIZE_OPTION","Tamanho da Janela"
"FULLSCREEN_OPTION","Tela Cheia"
"STRETCH_OPTION","Alongamento"
"STRETCH_OPTION_VIEWPORT","Sem interpolação"
"STRETCH_OPTION_2D","Interpolado"
"CRT_OPTION","Filtro CRT"
"LIGHT_VALUE","Leve"
"STRONG_VALUE","Forte"
"DEBUG_OPTION","Mostrar Debug"
"SHOWIGT_OPTION","Mostra Tempo"
"GATEWAYSKIP_OPTION","Gateway Skip"
"ASPECT_OPTION","proporção de tela"
"IGNORE_VALUE","Não"
"KEEP_VALUE","Sim"
"KEYCFG_TITLE","CONFIGURAÇÃO DE BOTÕES"
"EXIT_MAINMENU","Voltar para a tela de título"
"ACTION_CTG","Ação"
"KEYBOARD_CTG","Teclado"
"JOYPAD_CTG","Controle"
"LEFT_ACT","Esquerda"
"RIGHT_ACT","Direita"
"NEWGAME_OPTION","Novo jogo+"
"CLEARSAVE_OPTION","Deletar Jogo Salvo e Resetar"
"CLEARSAVE_CONFIRM","Pressione novamente para confirmar"
"RESET_ACHIEV","Apagar Progresso Conquistas"
"CLEARSAVE_CONFIRM","Pressione novamente para confirmar"
"RESET_ACHIEV_FINISHED","Conquistas Resetadas"
"UP_ACT","Cima"
"DOWN_ACT","Baixo"
"SHOT_ACT","Tiro"
"SHOT2_ACT","Tiro2"
"JUMP_ACT","Pulo"
"DASH_ACT","Dash"
"ARMORABILITY_ACT","Ataque Esp."
"PREV_ACT","Arma Anterior"
"NEXT_ACT","Proxima arma"
"PAUSE_ACT","Pausar"
"CONFIRM_ACT","Confirmar"
"WPNLEFT_ACT","Roda Esq."
"WPNRIGHT_ACT","Roda Dir."
"WPNUP_ACT","Roda Cima"
"WPNDOWN_ACT","Roda Baixo"
"WPNRESET_ACT","Selec. Buster"
"ACHIEV_SCREEN_TITLE","Conquistas"
"ACHIEVEMENTSUNLOCKED","Conquistas Desbloqueadas"
"DEBUGACHIEVTITLE","Conquista Bloqueada..."
"DEBUGACHIEVDISC","Usou Modo Debug."
"BEATINTRO_DISC","Derrotou o Chefe do Parque de Noé."
"BEATINTRO_TITLE","É bom te ver outra vez"
"COLLECTALLHEARTS_DISC","Coletou todos os Corações."
"COLLECTALLHEARTS_TITLE","Strider"
"COLLECTALLSUBTANKS_DISC","Coletou todos os Sub Tanks."
"COLLECTALLSUBTANKS_TITLE","A Última Recompensa da Virtude"
"COLLECTFULLHERMES_DISC","Coletou todas as partes da Hermes Armor"
"COLLECTFULLHERMES_TITLE","Apagadores de Almas"
"COLLECTFULLICARUS_DISC","Coletou todas as partes da Icarus Armor."
"COLLECTFULLICARUS_TITLE","Comandando a Missão"
"SURFEDONMISSILE_DISC","Surfou os céus por 6 segundos."
"SURFEDONMISSILE_TITLE","Bomb Rush Cyberfunk"
"DEFEATEDALL_DISC","Derrotou os oito Mavericks."
"DEFEATEDALL_TITLE","O Elevador Orbital"
"DEFEATEDANY_DISC","Derrotou qualquer um dos Chefes."
"DEFEATEDANY_TITLE","A Nova Geração"
"GIGACRUSHKILL_DISC","Finalizou um Chefe usando o Giga Crash."
"GIGACRUSHKILL_TITLE","Cataclismo"
"PELEDOSGAMES_DISC","Cabeceou a Armadura bem depois de derrotar o Chefe."
"PELEDOSGAMES_TITLE","Pelé dos Jogos"
"PERFECTKILL_DISC","Derrotou qualquer Chefe sem usar armas especiais, melhorias e sem tomar dano."
"PERFECTKILL_TITLE","Marca dos Lobos"
"XDRIVEDODGE_DISC","Usou o XDrive durante um Ataque Desespero."
"XDRIVEDODGE_TITLE","Marca do Ninja"
"GIGACRUSHKILL_DISC","Finalizou um Chefe usando o Giga Crash."
"GIGACRUSHKILL_TITLE","Cataclismo"
"ANTONIONBUSTERONLY_DISC","Derrotou Gravity Antonion sem usar armas especiais."
"ANTONIONBUSTERONLY_TITLE","Não anexe Rolutos em mim"
"ANTONIONNAKED_DISC","Derrotou Gravity Antonion sem equipar nenhuma melhoria."
"ANTONIONNAKED_TITLE","Não fui feito só para Elogios"
"ANTONIONNODAMAGE_DISC","Derrotou Gravity Antonion sem tomar dano."
"ANTONIONNODAMAGE_TITLE","Um Incrivel Cientista"
"ANTONIONNOROTATION_DISC","Chegou ao final do Laboratório Primula sem girar a fase e nem morrer."
"ANTONIONNOROTATION_TITLE","Portal"
"MANOWARBUSTERONLY_DISC","Derrotou Gigabolt Manowar sem usar armas especiais."
"MANOWARBUSTERONLY_TITLE","Estou em controle total"
"MANOWARNAKED_DISC","Derrotou Gigabolt Manowar sem equipar nenhuma melhoria."
"MANOWARNAKED_TITLE","Quem é você afinal?"
"MANOWARNODAMAGE_DISC","Derrotou Gigabolt Manowar sem tomar dano."
"MANOWARNODAMAGE_TITLE","Não estou fazendo nada de errado!"
"MANOWARDOOREXPLODED_DISC","Destruiu a segunda porta em Usina Dinastia."
"MANOWARDOOREXPLODED_TITLE","Tenho que ir mais rapido!"
"MANTISBUSTERONLY_DISC","Derrotou Dark Mantis sem usar armas especiais."
"MANTISBUSTERONLY_TITLE","Minha lamina lhe demonstrará"
"MANTISNAKED_DISC","Derrotou Dark Mantis sem equipar nenhuma melhoria."
"MANTISNAKED_TITLE","Não somos Mavericks, Pivete"
"MANTISNODAMAGE_DISC","Derrotou Dark Mantis sem tomar dano."
"MANTISNODAMAGE_TITLE","Sua preciosa \""Justica\"""
"MANTISLIT_DISC","Pôs um fim a escuridão do Arsenal Soturno."
"MANTISLIT_TITLE","Brilhando na Escuridão"
"MANTISUNDETECTED_DISC","Não foi detectado pelas luzes em Arsenal Soturno."
"MANTISUNDETECTED_TITLE","Táticas Sombrias"
"PANDABUSTERONLY_DISC","Derrotou Bamboo Pandamonium sem usar armas especiais."
"PANDABUSTERONLY_TITLE","Único propósito de Destruir"
"PANDANAKED_DISC","Derrotou Bamboo Pandamonium sem equipar nenhuma melhoria."
"PANDANAKED_TITLE","Por isso, somos Forçados"
"PANDANODAMAGE_DISC","Derrotou Bamboo Pandamonium sem tomar dano."
"PANDANODAMAGE_TITLE","Nunca se questionou?"
"PANDARIDEREACHED_DISC","Chegou ao final da Floresta Ergânica com a Ride Armor Cyclops."
"PANDARIDEREACHED_TITLE","Probotector"
"ROOSTERBUSTERONLY_DISC","Derrotou Burn Rooster sem usar armas especiais."
"ROOSTERBUSTERONLY_TITLE","O preço a ser Pago"
"ROOSTERNAKED_DISC","Derrotou Burn Rooster sem equipar nenhuma melhoria."
"ROOSTERNAKED_TITLE","Julgado como um Maverick"
"ROOSTERNODAMAGE_DISC","Derrotou Burn Rooster sem tomar dano."
"ROOSTERNODAMAGE_TITLE","Não é uma Revolta qualquer"
"ROOSTERFROZEN_DISC","Parou a lava em Incinerador Inferno"
"ROOSTERFROZEN_TITLE","Hades"
"SUNFLOWERBUSTERONLY_DISC","Derrotou Optic Sunflower sem usar armas especiais."
"SUNFLOWERBUSTERONLY_TITLE","Ninguem pode nos controlar"
"SUNFLOWERNAKED_DISC","Derrotou Optic Sunflower sem equipar nenhuma melhoria."
"SUNFLOWERNAKED_TITLE","Não somos Monstros"
"SUNFLOWERNODAMAGE_DISC","Derrotou Optic Sunflower sem tomar dano."
"SUNFLOWERNODAMAGE_TITLE","O que estamos indo atrás"
"SUNFLOWERGOTSSSRANK_DISC","Conseguiu Rank S em todos os desafios de uma vez só."
"SUNFLOWERGOTSSSRANK_TITLE","Circuito de Gravidade"
"TRILOBYTEBUSTERONLY_DISC","Derrotou Earthrock Trilobyte sem usar armas especiais."
"TRILOBYTEBUSTERONLY_TITLE","Os Minerios que extraimos"
"TRILOBYTENAKED_DISC","Derrotou Earthrock Trilobyte sem equipar nenhuma melhoria."
"TRILOBYTENAKED_TITLE","Velhos montes de Sucata"
"TRILOBYTENODAMAGE_DISC","Derrotou Earthrock Trilobyte sem tomar dano."
"TRILOBYTENODAMAGE_TITLE","Caçador Desmiolado"
"YETIBUSTERONLY_DISC","Derrotou Avalanche Yeti sem usar armas especiais."
"YETIBUSTERONLY_TITLE","É tarde demais..."
"YETINAKED_DISC","Derrotou Avalanche Yeti sem equipar nenhuma melhoria."
"YETINAKED_TITLE","Seus Reploids de modelo antigo"
"YETINODAMAGE_DISC","Derrotou Avalanche Yeti sem tomar dano."
"YETINODAMAGE_TITLE","Caçador de Mavericks fraco"
"YETIDOOREXPLODED_DISC","Destruiu a primeira porta na Central Alva."
"YETIDOOREXPLODED_TITLE","Sonic Drive"
"VILEJAKOBBUSTERONLY_DISC","Derrotou Vile sem usar armas especiais."
"VILEJAKOBBUSTERONLY_TITLE","Encaixando as Peças"
"VILEJAKOBNAKED_DISC","Derrotou Vile sem equipar nenhuma melhoria."
"VILEJAKOBNAKED_TITLE","Por um Mundo que está se despedaçando"
"VILEJAKOBNODAMAGE_DISC","Derrotou Vile sem tomar dano."
"VILEJAKOBNODAMAGE_TITLE","Em tempos assim"
"VILEDEFEATEDTWICE_DISC","Derrotou Vile duas vezes."
"VILEDEFEATEDTWICE_TITLE","Nosso momento juntos"
"VILEDEVILBEARDEFEATED_DISC","Derrotou Devil Bear antes de terminar a luta."
"VILEDEVILBEARDEFEATED_TITLE","Assalto de Aço"
"VILEJAKOBDEFEATED_DISC","Derrotou Vile no topo do Elevador Orbital."
"VILEJAKOBDEFEATED_TITLE","A rota para o Espaço"
"VILESIGMADEFEATED_DISC","Derrotou Vile no Palácio de Sigma."
"VILESIGMADEFEATED_TITLE","Ainda há Esperança"
"GATEWAYFIESTA_DISC","Sobreviveu ao desafio mais difícil do Satélite de Acesso."
"GATEWAYFIESTA_TITLE","Desperados"
"COPYBUSTERONLY_DISC","Derrotou o Impostor sem usar armas especiais."
"COPYBUSTERONLY_TITLE","Seu mundo já decaiu"
"COPYNAKED_DISC","Derrotou o Impostor sem equipar nenhuma melhoria."
"COPYNAKED_TITLE","Por um fim em quê?"
"COPYNODAMAGE_DISC","Derrotou o Impostor sem tomar dano."
"COPYNODAMAGE_TITLE","Sou de fato Sigma"
"COPYDEFEATED_DISC","Derrotou o Impostor."
"COPYDEFEATED_TITLE","Hora do nosso Confronto Final"
"SIGMANAKED_DISC","Derrotou Sigma sem equipar nenhuma melhoria."
"SIGMANAKED_TITLE","Governante do Novo Mundo"
"SIGMANODAMAGE_DISC","Derrotou Sigma sem tomar dano."
"SIGMANODAMAGE_TITLE","Nosso encontro estava fadado a acontecer"
"LUMINENAKED_DISC","Derrotou o Chefe Final sem equipar nenhuma melhoria."
"LUMINENAKED_TITLE","Suponho que esteja satisfeito"
"LUMINENODAMAGE_DISC","Derrotou o Chefe Final sem tomar dano."
"LUMINENODAMAGE_TITLE","Mas é claro que estou bem"
"SERAPHNAKED_DISC","Derrotou a Segunda Forma do Chefe Final sem equipar nenhuma melhoria."
"SERAPHNAKED_TITLE","Tem o que é necessario?"
"SERAPHNODAMAGE_DISC","Derrotou a Segunda Forma do Chefe Final sem tomar dano."
"SERAPHNODAMAGE_TITLE","Ciclo amaldiçoado de Agressão"
"SERAPHDEFEATED_DISC","Finalizou o jogo."
"SERAPHDEFEATED_TITLE","Ferramentas do Velho Mundo"
"SECRET1DEFEATED_DISC","Derrotou o Chefe Secreto."
"SECRET1DEFEATED_TITLE","Corredores do Tempo"
"SECRET2DEFEATED_DISC","Derrotou o Chefe Secreto #2."
"SECRET2DEFEATED_TITLE","Ciclo das Seis Existências"
"SECRET3DEFEATED_DISC","Derrotou o Chefe Secreto #3."
"SECRET3DEFEATED_TITLE","Caminhos Cruzados"
"COLLECTBLACKZERO_TITLE","O Pior Pesadelo dos Mavericks"
"COLLECTBLACKZERO_DISC","Desbloqueou a Armadura Preta. Vá, minha maior obra-prima, você é o robô mais forte de todos."
"COLLECTWHITEAXL_TITLE","Poder Desconhecido"
"COLLECTWHITEAXL_DISC","Desbloqueou a Armadura Branca. Apesar de tudo, ainda continua sendo você...........Certo?"
"COLLECTULTIMATEX_TITLE","Pela Paz Eterna"
"COLLECTULTIMATEX_DISC","Desbloqueou a Ultimate Armor. Vá agora Maverick Hunter, você é a última esperança da humanidade."
"ZERODEFEATED_DISC","Derrote Zero na sua forma Despertada"
"ZERODEFEATED_TITLE","A Batalha Decisiva"
"STAGE_DC","Fase"
"BOSS_DC","Chefe"
"COMPLETION_DC","Concluído"
"NOAHSPARK_STAGE","Parque de Noé"
"NOAHSPARK_NAME","King Crabs-Y"
"SUNFLOWER_STAGE","Base Troia"
"SUNFLOWER_NAME","Optic Sunflower"
"ANTONION_STAGE","Laboratório Primula"
"ANTONION_NAME","Gravity Antonion"
"MANTIS_STAGE","Arsenal Soturno"
"MANTIS_NAME","Dark Mantis"
"MANOWAR_STAGE","Usina Dinastia"
"MANOWAR_NAME","Gigabolt Manowar"
"PANDA_STAGE","Floresta Ergânica"
"PANDA_NAME","Bamboo Pandamonium"
"TRILOBYTE_STAGE","Vale do Metal"
"TRILOBYTE_NAME","Earthrock Trilobyte"
"YETI_STAGE","Central Alva"
"YETI_NAME","Avalanche Yeti"
"ROOSTER_STAGE","Incinerador Inferno"
"ROOSTER_NAME","Burn Rooster"
"JAKOB_STAGE","Elevador Orbital Jakob"
"GATEWAY_STAGE","Satélite de Acesso"
"SIGMA_STAGE","Palácio Lunar Sigma"
"HERMESHEAD1","X... Imaginei que algo assim poderia acontecer, então preparei partes para você."
"HERMESHEAD2","Desta vez, quero que teste este capacete... Head Parts H."
"HERMESHEAD3","Este capacete irá acelerar o tempo de carregamento dos tiros da sua Buster e suas armas especiais."
"HERMESHEAD4","Entre na cápsula para equipar esta nova habilidade, X."
"HERMESBODY1","X... Imaginei que algo assim poderia acontecer, então preparei partes para você."
"HERMESBODY2","Aqui está... Este peitoral chama-se Body Parts H."
"HERMESBODY3","Com esta parte equipada você será capaz de recuperar vida ao acertar um inimigo logo após receber dano."
"HERMESBODY4","Entre na cápsula para equipar esta nova habilidade, X."
"HERMESARMS1","X... Imaginei que algo assim poderia acontecer, então preparei partes para você."
"HERMESARMS2","Teste esse canhão... Buster Parts H."
"HERMESARMS3","Equipar esta parte lhe dará acesso a um poderoso Tiro Carregado que se propaga em três direções."
"HERMESARMS4","Além disso, suas Armas não consomem energia quando disparadas, exceto quando você usar um Tiro Carregado."
"HERMESARMS5","Entre na cápsula para equipar esta nova habilidade, X."
"HERMESLEGS1","X... Imaginei que algo assim poderia acontecer, então preparei partes para você."
"HERMESLEGS2","Teste essas botas... Foot Parts H."
"HERMESLEGS3","Elas lhe concederão invencibilidade total a ataques inimigos durante o Dash no ar e no chão."
"HERMESLEGS4","Entre na cápsula para equipar esta nova habilidade, X."
"ICARUSHEAD1","X... Imaginei que algo assim poderia acontecer, então preparei partes para você."
"ICARUSHEAD2","Tome este capacete... Head Parts I."
"ICARUSHEAD3","Com esta parte equipada você causará dano ao pular próximo de inimigos."
"ICARUSHEAD4","Entre na cápsula para equipar esta nova habilidade, X."
"ICARUSBODY1","X... Imaginei que algo assim poderia acontecer, então preparei partes para você."
"ICARUSBODY2","Desta vez, quero que teste este peitoral... Body Parts I."
"ICARUSBODY3","Se você equipar esta parte receberá menos dano do que o normal e inimigos não poderão lhe empurrar."
"ICARUSBODY4","Entre na cápsula para equipar esta nova habilidade, X."
"ICARUSARMS1","X... Imaginei que algo assim poderia acontecer, então preparei partes para você."
"ICARUSARMS2","Tenho um novo canhão para você... Buster Parts I."
"ICARUSARMS3","Equipando esta parte você ganhará a habilidade de atirar um poderoso Tiro Carregado em forma de laser."
"ICARUSARMS4","Além disso, ao utilizar as suas Armas especiais quando carregadas, elas não irão consumir energia."
"ICARUSARMS5","Entre na cápsula para equipar esta nova habilidade, X."
"ICARUSLEGS1","X... Imaginei que algo assim poderia acontecer, então preparei partes para você."
"ICARUSLEGS2","Desta vez, tenho botas para você... Foot Parts I."
"ICARUSLEGS3","Elas lhe concederão a habilidade de pular mais alto do que o normal e usar o seu Dash aéreo duas vezes."
"ICARUSLEGS4","Entre na cápsula para equipar esta nova habilidade, X."
"INTRO2-1","Aqui é o X! Estou próximo do local do acidente do Elevador Orbital!"
"INTRO2-2","As redondezas estão infestadas de Mavericks!"
"INTRO2-3","Vou abrir caminho até lá. Se preparem para mandar o resgate ao meu sinal!"
"INTRO2-4","Entendido!"
"INTRO2-5","S-Sigma...!?"
"INTRO2-6","Para nos proteger de danos durante o acidente..."
"INTRO2-7","Tivemos que copiar um corpo resistente como o de Sigma."
"INTRO2-8","Nós Reploids da Nova Geração somos completamente imunes a qualquer tipo de vírus."
"INTRO2-9","Então copiar algo tão perigoso quanto Sigma não traz risco algum."
"INTRO2-10","Quem é você?"
"INTRO2-11","Me chamo Lumine..."
"INTRO2-12","Sou o responsável pelo elevador e pelo Projeto Jakob."
"INTRO2-13","Entendo. Aguentem firme, vou sinalizar minha equipe para que-"
"INTRO3-1","É muito bom te ver de novo, X!"
"INTRO3-2","Vile?!"
"INTRO3-3","Ha ha ha... Eu adoraria brincar com você, mas aparetemente tenho muito trabalho a se fazer... "
"INTRO3-4","Você é um criminoso procurado! Pare e liberte Lumine!"
"INTRO3-5","Sem chance. O Elevador Orbital está sob nosso controle agora..."
"INTRO3-6","O que é que você está planejando?!"
"INTRO3-7","Tudo começa agora, X... Um novo mundo está prestes a surgir!"
"INTRO3-8","Ha ha ha ha ha ha ha ha ha ha!"
"ANTONION1","Gravity Antonion... Você costumava ser um incrível cientista. O que aconteceu?"
"ANTONION2","Incrível cientista? Quem é você pra dizer isso?"
"ANTONION3","Eu não realizo minha pesquisa para ganhar elogios de gente como você."
"ANTONION4","Será que... Sigma te transformou em um Maverick?"
"ANTONION5","Maverick? Mais uma vez você tenta me rotular. Quanta arrogância!"
"ANTONION6","De qualquer forma, se você escolher se por no meu caminho eu irei lhe destruir!"
"MANOWAR1","Gigabolt Manowar!"
"MANOWAR2","Retorne o suprimento de energia da Cidade de Abel ao normal! Se não, a cidade será destruida!"
"MANOWAR3","... ... ..."
"MANOWAR4","...Eu não estou fazendo nada de errado... Quem é você?"
"MANOWAR5","Eu sou Mega Man X. Sou um Caçador de Mavericks."
"MANOWAR6","Me responda... Sigma fez você se tornar um Maverick?"
"MANOWAR7","Eu não sou um Maverick... Estou no controle das minhas próprias ações..."
"MANOWAR8","Eu estou trabalhando duro para realizar nosso sonho de um novo mundo...!"
"MANOWAR9","Você se tornou um Maverick! Vou ter que te impedir!"
"MANTIS1","Ei! O que um Caçador de Mavericks está fazendo aqui?"
"MANTIS2","Dark Mantis. Você é um Maverick. Estou pondo um fim a sua produção de armas."
"MANTIS3","Nós Reploids da Nova Geração fomos criados de forma que não podemos nos tornar Mavericks, garoto."
"MANTIS4","Então por que você está fabricando armas? Por acaso é Sigma que está te controlando?"
"MANTIS5","E o que está controlando você, X? Sua preciosa \""justiça\""? É isso?"
"MANTIS6","Dark Mantis... Suas ações são as de um Maverick!"
"MANTIS7","Vocês Reploids antigos realmente não entendem coisa alguma."
"MANTIS8","Minha lâmina vai te mostrar o quão falha sua \""justiça\"" realmente é!"
"PANDA1","Diga-me, X... Sabias tu que os primeiros motores de propulsão foram criados para mísseis a serem usados em guerra?"
"PANDA2","O percurso da história encontra-se marcado de criações cujo único propósito é a destruição. Mísseis... Reploids..."
"PANDA3","Do que você está falando? Nenhum Reploid deseja destruição."
"PANDA4","Então dizes tu que nunca pensastes estas coisas por ti mesmo, X?"
"PANDA5","Que este mundo almeja apenas destruição e nada mais?"
"PANDA6","É Isso que o Sigma acredita? Mas... isso é..."
"PANDA7","Prevejo o que estás prestes a expressar."
"PANDA8","Presumes que esta concepção é algo naturalmente Maverick, estou certo?"
"PANDA9","Precisamente por este motivo que nós somos obrigados a lutar."
"ROOSTER1","Sabe que lugar é esse, X?"
"ROOSTER2","Aqui é o centro de descartes. Onde o lixo é compactado e incinerado..."
"ROOSTER3","Burn Rooster, por que você iniciou uma revolta? Por acaso Sigma está lhe controlando?"
"ROOSTER4","Essa não é uma revolta qualquer. Isso é uma vingança em nome de todos os que você chamou de Maverick e atirou aqui!"
"ROOSTER5","Mavericks trazem apenas destruição! Não temos escolha a não ser detê-los!"
"ROOSTER6","E você chama isso de justiça? Você é quem deveria ser atirado aqui!"
"ROOSTER7","Acalme-se, Burn Rooster! É Sigma quem está te manipulando! Ele pretende apenas te usar, nada mais!"
"ROOSTER8","Me usando? Se esse é o preço que eu preciso pagar para criar um novo mundo, que assim seja!"
"ROOSTER9","Não existirá lugar para Reploids e Gerações antigas como você no mundo que vamos criar!"
"SUNFLOWER1","X... Se você chegou até aqui, suponho que deve ter entendido o que está acontecendo."
"SUNFLOWER2","Então me diga... O que você acha que estamos buscando?"
"SUNFLOWER3","Vocês Mavericks... Estão todos sob o controle de Sigma, não é?"
"SUNFLOWER4","Desculpe desapontá-lo, mas ninguém pode nos controlar."
"SUNFLOWER5","Talvez nós não sejamos os mocinhos, mas com certeza não somos monstros."
"SUNFLOWER6","Ninguém tem o direito de deter os nossos planos!"
"TRILOBYTE1","Você está ciente que o minério que extraimos aqui é usado no desenvolvimento espacial?"
"TRILOBYTE2","Estou. Me diga, o que Sigma quer com esses minérios?"
"TRILOBYTE3","Tsk. Mesmo que eu explicasse, duvido que um Caçador desmiolado como você conseguisse entender."
"TRILOBYTE4","Eu vou enterrar essa sua carcaça bem aqui!"
"YETI1","Não deixarei você entrar em nosso caminho."
"YETI2","Avalanche Yeti! O que pensa que está fazendo?"
"YETI3","Seu mundo não é mais considerado ideal para nós."
"YETI4","Dê o fora daqui, X."
"YETI5","De jeito nenhum! Se não repararmos este sistema, o balanço ecológico do mundo estará ameaçado!"
"YETI6","Hmph. É tarde demais, X. "
"YETI7","Você e seus amiguinhos Caçadores de Mavericks já eram!"
"VILE1-1","Vile!"
"VILE1-2","Para onde você levou Lumine? Você pretende impedir o Projeto Jakob?"
"VILE1-3","Tanto tempo separados e agora que estamos juntos só o que você faz é me encher de perguntas?"
"VILE1-4","Não se preocupe, X... Lumine está em boas mãos. Ha ha ha..."
"VILE1-5","O Elevador Orbital é importante demais para machucarmos quem o opera."
"VILE1-6","Você não sabe o que está fazendo?"
"VILE1-7","O Projeto Jakob é uma importante colaboração entre Humanos e Reploids!"
"VILE1-8","Relaxa, X..."
"VILE1-9","Vamos curtir nosso momento juntos, OK?"
"VILE2-1","Vile!"
"VILE2-2","Cansei de perseguir você. Liberte Lumine. Agora!"
"VILE2-3","Ha ha ha... Lumine? Sempre pensando positivo, né?"
"VILE2-4","Olhe a sua volta, idiota! Seu mundo já começou a desmoronar e você ainda pensa que pode fazer exigências?"
"VILE2-5","O mundo que você conhecia? Mavericks? Pode dar adeus a tudo isso!"
"VILE2-6","Caos, ruína e desespero! Foi para isso que fomos construídos!"
"VILE3-1","Ha ha ha! Você está fazendo um baita esforço por um mundo que já está perdido, X."
"VILE3-2","Então era realmente o Sigma manipulando tudo por trás dos panos, não é, Vile?"
"VILE3-3","Ha ha ha... Finalmente começou a juntar as pontas, X?"
"VILE3-4","O Elevador Orbital... A energia... Os minerais... Os mísseis..."
"VILE3-5","A rota para o espaço... Tudo aquilo que fez esse mundo sobreviver até agora... é nosso!"
"VILE3-6","Nessas horas, de que vale o seu querido termo \""Maverick\""?"
"VILE3-7","Não me importo com o que você está planejando. Eu vou te impedir, haja o que houver!"
"VILE4-1","Ainda se recusando a desistir, não é?"
"VILE4-2","Está tão cego que conseguiu se convencer que ainda existe esperança?"
"VILE4-3","Enquanto eu estiver lutando, existirá esperança!"
"VILE4-4","Derrotarei tanto você quanto Sigma!"
"VILE4-5","Ha ha ha... Seria um desperdício destruir você agora..."
"VILE4-6","Vou me divertir e só acabar com você no último segundo!"
"COPYSIGMA1","Sigma!?"
"COPYSIGMA2","Eu permito que me chame por esse nome, pois eu sou de fato Sigma."
"COPYSIGMA3","Você pretende se vingar de todo Reploid... De todo humano... No planeta inteiro?"
"COPYSIGMA4","Você está completamente louco! Eu vou por um fim nisso agora!"
"COPYSIGMA5","Por um fim em quê? Nós já controlamos a lua."
"COPYSIGMA6","O mundo antigo já apodreceu. Nós criaremos um novo mundo para sucedê-lo!"
"COPYSIGMA7","Mas antes disso, X, chegou a hora do nosso embate final!"
"SIGMA1","Seja bem-vindo, Caçador de Mavericks. É bom ver você outra vez, X."
"SIGMA2","Nosso encontro estava fadado a acontecer, X. Nosso destino se encerra aqui e agora."
"SIGMA3","Chegou a hora de iniciar uma nova era. Sua destruição, X, é parte essencial para que isso aconteça."
"SIGMA4","..."
"SIGMA5","Sua dedicação para o que você chama de \""justiça\"" foi o que me fez refletir..."
"SIGMA6","Graças a isso eu percebi como este mundo é imperfeito e decidi que eu iria mudá-lo."
"SIGMA7","Não me culpe pela sua insanidade, Sigma!"
"SIGMA8","Ha ha ha... Já é tarde demais, X. As engrenagens estão girando. Não existe mais volta."
"SIGMA9","Os Reploids da Nova Geração conseguiram, X. Meus filhos são os responsáveis por tudo isto."
"SIGMA10","Filhos? Do que você está falando?!"
"SIGMA11","O Projeto Jakob... O programa que deu origem aos Reploids da Nova Geração... Se deu por minha causa."
"SIGMA12","Sinta a angústia e o desespero! Você é impotente perante o rei do novo mundo!"
"SIGMA13","Agora, X... Você será destruído junto com esse seu mundo decaído!"
"FINALLUMINE1","Lumine! Você está bem?"
"FINALLUMINE2","Se eu estou bem? É claro que estou."
"FINALLUMINE3","Imagino que esteja satisfeito agora que derrotou Sigma."
"FINALLUMINE4","Mas ele apenas contribuiu com meu plano..."
"FINALLUMINE5","A Nova Geração de Reploids foi despertada, e um novo mundo está próximo de nascer!"
"FINALLUMINE6","Lumine! O que está dizendo!?"
"FINALLUMINE7","Não me diga que você também se tornou Maverick..."
"FINALLUMINE8","Maverick? Você sabe que este não é o caso, X..."
"FINALLUMINE9","É por isso que você está hesitando em lutar."
"FINALLUMINE10","...!"
"FINALLUMINE11","Reploids antigos como você tem que se preocupar se suas ações são realmente suas."
"FINALLUMINE12","Quem sabe o que está te controlando neste exato momento?"
"FINALLUMINE13","Porém, nós Reploids da Nova Geração fomos construídos de forma a ser imune a qualquer tipo de vírus."
"FINALLUMINE14","Isso garante nosso livre arbítrio. Cada uma de nossas ações foi escolhida por nós mesmos!"
"FINALLUMINE15","Isso inclui agir como Sigma agiu antes de nós... Entende onde quero chegar, X?"
"FINALLUMINE16","Nenhum Reploid escolheria ser insano como Sigma!"
"FINALLUMINE17","Pense um pouco, X... Sigma era realmente insano?"
"FINALLUMINE18","..."
"FINALLUMINE19","Sim, ele declarou guerra ao seu mundo. Devido a um vírus? Talvez."
"FINALLUMINE20","Mesmo assim, ele mostrou a todos o quanto o seu mundo está podre!"
"FINALLUMINE21","Humanos usando Reploids para perpetuar um terrível ciclo de violência..."
"FINALLUMINE22","Por isso nós conscientemente tomamos a decisão de lutar contra este seu mundo."
"FINALLUMINE23","Em outras palavras..."
"FINALLUMINE24","Nós podemos escolher nos tornar Mavericks a vontade!"
"FINALLUMINE25","...!"
"FINALLUMINE26","X... Você acha que tem o que é preciso para nos deter?"
"FINALLUMINE27","Você é só uma ferramenta dos humanos. Nada mais do que isso."
"FINALLUMINE28","Pensa que pode enfrentar a nós, que evoluímos a esse ponto?"
"FINALLUMINE29","He he he he he... Ha ha ha ha ha...! Não me faça rir..."
"FINALLUMINE30","O mundo está mudando! A evolução está tomando seu curso!"
"FINALLUMINE31","Agora prepare-se para ser exterminado!"
"FINALLUMINE32","Lumine... Me desculpe mas... Não tenho outra escolha."
"FINALLUMINE33","Mesmo se você for o diretor por trás do Projeto Jakob..."
"FINALLUMINE34","Eu não vou me render até acabar com suas ambições!"
"FINALLUMINE35","Você tinha tudo para ser nosso aliado, mas no final se tornou nosso inimigo."
"FINALLUMINE36","E eu não vou deixar você escapar impune!"
"FINALLUMINE37","Inimigo... Aliado... Esse assunto não é tão preto e branco assim."
"FINALLUMINE38","Humanos e Reploids mudaram e não há como voltar atrás."
"FINALLUMINE39","A natureza de sua existência também mudou..."
"FINALLUMINE40","Você não é mais necessário em nosso novo mundo!"
"ENDING1-1","ENDING1-1"
"ENDING1-2","Inacreditável...."
"ENDING1-3","Pode ate ter me derrotado, mas é tarde demais para impedir o que já começou."
"ENDING1-4","Vou encarar muito mais gente como você, se isso for necessário."
"ENDING1-5","Ha ha... Você realmente não tem noção da situação que se encontra, não é?"
"ENDING1-6","Oh bem, você vai descobrir isso..... muito em breve....."
"ENDING1-7","....."
"ENDING1-8","Agh! Não aguento mais essa dor.. Acabe... logo com isso..."
"ENDING2-1","Aqui é o X..."
"ENDING2-2","A missão... foi concluída."
"ENDING2-3","Estou retornando agora..."
"ENDING2-4","Entendido..."
"FINAL-1","Axl!"
"FINAL-2","X... X... Pode me ouvir? A comunicação foi restabelecida. Relatório da Missão!"
"FINAL-3","Aqui é o X, impedimos os planos do Sigma... Mas o Axl..."
"FINAL-4","Axl acabou sofrendo ferimentos, mas ele está bem."
"FINAL-5","Estamos voltando agora."
"FINAL2-1","(Despertando...)"
"FINAL2-2","(Foi assim que o Lumine descreveu...)"
"FINAL2-3","(Ele disse, que isso era evolução...)"
"FINAL2-4","(Se ele realmente estiver certo...)"
"FINAL2-5","(Então... O que estamos fazendo?)"
"FINAL3-1","Aposto que você está pensando no que o Lumine estava dizendo lá atrás não é?"
"FINAL3-2","Bem, não deixe isso te afetar. Se tornar como Sigma é um ato ridículo a ponto de ser chamado de evolução."
"FINAL3-3","..."
"FINAL3-4","De qualquer forma, X..."
"FINAL3-5","Mesmo se nós Reploids estivermos destinados a nos juntar ao ferro velho quando esse \""passo evolutivo\"" algum dia acontecer..."
"FINAL3-6","Ainda teremos que lutar..."
"FINAL3-7","Não só contra os Mavericks, mas também contra os nossos próprios destinos!"
"SECRET2-1","Bem vindo, Mega Man X. Estive a sua espera."
"SECRET2-2","Você é diferente de qualquer um que já enfrentei..."
"SECRET2-3","Você erradia uma aura de paz e misericórdia. Quem é você?"
"SECRET2-4","Muito perspicaz da sua parte notar meus traços."
"SECRET2-5","Me chamo Serenade."
"SECRET2-6","Você mencionou que sou diferente de outros que já enfrentou?"
"SECRET2-7","Isso se dá devido ao meu incrível poder."
"SECRET2-8","Incrível...?"
"SECRET2-9","Correto. Estive treinando para me tornar mais forte desde que perdi o título de UnderKing."
"SECRET2-10","Por vinte anos estive acumulando poder e escolhi você para testar minha força."
"SECRET2-11","Serenade, não é? Hmm..."
"SECRET2-12","Certo, eu aceito seu duelo!"
"SECRET2-13","Então, que assim seja..."
"SECRET2-14","Eu sinceramente pensei que poderia derrota-lo. Eu estava errado."
"SECRET2-15","A compaixão, o amor e o respeito que você possui em seu coração o fazem poderoso."
"SECRET2-16","Você lutou bravamente. De fato você é o robô mais poderoso deste mundo."
"SECRET2-17","Infelizmente não tenho nada para lhe recompensar além dos meus agradecimentos."
"SECRET2-18","Mega Man X. Nos encontraremos de novo, em algum outro lugar..."
"SECRET2-19","Por enquanto, adeus!"
"SECRET3-1","Finalmente consegui. Esses dados contém informações de inúmeros criminosos..."
"SECRET3-2","Você, parado aí. Esta área é de acesso exclusivo dos Caçadores. Entregue-se agora!"
"SECRET3-3","Sei o que isso parece, mas não se esquente, X."
"SECRET3-4","Meu nome é Red. Fiquei sabendo que as coisas andam meio complicadas pra vocês e decidi... ajudar."
"SECRET3-5","Com estes dados, poderemos começar a caçar Mavericks por nós mesmos... Em troca de uma grana, é claro."
"SECRET3-6","Você não passa de um caçador de recompensas."
"SECRET3-7","Pense o que quiser, eu não vou recuar agora. Prepare-se!"
"SECRET3-8","Nada mau... para um velhote..."
"ZEROSECRET1","He he he he he!"
"ZEROSECRET2","Finalmente, agora eu entendo, nunca estive tão feliz..."
"ZEROSECRET3","Z... Zero?"
"ZEROSECRET4","X! Minha mente está ficando muito clara... Agora entendo meu real propósito."
"ZEROSECRET5","Não me importo mais com os Mavericks... Só há uma coisa que importa agora..."
"ZEROSECRET6","Zero? O que aconteceu com você? Isso não é você. Resista! Você vai morrer se continuar assim!"
"ZEROSECRET7","Finalmente me sinto livre das minhas correntes, X. Depois de todo esse tempo sendo Frágil, Fraco, Impotente..."
"ZEROSECRET8","Eu finalmente despertei minha verdadeira forma! OLHE EM MEUS OLHOS X! VOCÊ NÃO SENTE MINHA FELICIDADE?! HA HA HA HA HA HA HA HA HA!!!!!!"
"ZEROSECRET9","..."
"ZEROSECRET10","Zero... Foi como você me disse antes, não é?"
"ZEROSECRET11","Existem coisas que não podem ser lidas com equipamentos, e nem vistas com os olhos."
"ZEROSECRET12","Temos que sentir eles..."
"ZEROSECRET13","E agora posso sentir algo fortemente maligno, mais maligno do que Sigma."
"ZEROSECRET14","Este é o nosso destino, não é? Eu vou não vou recuar, vou lutar ate o fim! Eu vou te vencer e trazer meu amigo de volta!"
"ZEROSECRET15","Então não preciso explicar mais nada para você agora. EU VOU ACABAR COM VOCÊ, X!"
"ZEROSECRET16","ZERO!!!"
"INTRO2-1_AXL","Alia, na escuta? Aqui é o Axl, estou perto do local do acidente do Elevador Orbital."
"INTRO2-2_AXL","Mas que coisa hein, isso tá uma bagunça... Mavericks pra tudo que é canto."
"INTRO2-3_AXL","Estou a caminho! Preparem os Mecanilóides de resgate para partirem assim que eu der o sinal!"
"INTRO2-4_AXL","Entendido, Axl. Tenha cuidado!"
"INTRO2-5_AXL","S-Sigma...?! Mas.... como?!"
"INTRO2-6_AXL","Para nos proteger de danos durante o acidente..."
"INTRO2-7_AXL","Tivemos que copiar um corpo resistente como o de Sigma."
"INTRO2-8_AXL","Nós Reploids da Nova Geração somos completamente imunes a qualquer tipo de vírus."
"INTRO2-9_AXL","Então copiar algo tão perigoso quanto Sigma não traz risco algum."
"INTRO2-10_AXL","Espera, mas quem é você?"
"INTRO2-11_AXL","Me chamo Lumine..."
"INTRO2-12_AXL","Sou responsável pelo elevador e pelo Projeto Jakob."
"INTRO2-13_AXL","Entendi. Aguentem ai, vou chamar a equipe de resgate para que vocês possam ser-"
"INTRO3-1_AXL","Ora, ora, mas o que temos aqui? Um Caçador Novato é?"
"INTRO3-2_AXL","Mas o que... Quem é você?"
"INTRO3-3_AXL"," Me chamo Vile, gostaria de dizer que foi um prazer conhecê-lo, mas isso seria mentira."
"INTRO3-4_AXL","Me diga, onde está o seu amigo X?"
"INTRO3-5_AXL","X? O que ele tem a ver com você?"
"INTRO3-6_AXL","Ha ha ha! Nada demais... Só estou querendo resolver alguns assuntos inacabados."
"INTRO3-7_AXL","Você não vai sequestrar ninguém aqui, liberte Lumine agora!"
"INTRO3-8_AXL","Sem chance. O Elevador Orbital está sob nosso controle agora..."
"INTRO3-9_AXL","O que é que você está planejando?!"
"INTRO3-10_AXL","Melhor se preparar garoto... Pois um novo mundo está prestes a emergir!"
"INTRO3-11_AXL","Ha ha ha ha ha ha ha ha ha ha!"
"ANTONION1_AXL","Antonion, você costumava ser um gênio. Por acaso ficou insano? O que você está planejando fazer?"
"ANTONION2_AXL","Insano? Ha ha, que hilário."
"ANTONION3_AXL","Está querendo dizer que você é o que tem sanidade pura aqui? Tem certeza do lado em que está?"
"ANTONION4_AXL","Tenho. Não é muito difícil distinguir o bem do mal. Isso eu tenho certeza."
"ANTONION5_AXL","Ha! Eu não poderia concordar mais!"
"ANTONION6_AXL","O problema aqui é o mundo onde vivemos. E eu pretendo consertar tudo isso!"
"MANOWAR1_AXL","O que está acontecendo aqui, Man-o-War?"
"MANOWAR2_AXL","Se você não devolver o poder ao normal, o povo da Cidade de Abel vai sofrer."
"MANOWAR3_AXL","... ... ..."
"MANOWAR4_AXL","Ele já se foi depois que virou um Maverick, mal consegue dizer alguma coisa."
"MANOWAR5_AXL","O quê? O que é um Maverick? Você sabe o que é?"
"MANOWAR6_AXL","Maverick? É um Reploid descontrolado como você."
"MANOWAR7_AXL","Foi mal amigão, mas eu vou ter que te neutralizar."
"MANTIS1_AXL","Ouvir dizer que você é o Protótipo dos Reploids da Nova Geração."
"MANTIS2_AXL","Me diga, porque se tornou um Caçador de Mavericks afinal?"
"MANTIS3_AXL","Porque eu adoro varrer o chão com a cara de Mavericks malvados como você, Mantis."
"MANTIS4_AXL","Hmph. Como ousa me acusar de algo que eu não possa ser."
"MANTIS5_AXL","Não existe bem e nem mal. Você ainda não percebeu isso, não é?"
"MANTIS6_AXL","Posso ser um protótipo, mas não presumo que eu seja igual a vocês, Mavericks malditos!"
"MANTIS7_AXL","Você é terrivelmente inocente para um protótipo de nós."
"MANTIS8_AXL","Admito que estou com um pouco de ciúmes."
"MANTIS9_AXL","Que tal eu demonstrar para você com minhas Lâminas?"
"PANDA1_AXL","Você possui a mesma capacidade de cópia que nós, Reploids da Nova Geração desfrutamos."
"PANDA2_AXL","..."
"PANDA3_AXL","Já pensastes tu que este poder pode ser capaz de mudar o mundo em sua volta?"
"PANDA4_AXL","A única coisa que penso é como isso é útil para derrotar vocês, Mavericks!"
"PANDA5_AXL","Quanta petulância. Acho que por estes motivos tolos, não temos utilidades para você afinal."
"ROOSTER1_AXL","Sabe onde você está, moleque?"
"ROOSTER2_AXL","O nome é Axl, e eu não sou moleque coisa nenhuma!"
"ROOSTER3_AXL","De qualquer forma, este é o centro de descarte de resíduos..."
"ROOSTER4_AXL","É muito mais do que apenas isso."
"ROOSTER5_AXL","É o cemitério de todos os Reploids que foram acusados de Mavericks por vocês."
"ROOSTER6_AXL","Aaah, então você pensou que começaria uma revolta em troca de algo, né?"
"ROOSTER7_AXL","Isso é um comportamento de um Maverick!"
"ROOSTER8_AXL","É isso que você quer dizer quando fala de justiça? É você quem deve ser eliminado!"
"ROOSTER9_AXL","Não haverá lugar para protótipos e gerações antigas como você no nosso novo mundo que vamos criar!"
"SUNFLOWER1_AXL","Axl... O metamorfo. O protótipo dos Reploids que irão liderar a nova era..."
"SUNFLOWER2_AXL","E o que quer dizer com isso? Está dizendo que eu deveria me juntar a vocês? Achou errado, idiota!"
"SUNFLOWER3_AXL","Se você fosse um pouco mais inteligente, você poderia ter sido escolhido também."
"SUNFLOWER4_AXL","Podemos não ser os mocinhos, mas não somos monstros."
"SUNFLOWER5_AXL","Tais conceitos estão além do alcance de idiotas como você."
"SUNFLOWER6_AXL","Esse cara está fora de si. Melhor detê-lo antes que ele fale mais abobrinhas."
"TRILOBYTE1_AXL","Os minerais que extraímos aqui são essenciais para o desenvolvimento do espaço."
"TRILOBYTE2_AXL","Imagino que um protótipo mal feito como você não iria conseguir adivinhar o que quero dizer com isso."
"TRILOBYTE3_AXL","Vocês Mavericks nunca fizeram o menor sentido para mim."
"TRILOBYTE4_AXL","Eu fui escolhido e você foi deixado para trás. Você nunca será tão brilhante quanto eu!"
"TRILOBYTE5_AXL","Você é quem tem um mal julgamento, Trilobyte. Sendo enganado e usado pelo Sigma!"
"TRILOBYTE6_AXL","Nosso novo mundo nascerá em breve! Tolos como você do velho mundo cairão!"
"YETI1_AXL","Então você é o protótipo que pode mudar de forma?"
"YETI2_AXL","Se transformar em Maverick tão facilmente assim, então eu diria que não estou muito contente em ser o seu protótipo."
"YETI3_AXL","Palavras fortes para alguém tão fraco quanto um Caçador de Mavericks."
"YETI4_AXL","Quem você está chamando de fraco aqui? É você que está tentando destruir o mundo, e não eu!"
"VILE1-1_AXL","Ha ha ha ha ha!"
"VILE1-2_AXL","Por que você não desiste agora e acaba logo com isso?"
"VILE1-3_AXL","O mundo que você conhecia? Mavericks? Pode dar adeus a tudo isso!"
"VILE1-4_AXL","Caos, ruína e desespero! Foi para isso que fomos construídos!"
"VILE1-5_AXL","Hmph, que seja, não pense que vai evitar de levar uma surra só porque disse isso."
"VILE2-1_AXL","Vile, não é?"
"VILE2-2_AXL","O que tá fazendo aqui?"
"VILE2-3_AXL","O que planeja fazer com o Lumine e o Elevador Orbital?"
"VILE2-4_AXL","Não se preocupe com Lumine. Ao contrário de você, ele tem alguma importância em nosso plano."
"VILE2-5_AXL","Eu não ligo se você já foi um Caçador Classe A."
"VILE2-6_AXL","Você é um Maverick agora, e eu sei muito bem como lidar com idiotas como você."
"VILE2-7_AXL","Ha ha! Te deixei irritado foi? Cai dentro moleque!"
"VILE3-1_AXL","Ha! Você ainda está preocupado com a justiça quando o mundo está à beira da destruição?"
"VILE3-2_AXL","Pode apostar que sim, meu chapa!"
"VILE3-3_AXL","Apesar de que terei que desperdiçar justiça em você antes de eu ir atras do Sigma!"
"VILE3-4_AXL","O Elevador Orbital... A energia... Os minerais... Os mísseis..."
"VILE3-5_AXL","A rota para o Espaço..."
"VILE3-6_AXL","Tudo aquilo que fez esse mundo sobreviver até agora... é nosso!"
"VILE3-7_AXL","Nessas horas, de que vale o seu querido termo \""Maverick\""?"
"VILE3-8_AXL","Eu te explico assim que eu te transformar em pilha de sucata velha!"
"VILE4-1_AXL","Ainda se recusando a desistir, não é?"
"VILE4-2_AXL","Está tão cego que conseguiu se convencer que ainda existe esperança?"
"VILE4-3_AXL","Se tudo o que preciso fazer é derrotar você, então estou cheio de esperanças, imbecil."
"VILE4-4_AXL","Se eu desistir agora, todos os meus esforços serão em vão. Por isso me recuso a desistir!"
"VILE4-5_AXL","Ha ha ha... Seria um desperdício destruir você agora..."
"COPYSIGMA1_AXL","Sigma!?"
"COPYSIGMA2_AXL","Achou que podia nos evitar só fugindo e se escondendo no espaço igual um covarde?"
"COPYSIGMA3_AXL","Fugir? Se esconder? Está enganado."
"COPYSIGMA4_AXL","Nós simplesmente escolhemos deixar aquele planeta fútil para trás."
"COPYSIGMA5_AXL","Tanto faz, de qualquer maneira eu vou ter que destruir você."
"COPYSIGMA6_AXL","Qual de nós será \""destruído\""? Vamos ver então... Já que você não foi um dos escolhidos."
"COPYSIGMA7_AXL","Apenas nós da Nova Geração poderemos viver neste novo mundo! Não tenho utilidade para protótipos frágeis como você!"
"SIGMA1_AXL","Hmph, então você é aquele pirralho que chamam de Axl."
"SIGMA2_AXL","O Protótipo dos Reploids da Nova Geração."
"SIGMA3_AXL","Estou surpreso que conseguiu chegar ate aqui."
"SIGMA4_AXL","Ei... Parem de me chamar de Protótipo..."
"SIGMA5_AXL","Eu sou eu. E você... Você é um Maverick!"
"SIGMA6_AXL","Você é um protótipo insignificante e fraco, e nada mais do que isso!"
"SIGMA7_AXL","Sua capacidade de cópia está longe de ser desenvolvida. Por isso você foi deixado para trás."
"SIGMA8_AXL","Os Mavericks são um clube do qual eu prefiro ficar mesmo de fora!"
"SIGMA9_AXL","Somente os Reploids puros da Nova Geração... Meus filhos, são dignos de estarem aqui."
"SIGMA10_AXL","Seus filhos?"
"SIGMA11_AXL","Sim, protótipo.... Meus filhos..."
"SIGMA12_AXL","Todos os Reploids da Nova Geração nascidos do Projeto Jakob, possuem chips de cópia contendo meus dados pessoais."
"SIGMA13_AXL","E agora começa a fase final desse projeto!"
"SIGMA14_AXL","Você será destruído!!!"
"FINALLUMINE1_AXL","Ah, é você Lumine. Você está bem?"
"FINALLUMINE2_AXL","Se eu estou bem? Mas é claro."
"FINALLUMINE3_AXL","Imagino que esteja satisfeito agora que derrotou o Sigma."
"FINALLUMINE4_AXL","Graças a você o plano pode continuar normalmente."
"FINALLUMINE5_AXL","Mas.... Lumine, você não estava sendo usado pelo Sigma?"
"FINALLUMINE6_AXL","Usado? Creio que não."
"FINALLUMINE7_AXL","Não percebe? Ele apenas ajudou no meu plano."
"FINALLUMINE8_AXL","Os Reploids da Nova Geração despertaram e um novo mundo está próximo de nascer!"
"FINALLUMINE9_AXL","Lumine! O que está dizendo? Não vai me dizer que também virou um Maverick?"
"FINALLUMINE10_AXL","Maverick? Você realmente não acha que seja esse o caso, não é?"
"FINALLUMINE11_AXL",".........!"
"FINALLUMINE12_AXL","Os chips de cópia que nós Reploids da Nova Geração possuímos..."
"FINALLUMINE13_AXL","Eles foram derivados de dados de centenas de modelos antigos de Reploids."
"FINALLUMINE14_AXL","Isso significa, é claro, que Sigma também foi incluído entre eles."
"FINALLUMINE15_AXL","Você entende aonde eu quero chegar?"
"FINALLUMINE16_AXL","Chips de Cópia? Sigma? Quer dizer então que vou ficar insano igual ele?"
"FINALLUMINE17_AXL","Lamento, mas protótipos como você não têm especificações para algo assim."
"FINALLUMINE18_AXL","Além disso, o Sigma era realmente insano como dizem?"
"FINALLUMINE19_AXL",".........?"
"FINALLUMINE20_AXL","Ele se rebelou contra o seu mundo é claro. Mas ele tinha seus motivos..."
"FINALLUMINE21_AXL","O resto de nós, Reploids da Nova Geração, podemos ficar assim a qualquer instante..."
"FINALLUMINE22_AXL","Esta decisão de travar uma batalha contra o velho mundo foi tomada conscientemente."
"FINALLUMINE23_AXL","Em outras palavras... Nós podemos escolher nos tornar Mavericks a vontade!"
"FINALLUMINE24_AXL","Axl, acha mesmo que tem alguma chance contra nós."
"FINALLUMINE25_AXL","Você é apenas uma ferramenta dos humanos... Uma ferramenta do velho mundo, nada mais do que isso."
"FINALLUMINE26_AXL","Acha que tem a audácia de apontar a sua arma na minha frente e tentar me deter?"
"FINALLUMINE27_AXL","Ha ha ha ha ha ha! Não tente bancar o ridículo!"
"FINALLUMINE28_AXL","O mundo esta mudando. Portanto é natural que a evolução prossiga o seu percusso!"
"FINALLUMINE29_AXL","Agora prepare-se para ser exterminado pra sempre!"
"FINALLUMINE30_AXL","Eu não vou deixar você chegar até mim e me dizer o que eu sou ou o que devo ser."
"FINALLUMINE31_AXL","Você é o inimigo aqui e não vou permitir que você saia daqui vivo!"
"FINALLUMINE32_AXL","Inimigo... Aliado... Esse assunto não é tão preto e branco assim. Humanos e Reploids mudaram e não há como voltar atrás."
"FINALLUMINE33_AXL","A natureza de sua existência também mudou... Você não é mais necessário em nosso novo mundo!"
"ENDING1-1_AXL","Inacreditável...."
"ENDING1-2_AXL","Pode ate ter me derrotado, mas é tarde demais para impedir o que já começou."
"ENDING1-3_AXL","Vou encarar muito mais gente como você, se isso for necessário."
"ENDING1-4_AXL","Ha Ha... Você realmente não tem noção da situação que se encontra não é?"
"ENDING1-5_AXL","Oh bem, você vai descobrir isso..... muito em breve....."
"ENDING1-6_AXL","....."
"ENDING1-7_AXL","Agh! Não aguento mais essa dor... Acabe... Logo com isso..."
"ENDING2-1_AXL","Aqui é o Axl."
"ENDING2-2_AXL","Axl.....Axl! Relatório da Missão!"
"ENDING2-3_AXL","A missão foi....... Sucedida."
"ENDING2-4_AXL","O inimigo foi neutralizado..... Estou voltando a base agora."
"ENDING2-5_AXL","Entendido..."
"SECRET2-1_AXL","Bem-vindo, Axl. Estive esperando a sua chegada."
"SECRET2-2_AXL","Ah, então você já me conhece?"
"SECRET2-3_AXL","Vou ser sincero, você parece ser mais.... \""Tranquilo\"" do que qualquer um que já vi. Qual é a sua?"
"SECRET2-4_AXL","Muito perspicaz da sua parte notar meus traços."
"SECRET2-5_AXL","Me chamo Serenade."
"SECRET2-6_AXL","Você mencionou que sou diferente de outros que já enfrentou?"
"SECRET2-7_AXL","Isso se dá devido ao meu incrível poder."
"SECRET2-8_AXL","Incrivel? Tá falando serio mesmo? Você não aparentar ser esse tipo sinceramente."
"SECRET2-9_AXL","Correto. Estive treinando para me tornar mais forte desde que perdi o título de UnderKing."
"SECRET2-10_AXL","Por vinte anos estive acumulando poder e escolhi você para testar minha força."
"SECRET2-11_AXL","Vinte anos? Nossa, isso é.... Muito tempo. Mas ei, eu tenho a capacidade de copiar as coisas ainda."
"SECRET2-12_AXL","Senerade, não é? Hmmm..."
"SECRET2-13_AXL","Tem certeza de que quer me encarar? Você pode estar mordendo mais do que pode mastigar. Mas ei, um desafio é um desafio. To dentro!"
"SECRET2-14_AXL","Então venha, Axl. Mostre para mim do que você é capaz de fazer."
"SECRET2-15_AXL","Eu sinceramente pensei que poderia derrota-lo. Eu estava errado."
"SECRET2-16_AXL","Mas você... Você não confia somente na força. Há algo em seu espírito que o torna mais forte."
"SECRET2-17_AXL","É mais do que meras habilidades de combate. É sua perseverança, seu coração."
"SECRET2-18_AXL","É, bem... Sabe como é. Tenho o hábito de surpreender as pessoas. Acho que sou cheio de truques."
"SECRET2-19_AXL","Mas você também não foi moleza. Eu respeito isso em você."
"SECRET2-20_AXL","Você lutou bravamente, Axl. Você pode ser o guerreiro mais forte que já conheci neste mundo."
"SECRET2-21_AXL","Infelizmente não tenho nada para lhe recompensar além dos meus agradecimentos."
"SECRET2-22_AXL","Hehe, não esquenta, foi uma boa luta. Essa é toda recompensa que preciso..."
"SECRET2-23_AXL","Apesar de que.... Se você tiver outros aprimoramentos secretos por aí, eu não diria não."
"SECRET2-24_AXL","Talvez nos encontremos novamente, em outro lugar... até lá, adeus, Axl."
"SECRET2-25_AXL","Até mais, Serenade. Da próxima vez, não vou pegar tão leve com você!"
"SECRET2-26_AXL","SECRET2-26_AXL"
"SECRET3-1_AXL","Finalmente, eu consegui. Esses dados contêm informações sobre todos os criminosos procurados no momento..."
"SECRET3-2_AXL","R.... Red? Mas... como?"
"SECRET3-3_AXL","Axl, já faz um tempo, não é mesmo? Como está seu progresso sozinho?"
"SECRET3-4_AXL","Red, espere! Você não deveria estar aqui. Esta área é apenas para Caçadores de Alto Nível!"
"SECRET3-5_AXL","Você não é o mesmo, Red. Você ainda está seguindo os caminhos \""dele\""?"
"SECRET3-6_AXL","Você transformou a Red Alert em algo distorcido por causa disso!"
"SECRET3-7_AXL","Sei como isso parece, mas fique calmo. Com esses dados, podemos caçar Mavericks com mais eficiência do que os Hunters jamais poderiam."
"SECRET3-8_AXL","A Red Alert pode retornar a ter sua justiça como antes, Axl."
"SECRET3-9_AXL","Isso não é justiça... É poder! E eu não vou deixar você abusar disso!"
"SECRET3-10_AXL","Heh, eu nunca pensei que teria que ouvir esse tipo de coisa vindo de você. Bem, vamos ver se você melhorou. Sem se segurar!"
"SECRET3-11_AXL","Nada mal... Garoto, você cresceu como um Caçador."
"SECRET3-12_AXL","Você não precisa fazer isso, Red. Não é tarde demais para recomeçar, você ainda pode ser você se juntar a nós."
"SECRET3-13_AXL","Talvez... talvez não, não se preocupe comigo. Eu ainda seguirei meu próprio caminho."
"SECRET3-14_AXL","Mas por enquanto, terei cuidado ao confiar em alguém."
"SECRET3-15_AXL","Da próxima vez Axl, não será tão fácil quando nos encontrarmos novamente. Adeus... e cuide-se, garoto."
"SECRET3-16_AXL","Red...."
"INTRO1-1_ZERO","Então este é o Parque de Noé? Não é tão ruim quanto pensava que seria."
"INTRO1-2_ZERO","Zero, na escuta? Há um enorme Maverick Mecanilóide nesta área."
"INTRO1-3_ZERO","E está próximo ao local do acidente ao Elevador Orbital. Entendido!"
"INTRO1-4_ZERO","Vou limpar os Mavericks dessa área."
"INTRO1-5_ZERO","Envie os Mecanilóides de resgate assim que eu chegar ao local do acidente."
"INTRO1-6_ZERO","Entendido, tome cuidado, Zero."
"INTRO2-1_ZERO","O... O quê? Qual é o significado disso, Sigma?!"
"INTRO2-2_ZERO","Para nos proteger de danos durante o acidente..."
"INTRO2-3_ZERO","Tivemos que copiar um corpo resistente como o de Sigma."
"INTRO2-4_ZERO","Nós Reploids da Nova Geração somos completamente imunes a qualquer tipo de vírus."
"INTRO2-5_ZERO","Então copiar algo tão perigoso quanto Sigma não traz risco algum."
"INTRO2-6_ZERO","Quem é você? Identifique-se agora."
"INTRO2-7_ZERO","Me chamo Lumine..."
"INTRO2-8_ZERO","Sou responsável pelo elevador e pelo Projeto Jakob."
"INTRO2-9_ZERO","Hmmm... Entendo. Não se mexa, vou chamar a equipe de resgate para levá-lo em-"
"INTRO3-1_ZERO","Ha ha ha! Que bom ver você de novo, Zero."
"INTRO3-2_ZERO","Vile? Então eles não estavam mentindo quando relataram sua presença novamente."
"INTRO3-3_ZERO","Eu adoraria ficar e brincar com você, mas infelizmente tenho muito trabalho para fazer agora..."
"INTRO3-4_ZERO","Não vou deixar um Criminoso Procurado como você levar Lumine embora. Deixe-o ir agora!"
"INTRO3-5_ZERO","Sem chance. O Elevador Orbital está sob nosso controle agora..."
"INTRO3-6_ZERO","O que você planeja fazer, Maverick maldito?!"
"INTRO3-7_ZERO","Tudo começa agora, Zero... Um novo mundo está prestes a surgir!"
"INTRO3-8_ZERO","Ha ha ha ha ha ha ha ha ha ha!"
"ANTONION1_ZERO","Gravity Antonion. Você costumava ser um cientista incrível, mas parece que agora você se tornou um Maverick."
"ANTONION2_ZERO","Incrível Cientista? Maverick? O que essas palavras significam afinal?"
"ANTONION3_ZERO","Você teria que perguntar a alguém mais esperto que eu. Foi Sigma que fez você ficar assim?"
"ANTONION4_ZERO","Ele forçou você e os outros a virarem Mavericks?"
"ANTONION5_ZERO","Você realmente acha que pode resumir meu mestre com essa palavra incompetente?"
"ANTONION6_ZERO","Nossa honestidade só se compara à sua suprema tolice."
"ANTONION7_ZERO","Bem, de qualquer forma, se você não consegue entender nosso grande plano, então eu terei que destruí-lo!"
"MANOWAR1_ZERO","Ei! Gigabolt Man-O-War!"
"MANOWAR2_ZERO","Retorne a energia da Cidade de Abel ao normal. Agora!"
"MANOWAR3_ZERO","... ... ..."
"MANOWAR4_ZERO","Ele está tão perdido que nem consegue me responder..."
"MANOWAR5_ZERO","Eu não sou um Maverick... Eu não estou fazendo nada de errado..."
"MANOWAR6_ZERO","Meu mestre precisa de energia para tornar seu novo mundo uma realidade."
"MANOWAR7_ZERO","Deixando a energia da Cidade de Abel fora de controle? Como isso se encaixa no plano maligno do Sigma?"
"MANOWAR8_ZERO","Estou apenas trabalhando duro para realizar o sonho do meu mestre de um novo mundo. Ele não está errado de certa forma."
"MANOWAR9_ZERO","Um novo mundo?! Bem, esse plano não vai mais continuar a partir de agora!"
"MANOWAR10_ZERO","Parece que vou ter que te ensinar uma lição!"
"MANTIS1_ZERO","Opa. Saca só quem apareceu. Você é o Zero, não é?"
"MANTIS2_ZERO","Se você realmente sabe quem eu sou, você estaria tremendo e metendo o pé logo daqui, Maverick."
"MANTIS3_ZERO","Vocês Reploids de modelos antigos realmente não entendem nada, não é?"
"MANTIS4_ZERO","O que você quer dizer com isso?"
"MANTIS5_ZERO","Você poderia ter sido um grande general em nossas fileiras. Meu mestre demonstrou bastante interesse em você, sabia?"
"MANTIS6_ZERO","Hmph! Não estou interessado em me juntar ao Mavericks, muito obrigado."
"MANTIS7_ZERO","E não se preocupe... Irei atrás do seu chefe assim que eu acabar com a sua raça."
"PANDA1_ZERO","Então dizes tu que nunca pensastes estas coisas por ti mesmo, Zero?"
"PANDA2_ZERO","Que o mundo deseja a sua própria destruição e nada mais?"
"PANDA3_ZERO","É isso que o Sigma te disse?"
"PANDA4_ZERO","Talvez. Talvez meu mestre também tenha visto um pouco de si mesmo dentro de você..."
"PANDA5_ZERO","Mas que saco..."
"PANDA6_ZERO","Esse mundo perfeito sobre o qual vocês Mavericks continuam tagarelando por aí nem sequer existe."
"PANDA7_ZERO","Não, não mesmo."
"PANDA8_ZERO","É por isso que devemos destruir este."
"PANDA9_ZERO","O que vai acabar no fim de tudo Zero, é esse mundo."
"ROOSTER1_ZERO","Por que você começou uma revolta? Isso é obra do Sigma por acaso?"
"ROOSTER2_ZERO","Você sabe que lugar é esse?"
"ROOSTER3_ZERO","O centro de descarte de lixo..."
"ROOSTER4_ZERO","Depois que eu te cortar em pedacinhos, é aqui que jogarei o que sobrar de você."
"ROOSTER5_ZERO","Você não consegue ouvi-los, Zero?"
"ROOSTER6_ZERO","Os gritos de todos os Reploids que foram jogados aqui porque você decidiu que eles eram Mavericks?"
"ROOSTER7_ZERO","Gritos? Mas que saco! Se você consegue ouvir tudo isso, acho que isso significa que você também é um Maverick, não é mesmo?"
"ROOSTER8_ZERO","Hah! Em breve você perceberá quem está certo e quem está errado nesta luta."
"ROOSTER9_ZERO","Você não irá me subestimar nunca mais quando o novo mundo se tornar realidade!!!"
"SUNFLOWER1_ZERO","Zero... Certamente você já deve ter percebido."
"SUNFLOWER2_ZERO","Você deve ter uma ideia do que estamos procurando aqui."
"SUNFLOWER3_ZERO","O que eu saberia sobre como vocês Mavericks pensam afinal?"
"SUNFLOWER4_ZERO","Não! Não! Não! Podemos não ser os mocinhos, mas com certeza nós não somos monstros."
"SUNFLOWER5_ZERO","Meu mestre se lembra bem de você. Você tinha a chance de se tornar o destruidor supremo. Isso virou história antiga agora."
"SUNFLOWER6_ZERO","Ah, cara... Ele já perdeu o consenso."
"TRILOBYTE1_ZERO","Os minerais que extraímos aqui são essenciais para o desenvolvimento do espaço."
"TRILOBYTE2_ZERO","Mas suponho que isso não signifique muita coisa para você, não é Zero?"
"TRILOBYTE3_ZERO","E você está minerando para o Sigma? Você ficou louco por acaso?"
"TRILOBYTE4_ZERO","Você já pensou do por que meu mestre querer tais recursos como estes?"
"TRILOBYTE5_ZERO","Não preciso saber dos seus planos para entender que eles não prestam, e não vou deixar você escapar impune com isso!"
"TRILOBYTE6_ZERO","Hmph! Não serei insultado por um monte de sucata quebrada como você!"
"TRILOBYTE7_ZERO","Mais cedo ou mais tarde você terá que obedecer ao meu mestre, sua pilha de sucata inútil!"
"YETI1_ZERO","Zero. Meu mestre vê algo dentro de você em seu novo mundo ideal."
"YETI2_ZERO","O que vocês Mavericks veem em mim afinal? Além de uma possível surra é claro."
"YETI3_ZERO","Você realmente é um modelo antigo, não é? Você não pode mudar o mundo com este pensamento."
"YETI4_ZERO","Mudar o mundo? Com destruição? Deixe que um Maverick invente coisas assim!"
"YETI5_ZERO","Seu mundo... Seus ideais, eles são incompreensíveis para meu mestre."
"VILE1-1_ZERO","Vile!"
"VILE1-2_ZERO","O que planeja fazer com o Lumine e o Elevador Orbital?"
"VILE1-3_ZERO","Lumine? Ha ha ha... Não se preocupe. Estamos cuidando muito bem dele."
"VILE1-4_ZERO","O Elevador Orbital é importante demais para machucarmos quem o opera."
"VILE1-5_ZERO","Esse recurso é um pouco complicado para Mavericks como você, Vile."
"VILE1-6_ZERO","Ha ha ha... Como senti sua falta, Zero."
"VILE1-7_ZERO","O que você acha de nos divertirmos um pouco e aproveitarmos ao máximo esse reencontro."
"VILE2-1_ZERO","Vile!"
"VILE2-2_ZERO","É hora de se render e libertar Lumine. Desta vez, não aceitarei Não como resposta."
"VILE2-3_ZERO","Lumine? Você é tão estúpido a ponto de pensar que está em posição de fazer exigências?"
"VILE2-4_ZERO","Olhe ao seu redor, idiota! Seu mundo já começou a desmoronar!"
"VILE2-5_ZERO","O mundo que você conhecia? Mavericks? Pode dar adeus a tudo isso!"
"VILE2-6_ZERO","Caos, ruína e desespero! Foi para isso que fomos construídos!"
"VILE3-1_ZERO","Você nunca se cansa dessa coisa toda de \""Justiça\""? "
"VILE3-2_ZERO","E você não se cansa de ser um pau mandado do Sigma?"
"VILE3-3_ZERO","O Elevador Orbital... A energia... Os minerais... Os mísseis..."
"VILE3-4_ZERO","A rota para o Espaço..."
"VILE3-5_ZERO","O que permitiu que este mundo sobrevivesse por tanto tempo é nosso!"
"VILE3-6_ZERO","Como você pode levar este mundo tão a sério quando tudo está prestes a acabar?"
"VILE3-7_ZERO","Hmph! Acho que vou cuidar de você antes de ir atrás do seu chefe!"
"VILE4-1_ZERO","Ainda se recusando a desistir de seus conflitos, não é?"
"VILE4-2_ZERO","Está tão cego que conseguiu se convencer que ainda existe esperança?"
"VILE4-3_ZERO","Conflitos?"
"VILE4-4_ZERO","Eu só estou cansado de encontrar você e Sigma toda vez que desvio dos meus focos."
"VILE4-5_ZERO","Ha ha ha... Seria um desperdício destruir você agora..."
"VILE4-6_ZERO","Vou me divertir e só acabar com você no último segundo!"
"COPYSIGMA1_ZERO","Sigma!?"
"COPYSIGMA2_ZERO","Não posso dizer que estava ansioso em ver você novamente."
"COPYSIGMA3_ZERO","Zero, mas que pena... Você tinha as capacidades e o potencial necessário para se tornar como eu."
"COPYSIGMA4_ZERO","Você... Você tentou usar o meu DNA..."
"COPYSIGMA5_ZERO","Eu vou te ensinar o que acontece quando você mexe comigo!"
"COPYSIGMA6_ZERO","Receio que não. A lua está sob meu controle e o plano está entrando em sua fase final."
"COPYSIGMA7_ZERO","O momento do desmoronamento do mundo está chegando aqui e agora!!!"
"SIGMA1_ZERO","Ah, Zero... Quem poderia imaginar que nossos caminhos iriam se cruzar perante o fim do mundo."
"SIGMA2_ZERO","No momento em que o seu vírus entrou no meu sistema, a semente foi plantada."
"SIGMA3_ZERO","Foi aí que tudo começou... A destruição do mundo!"
"SIGMA4_ZERO","Já cansei de ficar ouvindo as suas asneiras, Sigma!"
"SIGMA5_ZERO","Não fique tão irritado, Zero. Na verdade, estou em dívida com você."
"SIGMA6_ZERO","É por sua causa que meus filhos foram capazes de criar este magnífico novo mundo no espaço."
"SIGMA7_ZERO","Filhos?"
"SIGMA8_ZERO","Isso mesmo. Todos os Reploids da Nova Geração nascidos do Projeto Jakob possuem chips de cópia contendo meus dados pessoais."
"SIGMA9_ZERO","Agora, o plano para destruir o mundo que você tanto ama está finalmente se concretizando!"
"SIGMA10_ZERO","Não sinto nenhuma empatia por você e por sua espécie inferior!"
"SIGMA11_ZERO","O fim do mundo, e de você já chegou! Hora de dizer adeus!"
"SIGMA12_ZERO","Sigma... Enquanto eu ainda estiver em funcionamento, você nunca terá o seu final feliz!!!"
"FINALLUMINE1_ZERO","Você é o Lumine! O diretor do Projeto Jakob. Você está bem?"
"FINALLUMINE2_ZERO","Se eu estou bem...? Mas é claro."
"FINALLUMINE3_ZERO","Agora que você derrotou o Sigma, suponho que esteja satisfeito."
"FINALLUMINE4_ZERO","Graças a você, o plano pode continuar como deveria."
"FINALLUMINE5_ZERO","Plano? O que você quer dizer com isso? Você não foi usado pelo Sigma?"
"FINALLUMINE6_ZERO","Usado? Creio que não."
"FINALLUMINE7_ZERO","Não percebe? Ele apenas ajudou meu plano."
"FINALLUMINE8_ZERO","A Nova Geração de Reploids foi despertada e o novo mundo está próximo de emergir!"
"FINALLUMINE9_ZERO","Lumine? O que você está dizendo? Você também se tornou um Maverick?"
"FINALLUMINE10_ZERO","Maverick? Você realmente não acha que seja esse o caso, não é?"
"FINALLUMINE11_ZERO","É por isso que você não pode acabar comigo, certo? Você não tem isso em você... Você não é quem você é de verdade."
"FINALLUMINE12_ZERO",".........?"
"FINALLUMINE13_ZERO","Modelos antigos como vocês precisam se preocupar se suas ações são realmente suas."
"FINALLUMINE14_ZERO","Quem sabe o que pode estar influenciando você neste exato momento? Um Fantasma talvez?"
"FINALLUMINE15_ZERO","No entanto, nós Reploids da Nova Geração, fomos construídos usando dados derivados de centenas de modelos antigos de Reploids."
"FINALLUMINE16_ZERO","É isso que nos garante imunidade total a todos os vírus. Podemos agir como quisermos, pois isso garante o nosso livre arbítrio!"
"FINALLUMINE17_ZERO","Isso significa, é claro, que Sigma também foi incluído entre eles. Você entende o que quero dizer aqui?"
"FINALLUMINE18_ZERO","Nenhum Reploid escolheria ser insano como o Sigma foi!"
"FINALLUMINE19_ZERO","Sim, é verdade que ele se rebelou contra o seu mundo. Talvez devido a um vírus."
"FINALLUMINE20_ZERO","Talvez o Sigma estava certo, você é a origem de tudo isso, Zero."
"FINALLUMINE21_ZERO","Graças a você, nós Reploids da Nova Geração podemos ser o que somos agora."
"FINALLUMINE22_ZERO","Você deveria nos agradecer por deixar todos nós sabermos como este mundo está podre."
"FINALLUMINE23_ZERO","Humanos usando Reploids para perpetuar seu maldito ciclo de agressão..."
"FINALLUMINE24_ZERO","É por isso que a nossa decisão de travar uma batalha contra o velho mundo foi tomada conscientemente."
"FINALLUMINE25_ZERO","Em outras palavras, possuímos o poder de nos tornarmos Mavericks à vontade!"
"FINALLUMINE26_ZERO","......"
"FINALLUMINE27_ZERO","Zero... Você realmente tem o que é preciso para nos impedir?"
"FINALLUMINE28_ZERO","Você é apenas uma ferramenta dos humanos, uma ferramenta do velho mundo. Nada mais do que isso."
"FINALLUMINE29_ZERO","Você acha que pode empunhar o seu Sabre contra aqueles que evoluíram até aqui?"
"FINALLUMINE30_ZERO","Ha ha ha ha ha ha ha! Você nem sabe pelo o que está lutando!"
"FINALLUMINE31_ZERO","Agindo como um \""Herói\"" que parece não saber que o fim do seu mundo já começou!"
"FINALLUMINE32_ZERO","Você acha que suas ações são realmente pela sua tal \""Justiça\""? Nós que somos a verdadeira justiça!"
"FINALLUMINE33_ZERO","O mundo está mudando. Portanto, é natural que a evolução siga o seu curso!"
"FINALLUMINE34_ZERO","Agora, venha até mim para ser exterminado. Assim poderei acabar com o seu sofrimento, pra sempre!"
"FINALLUMINE35_ZERO","Justiça? Herói? E quem disse que lutei por esses propósitos?"
"FINALLUMINE36_ZERO","Só lutei pelo o que achei certo, e por aqueles que acreditam que ainda existe esperança."
"FINALLUMINE37_ZERO","Você é o inimigo aqui... E eu não vou hesitar em cortar você ao meio!"
"FINALLUMINE38_ZERO","Inimigo... Aliado... Esse assunto não é tão preto no branco."
"FINALLUMINE39_ZERO","Os Reploids, junto com a humanidade, mudaram irrevogavelmente."
"FINALLUMINE40_ZERO","A natureza de sua existência também mudou. Você não é necessário em nosso novo mundo!"
"FINALLUMINE41_ZERO","Fale quantas asneiras você quiser, mas não vou deixar você escapar impune!!!"
"SECRET2-1_ZERO","Bem-vindo Zero, é um prazer conhecê-lo pela primeira vez."
"SECRET2-2_ZERO","Hein? Ah, obrigado. Você não parece um Maverick assim como os outros."
"SECRET2-3_ZERO","Posso sentir algo... Tranquilo em sua presença, quem é você?"
"SECRET2-4_ZERO","Muito perspicaz da sua parte notar meus traços."
"SECRET2-5_ZERO","Eu me chamo Serenade."
"SECRET2-6_ZERO","Você mencionou que sou diferente dos outros que você enfrentou antes?"
"SECRET2-7_ZERO","Isso se dá devido ao meu incrível poder."
"SECRET2-8_ZERO","Incrivel?"
"SECRET2-9_ZERO","Correto. Minha força não é sobre agressão, venho treinando desde que perdi o título de UnderKing para me tornar mais forte."
"SECRET2-10_ZERO","Agora que você mencionou minha presença, sinto que você é de alguma forma... Familiar."
"SECRET2-11_ZERO","Hmm?"
"SECRET2-12_ZERO","Será que... Você é aquele destinado a nos trazer destruição?"
"SECRET2-13_ZERO","O quê? O que você sabe sobre mim? Diga-me agora mesmo!"
"SECRET2-14_ZERO","Por que você não luta comigo e descobre?"
"SECRET2-15_ZERO","Por vinte anos, acumulei poder e refinei minhas habilidades. Eu escolho você para poder testá-los."
"SECRET2-16_ZERO","Serenade, não é?"
"SECRET2-17_ZERO","Muito bem então, eu aceito seu duelo. Pode vir!"
"SECRET2-18_ZERO","Que assim seja, vamos Zero! Mostre-me sua força também, dê tudo de si!"
"SECRET2-19_ZERO","Eu realmente acreditei que meu poder seria suficiente para derrotar você. Parece que eu estava enganado."
"SECRET2-20_ZERO","Agora que observei melhor seu jeito de lutar, você não parece ser como \""ele\""."
"SECRET2-21_ZERO","Vocês compartilham fortes semelhanças, mas você parece saber pelo o que está lutando."
"SECRET2-22_ZERO","Você está dizendo que existe uma contraparte minha que é o meu oposto?"
"SECRET2-23_ZERO","Sim, mas temo que ele será derrotado por \""outro guerreiro\"" assim como eu."
"SECRET2-24_ZERO","Você lutou bravamente, Zero. Você realmente foi o oponente mais forte que encontrei neste mundo."
"SECRET2-25_ZERO","Eu gostaria de ter algo mais para oferecer como recompensa... Mas tudo que posso oferecer é minha gratidão."
"SECRET2-26_ZERO","Heh, não precisa se preocupar. Só o fato de você não ser um Maverick já me faz recompensado."
"SECRET2-27_ZERO","Talvez nos encontraremos de novo, em algum outro lugar... Até lá, adeus, Zero."
"SECRET2-28_ZERO","E lembre-se, pense no que você realmente está lutando."
"SECRET2-29_ZERO","..."
"SECRET3-1_ZERO","V... Você!"
"SECRET3-2_ZERO","Ah, então é você, você estava lutando ao lado de Axl contra nós, não estava?"
"SECRET3-3_ZERO","Não se mexa! Esta área é restrita aos Caçadores de Classe S, entregue-me esses dados agora mesmo!"
"SECRET3-4_ZERO","Você ainda não entendeu? Com isso, podemos caçar Mavericks de forma mais eficaz do que os Caçadores jamais poderiam."
"SECRET3-5_ZERO","Afinal, vocês lutaram por tanto tempo. Poderíamos ser uma grande ajuda para vocês, mas por um preço, é claro."
"SECRET3-6_ZERO","Você acha que enfrentar os Mavericks é apenas um jogo? O que faria um Caçador de Recompensas como você pensar assim?"
"SECRET3-7_ZERO","Hmph, você realmente é um Caçador classe S, não é mesmo?"
"SECRET3-8_ZERO","Por que você não me enfrenta então? Quero ver se você continua o mesmo impiedoso de sempre."
"SECRET3-9_ZERO","Vamos começar?"
"SECRET3-10_ZERO","Tch, nada mal.... Para um velhote..."
"SECRET3-11_ZERO","Se você se atrever a nos atrapalhar mais uma vez, não hesitarei em cortá-lo em pedaços novamente."
"SECRET3-12_ZERO","E Axl ficaria desapontado se soubesse que seu mentor não aprendeu com seus erros."
"SECRET3-13_ZERO","Ha ha ha... Talvez você esteja certo afinal."
"SECRET3-14_ZERO","Da próxima vez que nos encontrarmos, não será tão fácil. Adeus Zero.... E por favor, continue apoiando meu garoto."
"SECRET3-15_ZERO","..."
"FINAL-6","Entendido!"
"VILE4-6_AXL","Vou me divertir e só acabar com você no último segundo!"
"SUNFLOWER_ZERO_WEAPON","Tenshouha\n(Onda do Brilho Celestial)"
"ANTONION_ZERO_WEAPON","Juuhazan\n(Onda do Corte Pesado)"
"MANTIS_ZERO_WEAPON","Rasetsusen\n(Redemoinho do Giro Espiral)"
"MANOWAR_ZERO_WEAPON","Raikousen\n(Relâmpago Intenso)"
"PANDA_ZERO_WEAPON","Youdantotsu\n(Investida da Folha Cortante)"
"TRILOBYTE_ZERO_WEAPON","Rekkyoudan\n(Corte do Espelho Violento)"
"YETI_ZERO_WEAPON","Hyouryushou\n(Dragão do Gelo Ascendente)"
"ROOSTER_ZERO_WEAPON","Enkoujin\n(Queda da Lâmina Ardente)"
"ZERONORMAL_NAME","Corpo Normal"
"ZERONORMAL_DISC","Sem Habilidades Especiais."
"ZEROBLACK_NAME","???"
"ZEROBLACK_DISC","Aprimoramentos extras."
"NEXT_CHARACTER_NAME","PRÓX. PERSONAGEM"
"NEXT_CHARACTER_DISC","Mudar para o próximo personagem"
"PREV_CHARACTER_NAME","PERSONAGEM ANT."
"PREV_CHARACTER_DISC","Mudar para o personagem anterior"
"ZEROBODY_NAME","Peitoral"
"ZEROBODY_DESC","15% de redução de dano"
"X_LEFT_TITLE_1","Capacete:"
"X_LEFT_DESC_1","Sistema de cópia de DNA para o X Buster."
"X_LEFT_TITLE_2","Braços:"
"X_LEFT_DESC_2","X-Buster MK17, dispara energia solar carregável."
"X_LEFT_TITLE_3","Corpo:"
"X_LEFT_DESC_3","Liga de Titânio X, altamente resistente a danos."
"X_LEFT_TITLE_4","Pernas:"
"X_LEFT_DESC_4","Sistema de Dash Aéreo para movimentação aérea."
"X_RIGHT_DESC","Magnum Opus do Dr. Thomas Light. Origem de todos os tipos de Reploid.\n\nUm caçador versátil que pode atacar a longa distância.\n\n\nUma boa escolha para jogadores iniciantes."
"ZERO_LEFT_TITLE_1","Capacete:"
"ZERO_LEFT_DESC_1","Aprende novas técnicas lutando."
"ZERO_LEFT_TITLE_2","Z-Sabre:"
"ZERO_LEFT_DESC_2","Uma espada afiada para combos de múltiplos golpes."
"ZERO_LEFT_TITLE_3","Corpo:"
"ZERO_LEFT_DESC_3","Melhora a mobilidade e aumenta a energia para movimentos poderosos."
"ZERO_LEFT_TITLE_4","Pulo Duplo:"
"ZERO_LEFT_DESC_4","Segundo salto no ar com propulsores"
"ZERO_RIGHT_DESC","Lidera os Caçadores na ausência de X. Está relacionado ao Vírus Sigma.\n\nEste poderoso Caçador é um lutador habilidoso em combate corpo a corpo.\n\nUma boa escolha para jogadores experientes."
"AXL_LEFT_TITLE_1","Chip de Cópia:"
"AXL_LEFT_DESC_1","Permite que Axl copie habilidades de seus inimigos."
"AXL_LEFT_TITLE_2","Pistola do Axl:"
"AXL_LEFT_DESC_2","Dispara balas rápidas e poderosas."
"AXL_LEFT_TITLE_3","Corpo leve:"
"AXL_LEFT_DESC_3","Aumenta a mobilidade e permite a capacidade de esquiva."
"AXL_LEFT_TITLE_4","Pairada:"
"AXL_LEFT_DESC_4","Permite pairar no ar por um período de tempo. (Segure o botão de Tiro + Pulo ao mesmo tempo e poderá pairar enquanto está atirando)"
"AXL_RIGHT_DESC","Um Reploid protótipo da Nova Geração equipado com um chip de cópia, sua origem ainda permanece desconhecida.\n\nUm Caçador ágil capaz de desviar de ataques inimigos.\n\nUma boa escolha para jogadores adaptáveis."
"GAME_START_X","INICIAR COM O X"
"GAME_START_AXL","INICIAR COM O AXL"
"GAME_START_ZERO","INICIAR COM O ZERO"
"SUBTANK_NAME","Subtanque"
"SUBTANK_DISC","Tanques de reserva para emergência"
"HEARTS_NAME","Coração"
"HEARTS_DISC","Aumenta seus pontos de vida"
"BLACKZEROHEAD_NAME","Capacete"
"BLACKZEROHEAD_DISC","Ataques curam danos sofridos"
"BLACKZEROBODY_NAME","Peitoral"
"BLACKZEROBODY_DISC","Não é empurrado ao tomar dano, reduz dano em 15%"
"BLACKZEROARM_NAME","Braços"
"BLACKZEROARM_DISC","Aumenta 20% do dano, melhora habilidades"
"BLACKZEROLEG_NAME","Pernas"
"BLACKZEROLEG_DISC","Aumento de velocidade, salto extra no ar"
"AXLWHITEHEAD_NAME","Capacete"
"AXLWHITEHEAD_DISC","As balas curam os danos sofridos"
"AXLWHITEBODY_NAME","Peitoral"
"AXLWHITEBODY_DISC","Não é empurrado ao tomar dano, reduz dano em 30%"
"AXLWHITEARM_NAME","Braços"
"AXLWHITEARM_DISC","Custo de munição reduzido em 50%"
"AXLWHITELEG_NAME","Pernas"
"AXLWHITELEG_DISC","Pairada infinita, + Velocidade, Dash vertical"
"ULTIMATE_SET_NAME","Nova Strike"
"ULTIMATE_SET_DISC","Avançe com uma investida poderosa"
"ICARUS_SET_NAME","Giga crash"
"ICARUS_SET_DISC","Atinge todos os inimigos na tela."
"HERMES_SET_NAME","X Drive"
"HERMES_SET_DISC","Invencível por um curto período de tempo."
"CANCEL_ACT","Cancelar"
"BETAZERO_NAME","Zero (Beta)"
"BETAZERO_DISC","Jogue como Zero Alpha (o jogo pode travar)"
"CUSTOMZERO_NAME","Zero personalizado"
"CUSTOMZERO_DISC","Personalize as cores na sua pasta de salvamento, mais poderoso que o Zero Preto"
"ZEROHEAD_NAME","Capacete"
"ZEROHEAD_DESC","Aprende técnicas especiais"
"ZEROARMS_NAME","Braços"
"ZEROARMS_DISC","Z-Sabre e outras armas"
"ZEROLEGS_NAME","Pernas"
"ZEROLEGS_DISC","Permite um pulo duplo e Dash aéreo"
"AXLHEAD_NAME","Capacete"
"AXLHEAD_DISC","Pode virar outros Reploids."
"AXLBODY_NAME","Peitoral"
"AXLBODY_DISC","Permite uma cambalhota rápida"
"AXLARMS_NAME","Braços"
"AXLARMS_DISC","Uma pistola que dispara balas de energia"
"AXLLEGS_NAME","Pernas"
"AXLLEGS_DISC","Permite pairar no ar e Dash aéreo"
"JOKE_MODE_OPTION","Modo Piada"
